"http://en.wikipedia.org/wiki/British_literature", 80.11453119679676
"http://en.wikipedia.org/wiki/William_Fitzwilliam,_4th_Earl_Fitzwilliam", 77.01449273799408
"http://en.wikipedia.org/wiki/Henry_John_Temple,_3rd_Viscount_Palmerston", 77.01449273799408
"http://en.wikipedia.org/wiki/Muhammad_Ali_Jinnah", 71.6166169829337
"http://en.wikipedia.org/wiki/Conscience", 71.21540028548846
"http://en.wikipedia.org/wiki/Ancient_history", 68.34096213850952
"http://en.wikipedia.org/wiki/Kurdish_people", 67.49721420548727
"http://en.wikipedia.org/wiki/Edmond_Malone", 67.28462402638876
"http://en.wikipedia.org/wiki/Roman_infantry_tactics", 67.28462402638876
"http://en.wikipedia.org/wiki/History_of_Doctor_Who", 67.07136002231915
"http://en.wikipedia.org/wiki/Nuclear_weapons_and_the_United_Kingdom", 66.642784643093
"http://en.wikipedia.org/wiki/List_of_unmade_Doctor_Who_serials_and_films", 65.99470326926892
"http://en.wikipedia.org/wiki/George_Hamilton-Gordon,_4th_Earl_of_Aberdeen", 65.99470326926892
"http://en.wikipedia.org/wiki/John_Russell,_1st_Earl_Russell", 65.77725719783331
"http://en.wikipedia.org/wiki/William_Tredenham", 65.60333427772122
"http://en.wikipedia.org/wiki/Charles_Napier_(Royal_Navy_officer)", 65.3401941702964
"http://en.wikipedia.org/wiki/Agatha_Christie", 65.3401941702964
"http://en.wikipedia.org/wiki/Anthony_Ashley-Cooper,_3rd_Earl_of_Shaftesbury", 65.12056264409188
"http://en.wikipedia.org/wiki/History_of_Adelaide", 64.90018785761836
"http://en.wikipedia.org/wiki/Drapier%27s_Letters", 64.67906221355729
"http://en.wikipedia.org/wiki/Thomas_Hobbes", 64.67906221355729
"http://en.wikipedia.org/wiki/Hudson%27s_Bay_Company", 64.4571779842732
"http://en.wikipedia.org/wiki/Sir_William_Molesworth,_8th_Baronet", 64.2345273086627
"http://en.wikipedia.org/wiki/Royal_Flying_Corps", 63.56189592185333
"http://en.wikipedia.org/wiki/Sir_William_Morice,_3rd_Baronet", 62.828086243754335
"http://en.wikipedia.org/wiki/Boarding_school", 62.65382217123514
"http://en.wikipedia.org/wiki/Hogwarts", 62.65382217123514
"http://en.wikipedia.org/wiki/History_of_South_Australia", 62.65382217123514
"http://en.wikipedia.org/wiki/New_Zealand_Company", 62.42473978748983
"http://en.wikipedia.org/wiki/Sir_William_Salusbury-Trelawny,_8th_Baronet", 62.41877839323593
"http://en.wikipedia.org/wiki/Cookstown", 61.964034304408685
"http://en.wikipedia.org/wiki/Battle_of_Ramillies", 61.964034304408685
"http://en.wikipedia.org/wiki/Sir_William_Molesworth,_6th_Baronet", 61.93235372853324
"http://en.wikipedia.org/wiki/Michael_Heseltine", 61.26648073695043
"http://en.wikipedia.org/wiki/Greater_Iran", 60.56089312835715
"http://en.wikipedia.org/wiki/Stokes_Valley", 60.56089312835715
"http://en.wikipedia.org/wiki/Wellington", 60.56089312835715
"http://en.wikipedia.org/wiki/William_Lobb", 60.56089312835715
"http://en.wikipedia.org/wiki/Newquay", 60.32386328291117
"http://en.wikipedia.org/wiki/Third_Anglo-Afghan_War", 60.32386328291117
"http://en.wikipedia.org/wiki/Willie_Rushton", 60.32386328291117
"http://en.wikipedia.org/wiki/Campaign_for_Nuclear_Disarmament", 59.846987318640174
"http://en.wikipedia.org/wiki/James_Mill", 59.60711866873402
"http://en.wikipedia.org/wiki/Westminster_(UK_Parliament_constituency)", 59.60711866873402
"http://en.wikipedia.org/wiki/William_Molesworth", 59.40885257860046
"http://en.wikipedia.org/wiki/9th_Queen%27s_Royal_Lancers", 59.36628084072303
"http://en.wikipedia.org/wiki/Bundjalung_Nation_Timeline", 59.36628084072303
"http://en.wikipedia.org/wiki/Alexander_Williams_RHA", 58.88165003294081
"http://en.wikipedia.org/wiki/Zand_tribe", 58.77538136452587
"http://en.wikipedia.org/wiki/East_Retford_(UK_Parliament_constituency)", 58.637832629393614
"http://en.wikipedia.org/wiki/Lissan_House", 58.637832629393614
"http://en.wikipedia.org/wiki/Francis_Lucy", 58.60327153276883
"http://en.wikipedia.org/wiki/Hender_Molesworth,_1st_Baronet", 58.489765186560184
"http://en.wikipedia.org/wiki/William_Wakefield", 58.392997185825635
"http://en.wikipedia.org/wiki/A%C5%9Bvakas", 58.392997185825635
"http://en.wikipedia.org/wiki/Charles_Grey,_2nd_Earl_Grey", 58.392997185825635
"http://en.wikipedia.org/wiki/Attock_Bridge", 58.00418934273981
"http://en.wikipedia.org/wiki/Edlington", 57.403213671606224
"http://en.wikipedia.org/wiki/St._Audoen%27s_Church,_Dublin", 57.153089546402825
"http://en.wikipedia.org/wiki/Henry_George_Ward", 57.153089546402825
"http://en.wikipedia.org/wiki/John_Mostyn_(British_Army_officer)", 57.008771254956905
"http://en.wikipedia.org/wiki/Saint_Paul%27s_Cathedral,_Wellington", 56.90186595859752
"http://en.wikipedia.org/wiki/Henry_Manaton", 56.879645899452115
"http://en.wikipedia.org/wiki/List_of_Freedom_of_the_City_recipients", 56.6495282808362
"http://en.wikipedia.org/wiki/Albert_Grey,_4th_Earl_Grey", 56.39606155851949
"http://en.wikipedia.org/wiki/Camperdown_Cemetery", 56.39606155851949
"http://en.wikipedia.org/wiki/William_Beckett_(MP)", 56.3092506371473
"http://en.wikipedia.org/wiki/Baron_Kindersley", 56.2543950463012
"http://en.wikipedia.org/wiki/List_of_early_Puffin_Story_Books", 55.88567946311864
"http://en.wikipedia.org/wiki/Augusta,_Lady_Gregory", 55.88567946311864
"http://en.wikipedia.org/wiki/Sir_John_Beckett,_2nd_Baronet", 55.80998206737443
"http://en.wikipedia.org/wiki/Leeds_(UK_Parliament_constituency)", 55.628732449387165
"http://en.wikipedia.org/wiki/European_exploration_of_Australia", 55.370593086913566
"http://en.wikipedia.org/wiki/Robert_Molesworth_(judge)", 55.24443910429403
"http://en.wikipedia.org/wiki/Blundell%27s_School", 55.11124462092669
"http://en.wikipedia.org/wiki/Millicent_Fawcett", 55.11124462092669
"http://en.wikipedia.org/wiki/Bodmin_(UK_Parliament_constituency)", 55.11124462092669
"http://en.wikipedia.org/wiki/Millbridge,_Plymouth", 54.98414147691576
"http://en.wikipedia.org/wiki/Roger_Hunt_(speaker)", 54.96892516515991
"http://en.wikipedia.org/wiki/Arniston_(East_Indiaman)", 54.850669900546166
"http://en.wikipedia.org/wiki/Humphrey_Walrond", 54.850669900546166
"http://en.wikipedia.org/wiki/Gracie_Fields", 54.850669900546166
"http://en.wikipedia.org/wiki/Francis_Wrigley_Hirst", 54.850669900546166
"http://en.wikipedia.org/wiki/William_Brill", 54.850669900546166
"http://en.wikipedia.org/wiki/Eden_George", 54.850669900546166
"http://en.wikipedia.org/wiki/James_Hamet_Dunn", 54.850669900546166
"http://en.wikipedia.org/wiki/George_Grote", 54.58885136554663
"http://en.wikipedia.org/wiki/List_of_field_marshals_of_the_British_Army", 54.325771032547735
"http://en.wikipedia.org/wiki/Edward_Cephas_John_Stevens", 54.325771032547735
"http://en.wikipedia.org/wiki/Antony_Bulwer-Lytton,_Viscount_Knebworth", 54.281014834180944
"http://en.wikipedia.org/wiki/Hareshwar", 54.23261445466404
"http://en.wikipedia.org/wiki/Mountain_Railways_of_India", 54.061410480599406
"http://en.wikipedia.org/wiki/Charitable_Corporation", 54.061410480599406
"http://en.wikipedia.org/wiki/HMS_Cleopatra_(1835)", 54.061410480599406
"http://en.wikipedia.org/wiki/HCF_Health_Insurance", 53.79575083612945
"http://en.wikipedia.org/wiki/Alfred_Ludlam", 53.79575083612945
"http://en.wikipedia.org/wiki/List_of_extant_baronetcies", 53.79575083612945
"http://en.wikipedia.org/wiki/Benjamin_Herschel_Babbage", 53.26045641716791
"http://en.wikipedia.org/wiki/St_Aubyn_baronets", 53.229064742237696
"http://en.wikipedia.org/wiki/George_Ponsonby_(Junior_Lord_of_the_Treasury)", 53.12796481290517
"http://en.wikipedia.org/wiki/Franco-Persian_alliance", 52.99078148731251
"http://en.wikipedia.org/wiki/Richard_Levett", 52.99078148731251
"http://en.wikipedia.org/wiki/1980_in_the_United_Kingdom", 52.99078148731251
"http://en.wikipedia.org/wiki/Dollar_Academy", 52.71972711905064
"http://en.wikipedia.org/wiki/Francis_Gregor", 52.56574830378469
"http://en.wikipedia.org/wiki/William_Lenox-Conyngham", 52.474976783280226
"http://en.wikipedia.org/wiki/Sri_Lanka_Railways", 52.44727192503176
"http://en.wikipedia.org/wiki/Sophie,_Countess_of_Wessex", 52.44727192503176
"http://en.wikipedia.org/wiki/Ambrose_Manaton_(died_1696)", 52.29125165837972
"http://en.wikipedia.org/wiki/Monash_University_Faculty_of_Law", 52.17339395946256
"http://en.wikipedia.org/wiki/Henry_Warburton", 51.898070697477216
"http://en.wikipedia.org/wiki/Robert_Nicoll", 51.75491695067655
"http://en.wikipedia.org/wiki/Gervase_Holles", 51.689029060244884
"http://en.wikipedia.org/wiki/Wadebridge", 51.62127901351732
"http://en.wikipedia.org/wiki/Cuckoo_clock_in_culture", 51.62127901351732
"http://en.wikipedia.org/wiki/List_of_Desert_Island_Discs_episodes_(2001%E2%80%932010)", 51.62127901351732
"http://en.wikipedia.org/wiki/Cambridgeshire", 51.62127901351732
"http://en.wikipedia.org/wiki/William_Aldam", 51.46850126549787
"http://en.wikipedia.org/wiki/Edward_Baines_(1774%E2%80%931848)", 51.34299515866273
"http://en.wikipedia.org/wiki/Invasion_of_the_Dinosaurs", 51.34299515866273
"http://en.wikipedia.org/wiki/Keith_Holyoake", 51.34299515866273
"http://en.wikipedia.org/wiki/Charles_Hotham", 51.34299515866273
"http://en.wikipedia.org/wiki/Afghan_(ethnonym)", 51.34299515866273
"http://en.wikipedia.org/wiki/Apsley_Pellatt", 51.29891760425771
"http://en.wikipedia.org/wiki/Guy_Molesworth_Kindersley", 51.298917604257696
"http://en.wikipedia.org/wiki/James_Butler,_1st_Marquess_of_Ormonde", 51.19267188936727
"http://en.wikipedia.org/wiki/Robert_Cecil,_1st_Viscount_Cecil_of_Chelwood", 51.06319473685058
"http://en.wikipedia.org/wiki/Cornwall_(UK_Parliament_constituency)", 51.06319473685058
"http://en.wikipedia.org/wiki/Lismore,_New_South_Wales", 51.06319473685058
"http://en.wikipedia.org/wiki/Roger_Hale_Sheaffe", 51.06319473685058
"http://en.wikipedia.org/wiki/Recusancy", 51.06319473685058
"http://en.wikipedia.org/wiki/Harriet_Grote", 51.06319473685058
"http://en.wikipedia.org/wiki/Edward_Richardson", 51.06319473685058
"http://en.wikipedia.org/wiki/Sir_Edmund_James_Palmer_Norton", 50.937163197361066
"http://en.wikipedia.org/wiki/Diu_Fort", 50.78185267991494
"http://en.wikipedia.org/wiki/Nasrullah_Khan_(Afghanistan)", 50.78185267991494
"http://en.wikipedia.org/wiki/Battle_of_Walaja", 50.78185267991494
"http://en.wikipedia.org/wiki/Springhill_House", 50.78185267991494
"http://en.wikipedia.org/wiki/The_Crusade_(Doctor_Who)", 50.78185267991494
"http://en.wikipedia.org/wiki/British_nobility", 50.78185267991494
"http://en.wikipedia.org/wiki/Frescheville_Holles", 50.529115263991145
"http://en.wikipedia.org/wiki/Institution_of_Civil_Engineers", 50.498943221374894
"http://en.wikipedia.org/wiki/Irish_House_of_Commons", 50.498943221374894
"http://en.wikipedia.org/wiki/Pencarrow", 50.47544651250687
"http://en.wikipedia.org/wiki/John_Staples", 50.395263067896956
"http://en.wikipedia.org/wiki/Chequers", 50.214439868893336
"http://en.wikipedia.org/wiki/Graeme_Gunn", 49.92831537532349
"http://en.wikipedia.org/wiki/1953_in_the_United_Kingdom", 49.92831537532349
"http://en.wikipedia.org/wiki/Charles_Hervey_Bagot", 49.92831537532349
"http://en.wikipedia.org/wiki/Flued_boiler", 49.92831537532349
"http://en.wikipedia.org/wiki/Leonard_Courtney,_1st_Baron_Courtney_of_Penwith", 49.92831537532349
"http://en.wikipedia.org/wiki/Karim_Khan", 49.92831537532349
"http://en.wikipedia.org/wiki/Lady_Mary_Grey", 49.64054170825319
"http://en.wikipedia.org/wiki/John_Allen,_1st_Viscount_Allen", 49.50737714883372
"http://en.wikipedia.org/wiki/List_of_Acts_of_the_Parliament_of_England,_1603%E2%80%931641", 49.35109001795082
"http://en.wikipedia.org/wiki/Bossiney_(UK_Parliament_constituency)", 49.35109001795082
"http://en.wikipedia.org/wiki/East_Cornwall_(UK_Parliament_constituency)", 49.18693768379648
"http://en.wikipedia.org/wiki/Baron_Congleton", 49.10972109351012
"http://en.wikipedia.org/wiki/Bradfield_College", 49.05993060360914
"http://en.wikipedia.org/wiki/Scientia_potentia_est", 49.05993060360914
"http://en.wikipedia.org/wiki/Robert_Molesworth,_1st_Viscount_Molesworth", 49.05993060360914
"http://en.wikipedia.org/wiki/Staples_baronets", 48.79500364742666
"http://en.wikipedia.org/wiki/Thomas_Alexander_Browne", 48.76703287777518
"http://en.wikipedia.org/wiki/Order_of_the_Indian_Empire", 48.76703287777518
"http://en.wikipedia.org/wiki/The_Muse_in_Arms", 48.76703287777518
"http://en.wikipedia.org/wiki/Molesworth_Street,_Wellington", 48.76086932800089
"http://en.wikipedia.org/wiki/Richard_Ford_(writer)", 48.66642633922876
"http://en.wikipedia.org/wiki/Thomas_Lynch_(governor)", 48.57520521621863
"http://en.wikipedia.org/wiki/Henry_Seymour_Conway", 48.47236532884552
"http://en.wikipedia.org/wiki/Thomas_Pearce_(British_Army_officer)", 48.47236532884552
"http://en.wikipedia.org/wiki/Alexander_Maconochie_(penal_reformer)", 48.47236532884552
"http://en.wikipedia.org/wiki/Christopher_Monck,_2nd_Duke_of_Albemarle", 48.43221048378526
"http://en.wikipedia.org/wiki/Charles_Dutton,_7th_Baron_Sherborne", 48.19992036541475
"http://en.wikipedia.org/wiki/List_of_members_of_London_County_Council_1889%E2%80%931919", 48.17589548149703
"http://en.wikipedia.org/wiki/Isma%27il_ibn_Ahmad", 48.17589548149703
"http://en.wikipedia.org/wiki/Guilford_Lindsey_Molesworth", 48.128828998750436
"http://en.wikipedia.org/wiki/George_Christopher_Molesworth_Birdwood", 47.90701375804085
"http://en.wikipedia.org/wiki/Camelford_(UK_Parliament_constituency)", 47.87758985491214
"http://en.wikipedia.org/wiki/James_McGirr", 47.87758985491214
"http://en.wikipedia.org/wiki/Percy_B._Molesworth", 47.647353234678945
"http://en.wikipedia.org/wiki/Sir_Lewis_Molesworth,_11th_Baronet", 47.57741391864679
"http://en.wikipedia.org/wiki/Tenterfield,_New_South_Wales", 47.57741391864679
"http://en.wikipedia.org/wiki/Edward_Henry_John_Craufurd", 47.51909633114914
"http://en.wikipedia.org/wiki/Molesworth_(surname)", 47.43416490252569
"http://en.wikipedia.org/wiki/United_Kingdom_Alliance", 47.275332045976214
"http://en.wikipedia.org/wiki/Grand_Lodge_of_Ireland", 47.275332045976214
"http://en.wikipedia.org/wiki/List_of_United_Kingdom_by-elections_(1832%E2%80%931847)", 47.275332045976214
"http://en.wikipedia.org/wiki/Nigel_Molesworth", 47.275332045976214
"http://en.wikipedia.org/wiki/William_Robert_Hicks", 47.220014080151756
"http://en.wikipedia.org/wiki/Alexander_Binnie", 47.14045207910316
"http://en.wikipedia.org/wiki/Robert_Kindersley,_1st_Baron_Kindersley", 47.026997156298016
"http://en.wikipedia.org/wiki/James_Buller_(the_younger)", 47.00321611955288
"http://en.wikipedia.org/wiki/Henry_Labouchere,_1st_Baron_Taunton", 46.99150873024273
"http://en.wikipedia.org/wiki/Order_of_the_Sacred_Treasure", 46.97130746454016
"http://en.wikipedia.org/wiki/Mitchell_(UK_Parliament_constituency)", 46.97130746454016
"http://en.wikipedia.org/wiki/The_Barn_Church,_Kew", 46.97130746454016
"http://en.wikipedia.org/wiki/Thomas_White_(1667%E2%80%931732)", 46.95449296338764
"http://en.wikipedia.org/wiki/Thomas_Agar-Robartes", 46.9295317724453
"http://en.wikipedia.org/wiki/Sir_Robert_Staples,_12th_Baronet", 46.71765921511567
"http://en.wikipedia.org/wiki/Charles_Monck,_1st_Viscount_Monck", 46.66530220409406
"http://en.wikipedia.org/wiki/Francis_Wolley", 46.66530220409406
"http://en.wikipedia.org/wiki/Benjamin_Hall,_1st_Baron_Llanover", 46.62524041201569
"http://en.wikipedia.org/wiki/Shaykh_Haydar", 46.575875400384795
"http://en.wikipedia.org/wiki/Westby_Brook_Perceval", 46.475800154489
"http://en.wikipedia.org/wiki/William_Ponsonby,_1st_Baron_Ponsonby", 46.35727704115597
"http://en.wikipedia.org/wiki/MPs_elected_in_the_British_general_election,_1754", 46.35727704115597
"http://en.wikipedia.org/wiki/Molesworth-St_Aubyn_baronets", 46.18802153517005
"http://en.wikipedia.org/wiki/List_of_Great_Britain_by-elections_(1774%E2%80%931790)", 46.04719144032074
"http://en.wikipedia.org/wiki/John_Bysse", 46.008567910421675
"http://en.wikipedia.org/wiki/Henry_Belasyse_(died_1717)", 45.968415657875774
"http://en.wikipedia.org/wiki/William_King_(poet)", 45.94682917363407
"http://en.wikipedia.org/wiki/William_Ponsonby_(British_Army_officer)", 45.73500349199295
"http://en.wikipedia.org/wiki/John_Manners,_7th_Duke_of_Rutland", 45.73500349199295
"http://en.wikipedia.org/wiki/List_of_diplomats_of_Great_Britain_to_the_Republic_of_Genoa", 45.72645941803379
"http://en.wikipedia.org/wiki/Sir_James_Smith%27s_School", 45.42066984626788
"http://en.wikipedia.org/wiki/List_of_Great_Britain_by-elections_(1734%E2%80%931754)", 45.42066984626788
"http://en.wikipedia.org/wiki/Secretary_of_State_for_the_Colonies", 45.42066984626788
"http://en.wikipedia.org/wiki/List_of_Great_Britain_by-elections_(1754%E2%80%931774)", 45.42066984626788
"http://en.wikipedia.org/wiki/Zand_dynasty", 45.42066984626788
"http://en.wikipedia.org/wiki/David_Kindersley", 45.42066984626788
"http://en.wikipedia.org/wiki/Alvilde_Chaplin", 45.27349601029048
"http://en.wikipedia.org/wiki/Sir_William_Lemon,_1st_Baronet", 45.22670168666455
"http://en.wikipedia.org/wiki/Alexandria_Carmania", 45.19967646663163
"http://en.wikipedia.org/wiki/James,_Viscount_Severn", 45.1041456426649
"http://en.wikipedia.org/wiki/John_Brinkley_(astronomer)", 44.98162184161378
"http://en.wikipedia.org/wiki/Henry_Lindsay_Bethune", 44.79366575654849
"http://en.wikipedia.org/wiki/Sir_Edmund_Elton,_8th_Baronet", 44.721359549995796
"http://en.wikipedia.org/wiki/Dublin_County_(Parliament_of_Ireland_constituency)", 44.721359549995796
"http://en.wikipedia.org/wiki/Christchurch_(New_Zealand_electorate)", 44.72135954999579
"http://en.wikipedia.org/wiki/George_Pratt,_2nd_Marquess_Camden", 44.49941594899848
"http://en.wikipedia.org/wiki/List_of_United_Kingdom_by-elections_(1847%E2%80%931857)", 44.46433811378336
"http://en.wikipedia.org/wiki/St_Mabyn", 44.46433811378336
"http://en.wikipedia.org/wiki/John_Robinson_(bishop_of_London)", 44.430958040114994
"http://en.wikipedia.org/wiki/George_Andrew_Jacob", 44.1066037172165
"http://en.wikipedia.org/wiki/Little_Petherick", 44.03593416857259
"http://en.wikipedia.org/wiki/Mayor_of_Manukau", 43.71005726021252
"http://en.wikipedia.org/wiki/Hussey_Vivian,_1st_Baron_Vivian", 43.486980563267764
"http://en.wikipedia.org/wiki/Tom_Bridges", 43.486980563267764
"http://en.wikipedia.org/wiki/List_of_English_writers", 43.486980563267764
"http://en.wikipedia.org/wiki/William_Henry_White", 43.430721211029635
"http://en.wikipedia.org/wiki/77_Park_Lane", 43.2493190365155
"http://en.wikipedia.org/wiki/List_of_members_of_the_London_School_Board", 43.15627629188006
"http://en.wikipedia.org/wiki/List_of_baronetcies_in_the_Baronetage_of_England", 43.15627629188006
"http://en.wikipedia.org/wiki/Lostwithiel_(UK_Parliament_constituency)", 43.15627629188006
"http://en.wikipedia.org/wiki/List_of_Secretaries_of_State_for_Foreign_Affairs_(UK)", 43.15627629188006
"http://en.wikipedia.org/wiki/1758", 43.15627629188006
"http://en.wikipedia.org/wiki/Hugh_Kindersley,_2nd_Baron_Kindersley", 43.014186779679804
"http://en.wikipedia.org/wiki/John_Browne,_1st_Earl_of_Altamont", 42.8700109381586
"http://en.wikipedia.org/wiki/Julian_Pauncefote,_1st_Baron_Pauncefote", 42.823018205775135
"http://en.wikipedia.org/wiki/Francis_Levett_(merchant)", 42.823018205775135
"http://en.wikipedia.org/wiki/Percy_Sykes", 42.60840516231734
"http://en.wikipedia.org/wiki/Lord_Lieutenant_of_Cambridgeshire", 42.534815461170034
"http://en.wikipedia.org/wiki/Mosley_Mayne", 42.48714621062715
"http://en.wikipedia.org/wiki/Thane_Bettany", 42.48714621062715
"http://en.wikipedia.org/wiki/Edward_Eliot,_3rd_Earl_of_St_Germans", 42.412032347022446
"http://en.wikipedia.org/wiki/Edward_Craggs-Eliot", 42.399915200254405
"http://en.wikipedia.org/wiki/John_Pratt,_1st_Marquess_Camden", 42.22815154866221
"http://en.wikipedia.org/wiki/Southwark_(UK_Parliament_constituency)", 42.14859781765307
"http://en.wikipedia.org/wiki/High_Sheriff_of_Cornwall", 42.14859781765307
"http://en.wikipedia.org/wiki/James_William_Govett", 41.80730800787501
"http://en.wikipedia.org/wiki/List_of_presidents_of_the_Institution_of_Civil_Engineers", 41.463209086326025
"http://en.wikipedia.org/wiki/St_Mary%27s_Church,_Wirksworth", 41.463209086326025
"http://en.wikipedia.org/wiki/List_of_military_figures_by_nickname", 41.463209086326025
"http://en.wikipedia.org/wiki/John_Mogg_(British_Army_officer)", 41.463209086326025
"http://en.wikipedia.org/wiki/Secretary_of_State_for_Health", 41.116230525273714
"http://en.wikipedia.org/wiki/Newport_(Cornwall)_(UK_Parliament_constituency)", 41.116230525273714
"http://en.wikipedia.org/wiki/Candy_(unit)", 41.116230525273714
"http://en.wikipedia.org/wiki/Camel_Trail", 40.88361212801537
"http://en.wikipedia.org/wiki/List_of_British_Army_full_generals", 40.766298795432846
"http://en.wikipedia.org/wiki/List_of_British_generals_and_brigadiers", 40.766298795432846
"http://en.wikipedia.org/wiki/Court_of_Appeal_of_New_Zealand", 40.70167694363583
"http://en.wikipedia.org/wiki/5th_Royal_Irish_Lancers", 40.41333718402342
"http://en.wikipedia.org/wiki/Solicitor-General_of_Victoria_(Australia)", 40.33353763771789
"http://en.wikipedia.org/wiki/Military_Secretary_to_the_India_Office", 40.20151261036848
"http://en.wikipedia.org/wiki/George_Molesworth", 40.1960262217233
"http://en.wikipedia.org/wiki/First_Palmerston_ministry", 40.05726559839838
"http://en.wikipedia.org/wiki/Adam_Butler_(British_politician)", 39.982989580349205
"http://en.wikipedia.org/wiki/List_of_Vice-Admirals_of_Cornwall", 39.77336928089952
"http://en.wikipedia.org/wiki/Nigel", 39.69800035381745
"http://en.wikipedia.org/wiki/List_of_barons_in_the_peerages_of_Britain_and_Ireland", 39.69800035381745
"http://en.wikipedia.org/wiki/Henrietta_Street", 39.598577465334614
"http://en.wikipedia.org/wiki/Arniston,_Western_Cape", 39.42400536999621
"http://en.wikipedia.org/wiki/Rob_Lockhart", 39.391929857916764
"http://en.wikipedia.org/wiki/Pariz_Rural_District", 39.353177335148956
"http://en.wikipedia.org/wiki/Pariz", 39.3461199460851
"http://en.wikipedia.org/wiki/High_Sheriff_of_Rutland", 39.33545394377381
"http://en.wikipedia.org/wiki/Cambridgeshire_County_Council", 39.33545394377381
"http://en.wikipedia.org/wiki/1904_in_literature", 39.33545394377381
"http://en.wikipedia.org/wiki/List_of_diplomats_of_the_United_Kingdom_to_Sardinia", 39.06809170504344
"http://en.wikipedia.org/wiki/List_of_MPs_elected_in_the_United_Kingdom_general_election,_1900", 38.96953479108791
"http://en.wikipedia.org/wiki/List_of_civil_engineers", 38.96953479108791
"http://en.wikipedia.org/wiki/List_of_Fellows_of_the_Royal_Society_M,N,O", 38.96953479108791
"http://en.wikipedia.org/wiki/Deaths_in_December_2011", 38.60014697776254
"http://en.wikipedia.org/wiki/1758_in_Great_Britain", 38.60014697776254
"http://en.wikipedia.org/wiki/Great_Cornish_families", 38.254602783800294
"http://en.wikipedia.org/wiki/Aberdeen_ministry", 38.235955645093625
"http://en.wikipedia.org/wiki/List_of_L%C3%A9gion_d%27honneur_recipients_by_name", 38.22718995134132
"http://en.wikipedia.org/wiki/Helston_(UK_Parliament_constituency)", 38.22718995134132
"http://en.wikipedia.org/wiki/1724_in_literature", 38.196420844753824
"http://en.wikipedia.org/wiki/Kit_Harington", 37.907125275171765
"http://en.wikipedia.org/wiki/Beehive_(New_Zealand)", 37.85055820522322
"http://en.wikipedia.org/wiki/George_Ballard_(biographer)", 37.85055820522322
"http://en.wikipedia.org/wiki/1897_Diamond_Jubilee_Honours", 37.85055820522322
"http://en.wikipedia.org/wiki/Hitchin_(UK_Parliament_constituency)", 37.628834735343894
"http://en.wikipedia.org/wiki/The_Explorers_and_Early_Colonists_of_Victoria", 37.47014093005324
"http://en.wikipedia.org/wiki/List_of_MPs_elected_in_the_United_Kingdom_general_election,_1852", 37.47014093005324
"http://en.wikipedia.org/wiki/Molesworth", 37.40272357155222
"http://en.wikipedia.org/wiki/First_Commissioner_of_Works", 37.2958100007095
"http://en.wikipedia.org/wiki/Members_of_the_New_South_Wales_Legislative_Assembly,_1898%E2%80%931901", 36.697477720685
"http://en.wikipedia.org/wiki/2004_New_Year_Honours", 36.697477720685
"http://en.wikipedia.org/wiki/List_of_Presidents_of_the_Legislative_Council_of_Jamaica", 36.38034375544995
"http://en.wikipedia.org/wiki/Members_of_the_New_South_Wales_Legislative_Assembly,_1891%E2%80%931894", 36.30498004311849
"http://en.wikipedia.org/wiki/List_of_Governors_of_Jamaica", 36.30498004311849
"http://en.wikipedia.org/wiki/5th_Dragoon_Guards", 35.838577953439646
"http://en.wikipedia.org/wiki/List_of_diplomats_of_the_United_Kingdom_to_the_Grand_Duchy_of_Tuscany", 35.71722504071465
"http://en.wikipedia.org/wiki/List_of_aviators_by_nickname", 35.10116366367948
"http://en.wikipedia.org/wiki/List_of_Presidents_of_Co-operative_Congress", 34.690609614353455
"http://en.wikipedia.org/wiki/List_of_Irish_MPs_1713%E2%80%931714", 34.606427010299136
"http://en.wikipedia.org/wiki/List_of_Kurdish_dynasties_and_countries", 34.367169831173534
"http://en.wikipedia.org/wiki/Commander-in-Chief,_Ireland", 34.199278402838466
"http://en.wikipedia.org/wiki/List_of_Irish_MPs_1695%E2%80%931699", 34.09971697352368
"http://en.wikipedia.org/wiki/Water_Colour_Society_of_Ireland", 34.00367627183861
"http://en.wikipedia.org/wiki/List_of_MPs_elected_in_the_United_Kingdom_general_election,_1923", 33.85456845327662
"http://en.wikipedia.org/wiki/List_of_MPs_elected_in_the_United_Kingdom_general_election,_1880", 33.85456845327662
"http://en.wikipedia.org/wiki/Candidates_of_the_Australian_federal_election,_1914", 33.428707872555485
"http://en.wikipedia.org/wiki/List_of_MPs_elected_in_the_United_Kingdom_general_election,_1929", 33.428707872555485
"http://en.wikipedia.org/wiki/List_of_MPs_elected_in_the_United_Kingdom_general_election,_1924", 33.428707872555485
"http://en.wikipedia.org/wiki/Franklin_County,_New_South_Wales", 33.40478750607734
"http://en.wikipedia.org/wiki/List_of_UK_radio_programmes", 32.99735163463446
"http://en.wikipedia.org/wiki/List_of_Privy_Counsellors_of_Ireland", 32.99735163463446
"http://en.wikipedia.org/wiki/List_of_Monash_University_people", 32.99735163463446
"http://en.wikipedia.org/wiki/List_of_Old_Geelong_Grammarians", 32.99735163463446
"http://en.wikipedia.org/wiki/List_of_Irish_MPs_1703%E2%80%931713", 32.61640365267211
"http://en.wikipedia.org/wiki/List_of_Privy_Counsellors_(1837%E2%80%931901)", 32.56028132204594
"http://en.wikipedia.org/wiki/1985_New_Year_Honours", 32.56028132204594
"http://en.wikipedia.org/wiki/Members_of_the_New_South_Wales_Legislative_Assembly,_1889%E2%80%931891", 32.56028132204594
"http://en.wikipedia.org/wiki/List_of_Irish_MPs_1715%E2%80%931727", 31.083493608010453
"http://en.wikipedia.org/wiki/List_of_botanists_by_author_abbreviation", 30.749938849614228
"http://en.wikipedia.org/wiki/List_of_MPs_elected_in_the_United_Kingdom_general_election,_1832/Constituencies_C", 30.749938849614228
"http://en.wikipedia.org/wiki/Members_of_the_New_South_Wales_Legislative_Assembly,_1922%E2%80%931925", 30.749938849614228
"http://en.wikipedia.org/wiki/High_Sheriff_of_Bedfordshire_and_Buckinghamshire", 30.749938849614228
"http://en.wikipedia.org/wiki/Members_of_the_New_South_Wales_Legislative_Assembly,_1895%E2%80%931898", 30.749938849614228
"http://en.wikipedia.org/wiki/List_of_people_educated_at_Haileybury,_Melbourne", 30.280446564178575
"http://en.wikipedia.org/wiki/Nicholson_County", 29.439202887759485
"http://en.wikipedia.org/wiki/Irish_Board_of_Ordnance", 29.160592175990214
"http://en.wikipedia.org/wiki/List_of_former_chairmen_of_Cambridge_University_Conservative_Association", 25.107219934446668
"http://en.wikipedia.org/wiki/High_Sheriff_of_the_County_of_London", 25.107219934446668
