"http://en.wikipedia.org/wiki/Philip_Neri", 82.65058707953641
"http://en.wikipedia.org/wiki/Francisco_Meneses_Osorio", 70.71067811865476
"http://en.wikipedia.org/wiki/Josef_Ram%C3%ADrez", 69.84302957695782
"http://en.wikipedia.org/wiki/Giovanni_Lorenzo_Bertolotti", 69.2820323027551
"http://en.wikipedia.org/wiki/Oratory_School", 69.15640748081246
"http://en.wikipedia.org/wiki/Society_of_apostolic_life", 69.12147117775906
"http://en.wikipedia.org/wiki/Oratory", 68.75516509523287
"http://en.wikipedia.org/wiki/Theologisk_Oratorium", 67.68046366042657
"http://en.wikipedia.org/wiki/London_Oratory", 67.4199862463242
"http://en.wikipedia.org/wiki/History_of_Roman_Catholicism_in_France", 66.84826626089331
"http://en.wikipedia.org/wiki/San_Girolamo_della_Carit%C3%A0", 66.8153104781061
"http://en.wikipedia.org/wiki/Alessandro_Badiale", 66.66666666666666
"http://en.wikipedia.org/wiki/Jacques_Adam", 65.68918094443471
"http://en.wikipedia.org/wiki/Niccol%C3%B2_Ridolfi_(Dominican)", 65.46536707079771
"http://en.wikipedia.org/wiki/Giovanni_Leonardi", 65.40699401677286
"http://en.wikipedia.org/wiki/Old_Catholic_Confederation", 65.02451783337642
"http://en.wikipedia.org/wiki/History_of_the_Catholic_Church", 64.97700658847899
"http://en.wikipedia.org/wiki/Edward_Caswall", 64.88856845230502
"http://en.wikipedia.org/wiki/The_Taming_of_the_Shrew", 64.75761258027333
"http://en.wikipedia.org/wiki/Detraction", 64.75761258027333
"http://en.wikipedia.org/wiki/Salesian_Preventive_System", 64.7108955277239
"http://en.wikipedia.org/wiki/Holy_Trinity_Catholic_Church_in_Honolulu", 64.54972243679028
"http://en.wikipedia.org/wiki/Julien_Loriot", 64.35381994422819
"http://en.wikipedia.org/wiki/Nicholas_Bourbon_(the_younger)", 64.10607647560325
"http://en.wikipedia.org/wiki/Preparatoria_Jalisco", 64.10607647560325
"http://en.wikipedia.org/wiki/Scipione_Gonzaga", 63.63002819270849
"http://en.wikipedia.org/wiki/List_of_Italians", 63.27554872471406
"http://en.wikipedia.org/wiki/Juan_Caballero_y_Ocio", 62.99407883487119
"http://en.wikipedia.org/wiki/Antoni_Gaud%C3%AD", 62.89957659827993
"http://en.wikipedia.org/wiki/Silvio_Antoniano", 62.66678151997974
"http://en.wikipedia.org/wiki/Oratory_of_Jesus", 62.642243198271494
"http://en.wikipedia.org/wiki/List_of_characters_from_The_Sopranos_in_the_Soprano_crime_family", 62.59717303605861
"http://en.wikipedia.org/wiki/Pons_Augustin_Alletz", 62.39084427754147
"http://en.wikipedia.org/wiki/History_of_Europe", 62.217101683825526
"http://en.wikipedia.org/wiki/Orazio_Giustiniani", 61.76109608556768
"http://en.wikipedia.org/wiki/Alfonso_Capecelatro", 61.666983884477844
"http://en.wikipedia.org/wiki/Miguel_S%C3%A1nchez", 61.588176205143974
"http://en.wikipedia.org/wiki/Felice_Cignani", 61.58817620514397
"http://en.wikipedia.org/wiki/Vincenzo_Scuderi", 61.34688957245553
"http://en.wikipedia.org/wiki/Oratory_of_the_Good_Shepherd", 61.302216790581824
"http://en.wikipedia.org/wiki/Pierfrancesco_Scarampi", 61.11415350830072
"http://en.wikipedia.org/wiki/Saint_Philip_Neri_Church", 60.92076990801715
"http://en.wikipedia.org/wiki/Digital_morphogenesis", 60.89224226894036
"http://en.wikipedia.org/wiki/Cremona_Baptistery", 60.77576567756011
"http://en.wikipedia.org/wiki/Stephen_Goffe", 60.7440496854837
"http://en.wikipedia.org/wiki/Pope_Leo_XI", 60.64784348631228
"http://en.wikipedia.org/wiki/Renaissance", 60.594774982816936
"http://en.wikipedia.org/wiki/St_Philip_Neri_Elementary_School", 60.48583789091339
"http://en.wikipedia.org/wiki/List_of_Maalaala_Mo_Kaya_episodes", 60.28081030544956
"http://en.wikipedia.org/wiki/William_Edward_Addis", 60.054619947587554
"http://en.wikipedia.org/wiki/Pier_Donato_Cesi_(1583-1656)", 59.9144689515278
"http://en.wikipedia.org/wiki/St._Vincent_de_Paul_Roman_Catholic_Church_(Toronto)", 59.898132354372976
"http://en.wikipedia.org/wiki/Palazzo_Massimo_alle_Colonne", 59.7366280458686
"http://en.wikipedia.org/wiki/History_of_New_Mexico", 59.727400988512
"http://en.wikipedia.org/wiki/Felix_of_Cantalice", 59.68880159994207
"http://en.wikipedia.org/wiki/Sebastian_Valfr%C3%A8", 59.558121287703116
"http://en.wikipedia.org/wiki/Adoration_of_the_Shepherds_(Rubens)", 59.274897836381925
"http://en.wikipedia.org/wiki/Nursing", 59.0082488685701
"http://en.wikipedia.org/wiki/Parochial_mission_(Catholicism)", 58.881076179664646
"http://en.wikipedia.org/wiki/Quattuor_Abhinc_Annos", 58.85818306986476
"http://en.wikipedia.org/wiki/Fran%C3%A7ois_de_Sourdis", 58.794473579213125
"http://en.wikipedia.org/wiki/John_Dennis_Corriveau", 58.442218966655254
"http://en.wikipedia.org/wiki/Francisco_Jos%C3%A9_Freire", 58.42237287798751
"http://en.wikipedia.org/wiki/John_Cage", 58.28022340578066
"http://en.wikipedia.org/wiki/1960s", 58.03551879776071
"http://en.wikipedia.org/wiki/San_Tommaso_in_Parione", 57.96011559684815
"http://en.wikipedia.org/wiki/Pierre_de_B%C3%A9rulle", 57.93377114499331
"http://en.wikipedia.org/wiki/Francesco_Carafa_di_Trajetto", 57.907628281372844
"http://en.wikipedia.org/wiki/John_Juvenal_Ancina", 57.735026918962575
"http://en.wikipedia.org/wiki/Robert_Coffin_(bishop)", 57.62721164856113
"http://en.wikipedia.org/wiki/St._Philip_Neri%27s_Church_(Bronx)", 57.54353376484359
"http://en.wikipedia.org/wiki/Michael_Verdon", 57.53964555687505
"http://en.wikipedia.org/wiki/Felipe_Neri", 57.517568417760224
"http://en.wikipedia.org/wiki/Niccol%C3%B2_Billy", 57.50175312895448
"http://en.wikipedia.org/wiki/Provost_(religion)", 57.42462129929366
"http://en.wikipedia.org/wiki/Ateneo_Blue_Eagles", 57.37787129069877
"http://en.wikipedia.org/wiki/Mount_Rosary_Church", 57.214880939287646
"http://en.wikipedia.org/wiki/Theology_of_Pope_Benedict_XVI", 57.04620451629863
"http://en.wikipedia.org/wiki/St_Philip_Neri_Roman_Catholic_Primary_School", 56.90901829794961
"http://en.wikipedia.org/wiki/Counter-Reformation", 56.8796458994521
"http://en.wikipedia.org/wiki/San_Gregorio_della_Divina_Piet%C3%A0", 56.70579955507383
"http://en.wikipedia.org/wiki/Thiruchelvam_Nihal_Jim_Brown", 56.579320534936805
"http://en.wikipedia.org/wiki/History_of_virtual_learning_environments", 56.461099772111076
"http://en.wikipedia.org/wiki/Caesar_Baronius", 56.25738722177983
"http://en.wikipedia.org/wiki/Girolamini", 56.19514869490163
"http://en.wikipedia.org/wiki/Ecclesiastical_history_(Catholicism)", 56.03942770322965
"http://en.wikipedia.org/wiki/Baptista_Varani", 55.99636792095524
"http://en.wikipedia.org/wiki/Edmund_Husserl", 55.95471196665521
"http://en.wikipedia.org/wiki/Costa_Concordia_disaster", 55.78489454326356
"http://en.wikipedia.org/wiki/St._Philip_Neri_Church_shelling", 55.58892655344955
"http://en.wikipedia.org/wiki/The_Godfather", 55.44369932703277
"http://en.wikipedia.org/wiki/Robert_van_Audenaerde", 55.18035696578806
"http://en.wikipedia.org/wiki/%C5%9Ar%C3%B3dka,_Pozna%C5%84", 55.13619500836088
"http://en.wikipedia.org/wiki/Francesco_Danieli", 55.10931896727664
"http://en.wikipedia.org/wiki/Pietro_Boncompagni", 55.10931896727664
"http://en.wikipedia.org/wiki/Giovanni_Animuccia", 55.10580019072117
"http://en.wikipedia.org/wiki/Augustin_Theiner", 54.9169647365276
"http://en.wikipedia.org/wiki/List_of_vegetarians", 54.841500096435404
"http://en.wikipedia.org/wiki/Catania", 54.75493098153964
"http://en.wikipedia.org/wiki/Joseph_Marello", 54.57157159485413
"http://en.wikipedia.org/wiki/Felipe_Enrique_Neri,_Baron_de_Bastrop", 54.524975680627065
"http://en.wikipedia.org/wiki/Girolamo_Savonarola", 54.49439850746774
"http://en.wikipedia.org/wiki/Oratory_of_Saint_Philip_Neri", 54.478568616499764
"http://en.wikipedia.org/wiki/Holy_Family_Roman_Catholic_Church,_Parkdale", 54.40771089629782
"http://en.wikipedia.org/wiki/Dante_Alighieri", 54.407277111215066
"http://en.wikipedia.org/wiki/The_Entombment_of_Christ_(Caravaggio)", 54.39282932204211
"http://en.wikipedia.org/wiki/Camillus_de_Lellis", 54.3557306504609
"http://en.wikipedia.org/wiki/St._Philip%27s_Church", 54.302098934736854
"http://en.wikipedia.org/wiki/St._Philip_Neri_Catholic_Church", 54.23261445466405
"http://en.wikipedia.org/wiki/Art_in_Roman_Catholicism", 54.23261445466404
"http://en.wikipedia.org/wiki/Heribert_Rosweyde", 54.17363388859614
"http://en.wikipedia.org/wiki/Federico_Borromeo", 54.13493566672175
"http://en.wikipedia.org/wiki/2009%E2%80%9310_Coupe_de_France_1st_round", 54.040299613352296
"http://en.wikipedia.org/wiki/Basilio_Santa_Cruz_Pumacallao", 53.991935983918125
"http://en.wikipedia.org/wiki/Alphonsus_Maria_de_Liguori", 53.97578926492557
"http://en.wikipedia.org/wiki/Consecrated_life", 53.97494601838765
"http://en.wikipedia.org/wiki/Alfred-Henri-Marie_Baudrillart", 53.97140829099156
"http://en.wikipedia.org/wiki/Giovanni_Battista_Maini", 53.94162582510392
"http://en.wikipedia.org/wiki/Charles_Borromeo", 53.88159060803248
"http://en.wikipedia.org/wiki/Washington_State_University", 53.88159060803248
"http://en.wikipedia.org/wiki/Roman_Colleges", 53.88159060803248
"http://en.wikipedia.org/wiki/Outline_of_Catholicism", 53.79347674595366
"http://en.wikipedia.org/wiki/Pope_Paul_V", 53.74238394079721
"http://en.wikipedia.org/wiki/Pope_Gregory_XIV", 53.60320109303935
"http://en.wikipedia.org/wiki/Allaipiddy_massacre", 53.58439258508834
"http://en.wikipedia.org/wiki/Pope_Gregory_XV", 53.45224838248488
"http://en.wikipedia.org/wiki/Radcliffe,_Greater_Manchester", 53.43956845148392
"http://en.wikipedia.org/wiki/San_Miguel_de_Allende", 53.350724552218395
"http://en.wikipedia.org/wiki/Quer%C3%A9taro,_Quer%C3%A9taro", 53.350724552218395
"http://en.wikipedia.org/wiki/Giovanni_Battista_Piazzetta", 53.176719494003756
"http://en.wikipedia.org/wiki/Andrea_Agnelli", 53.11712126450917
"http://en.wikipedia.org/wiki/Basilica_di_Santa_Maria_Maggiore", 52.99385951324981
"http://en.wikipedia.org/wiki/Massimo_family", 52.98129428260175
"http://en.wikipedia.org/wiki/Orphanage", 52.90426712540211
"http://en.wikipedia.org/wiki/Chasuble", 52.86946872148014
"http://en.wikipedia.org/wiki/Johnny_Dorelli", 52.85941398709244
"http://en.wikipedia.org/wiki/Patrick_Woods-Scawen", 52.766596682846576
"http://en.wikipedia.org/wiki/Maritime_republics", 52.72462563174432
"http://en.wikipedia.org/wiki/Vilnius", 52.72462563174432
"http://en.wikipedia.org/wiki/George_H._Streeton", 52.52257314388902
"http://en.wikipedia.org/wiki/Forty_Hours%27_Devotion", 52.4672182297103
"http://en.wikipedia.org/wiki/Impeachment_of_Renato_Corona", 52.36349380886429
"http://en.wikipedia.org/wiki/Frederick_William_Faber", 52.31226328525249
"http://en.wikipedia.org/wiki/Jubilee_(Christianity)", 52.272821024283864
"http://en.wikipedia.org/wiki/Presidency_of_Gloria_Macapagal-Arroyo", 52.272821024283864
"http://en.wikipedia.org/wiki/Gilbert_Sheldon_(Bishop_of_Steubenville)", 52.22329678670936
"http://en.wikipedia.org/wiki/Genealogy_of_Jesus", 52.18199068455186
"http://en.wikipedia.org/wiki/Henry_Somerset,_1st_Marquess_of_Worcester", 52.15925838520059
"http://en.wikipedia.org/wiki/Pope_Gregory_XIII", 52.084799449663734
"http://en.wikipedia.org/wiki/Saint_Philip", 51.96152422706631
"http://en.wikipedia.org/wiki/San_Filippo_Neri_(Genoa)", 51.95786535129323
"http://en.wikipedia.org/wiki/Anne_Doherty", 51.82615568632446
"http://en.wikipedia.org/wiki/Diocese_of_Rome", 51.79697702828122
"http://en.wikipedia.org/wiki/Neri_(surname)", 51.71478129752811
"http://en.wikipedia.org/wiki/George_Mundelein", 51.430061195173096
"http://en.wikipedia.org/wiki/Florence,_Nebraska", 51.357712944591704
"http://en.wikipedia.org/wiki/Gaeta", 51.35728923429718
"http://en.wikipedia.org/wiki/%C3%89glise_Saint-Polycarpe", 51.24707431905383
"http://en.wikipedia.org/wiki/Joseph_W._McCarthy", 51.21475197315839
"http://en.wikipedia.org/wiki/Pope_Clement_VIII", 51.19100662671245
"http://en.wikipedia.org/wiki/English_College,_Rome", 51.172217319820575
"http://en.wikipedia.org/wiki/Orsanmichele", 51.17015146659433
"http://en.wikipedia.org/wiki/San_Felipe_de_Neri_Church", 51.102494735119016
"http://en.wikipedia.org/wiki/Sir_Hugh_Barrett-Lennard,_6th_Baronet", 51.08472494598574
"http://en.wikipedia.org/wiki/Arundel_Cathedral", 51.02131518468141
"http://en.wikipedia.org/wiki/Etruscan_language", 50.98647363133318
"http://en.wikipedia.org/wiki/Birmingham_Oratory", 50.972792762687455
"http://en.wikipedia.org/wiki/List_of_current_places_of_worship_in_Wealden", 50.89334757435866
"http://en.wikipedia.org/wiki/Neri_(name)", 50.891335780798265
"http://en.wikipedia.org/wiki/Bruce_Guenther", 50.81495473197969
"http://en.wikipedia.org/wiki/Mark_Demling", 50.811594954480434
"http://en.wikipedia.org/wiki/Dioceses_of_the_Church_of_the_East,_1552%E2%80%931913", 50.8000508000762
"http://en.wikipedia.org/wiki/The_Fair_Maid_of_the_Inn", 50.63696835418333
"http://en.wikipedia.org/wiki/Roman_Catholic_prayer", 50.5154775440418
"http://en.wikipedia.org/wiki/Early_life_of_Pope_Pius_XII", 50.48994093547145
"http://en.wikipedia.org/wiki/Leslie_Finer", 50.398412673416615
"http://en.wikipedia.org/wiki/G._Dennis_O%27Brien", 50.36101551853349
"http://en.wikipedia.org/wiki/Thanksgiving_after_Communion", 50.33097288071775
"http://en.wikipedia.org/wiki/Anthony_Woods-Scawen", 50.319492068693236
"http://en.wikipedia.org/wiki/Street_Angel_(1928_film)", 50.224720233392276
"http://en.wikipedia.org/wiki/Regina_Pacis_Catholic_Secondary_School", 50.21692075819447
"http://en.wikipedia.org/wiki/St._Philip%27s_School", 50.19047688023745
"http://en.wikipedia.org/wiki/Santa_Maria_in_Vallicella", 50.08826132200522
"http://en.wikipedia.org/wiki/Isidore_the_Laborer", 50.06108737769939
"http://en.wikipedia.org/wiki/G%C5%82og%C3%B3wko,_Greater_Poland_Voivodeship", 50.0
"http://en.wikipedia.org/wiki/Philip_Howard,_20th_Earl_of_Arundel", 50.0
"http://en.wikipedia.org/wiki/John_Cassian", 49.9751181870633
"http://en.wikipedia.org/wiki/List_of_places_of_worship_in_Arun", 49.85748189538624
"http://en.wikipedia.org/wiki/Diocese_of_Quer%C3%A9taro", 49.83416206388215
"http://en.wikipedia.org/wiki/The_Wedding_(TV_series)", 49.79743333322331
"http://en.wikipedia.org/wiki/Sodalitium_Christianae_Vitae", 49.76224306554731
"http://en.wikipedia.org/wiki/Oxford_Oratory", 49.69039949999532
"http://en.wikipedia.org/wiki/Wally_Hedrick", 49.66682161041168
"http://en.wikipedia.org/wiki/Miriam_Pirazzini", 49.613893835683385
"http://en.wikipedia.org/wiki/Gertrude_the_Great", 49.48005519468391
"http://en.wikipedia.org/wiki/Ken_Snyder", 49.43287390549321
"http://en.wikipedia.org/wiki/Albert_J._Neri", 49.38647983247949
"http://en.wikipedia.org/wiki/Pinacoteca_Nazionale_di_Bologna", 49.37533038435626
"http://en.wikipedia.org/wiki/Tursi", 49.24807746834752
"http://en.wikipedia.org/wiki/Joseph_Vaz", 49.18693768379648
"http://en.wikipedia.org/wiki/Italo-Albanian_Catholic_Church", 49.09039796819253
"http://en.wikipedia.org/wiki/History_of_Havana", 48.89674672825597
"http://en.wikipedia.org/wiki/Francis_de_Sales", 48.89249625940765
"http://en.wikipedia.org/wiki/List_of_Diff%27rent_Strokes_characters", 48.65687172515039
"http://en.wikipedia.org/wiki/Alessandro_Scarlatti", 48.60696825186038
"http://en.wikipedia.org/wiki/Temple_of_San_Felipe_Neri_%22La_Profesa%22", 48.45751583729293
"http://en.wikipedia.org/wiki/Pete_DeCoursey", 48.43933025015724
"http://en.wikipedia.org/wiki/Kraftwerk", 48.40922959969961
"http://en.wikipedia.org/wiki/Marcus_Cornish", 48.37794468468968
"http://en.wikipedia.org/wiki/Oratorio", 48.33538583490902
"http://en.wikipedia.org/wiki/Carlo_Cignani", 48.24718617569042
"http://en.wikipedia.org/wiki/Aarhus_University", 48.212842463062906
"http://en.wikipedia.org/wiki/Archbasilica_of_St._John_Lateran", 48.11434830000263
"http://en.wikipedia.org/wiki/Francis_P._Filice", 48.1105940362103
"http://en.wikipedia.org/wiki/Leopold_II,_Grand_Duke_of_Tuscany", 48.02985480708535
"http://en.wikipedia.org/wiki/Timeline_of_nursing_history", 48.01565209699656
"http://en.wikipedia.org/wiki/Henry_Fitzalan-Howard,_15th_Duke_of_Norfolk", 47.83993931658394
"http://en.wikipedia.org/wiki/Regional_Archeological_Museum_Antonio_Salinas", 47.83446031074605
"http://en.wikipedia.org/wiki/Seven_Pilgrim_Churches_of_Rome", 47.791935490087404
"http://en.wikipedia.org/wiki/Filippo_Juvarra", 47.64809762570886
"http://en.wikipedia.org/wiki/Passion_(music)", 47.63448078996621
"http://en.wikipedia.org/wiki/Panday_(comics)", 47.631108185306296
"http://en.wikipedia.org/wiki/WIlliam_P._Ginther", 47.426154404300455
"http://en.wikipedia.org/wiki/Rescue_of_Giuliana_Sgrena", 47.419161212476936
"http://en.wikipedia.org/wiki/Reggio_Emilia", 47.419161212476936
"http://en.wikipedia.org/wiki/Patron_saints_of_Naples", 47.418569253607515
"http://en.wikipedia.org/wiki/Congregation_for_the_Evangelization_of_Peoples", 47.30042322308351
"http://en.wikipedia.org/wiki/Folly_Theatre", 47.20243823616103
"http://en.wikipedia.org/wiki/Romano_Guardini", 47.162475183354836
"http://en.wikipedia.org/wiki/Bedford_Park,_Bronx", 47.14045207910317
"http://en.wikipedia.org/wiki/St._Mary%27s_on_the_Flats", 47.01729666790994
"http://en.wikipedia.org/wiki/Cecchina", 46.94027940381773
"http://en.wikipedia.org/wiki/Panchatantra", 46.91629269160234
"http://en.wikipedia.org/wiki/Highlander_(season_3)", 46.91629269160234
"http://en.wikipedia.org/wiki/Papal_conclave,_1740", 46.810629773171776
"http://en.wikipedia.org/wiki/Payo_Enr%C3%ADquez_de_Rivera", 46.770717334674266
"http://en.wikipedia.org/wiki/Papal_conclave,_1676", 46.74061065802078
"http://en.wikipedia.org/wiki/Philadelphia_Nativist_Riots", 46.71194927164762
"http://en.wikipedia.org/wiki/Biretta", 46.681306590826466
"http://en.wikipedia.org/wiki/Paulist_Fathers", 46.59165046447824
"http://en.wikipedia.org/wiki/Federico_Barocci", 46.4782626442332
"http://en.wikipedia.org/wiki/Philipp_von_Stosch", 46.402978996066395
"http://en.wikipedia.org/wiki/Rachol_Seminary", 46.30690981816015
"http://en.wikipedia.org/wiki/University_of_Leicester", 46.30564246092656
"http://en.wikipedia.org/wiki/Roni_Horn", 46.30564246092656
"http://en.wikipedia.org/wiki/Captain_America_(1990_film)", 46.30257051160344
"http://en.wikipedia.org/wiki/Parkdale,_Toronto", 46.20308277252731
"http://en.wikipedia.org/wiki/Lord_Nicholas_Windsor", 46.02707812804747
"http://en.wikipedia.org/wiki/Church_of_the_Holy_Name_of_Jesus,_Manchester", 45.96385597769216
"http://en.wikipedia.org/wiki/38th_General_Assembly_of_Nova_Scotia", 45.954338666071834
"http://en.wikipedia.org/wiki/Newman_Centers", 45.895599792871735
"http://en.wikipedia.org/wiki/Rachol", 45.87725790201287
"http://en.wikipedia.org/wiki/Ian_Steedman", 45.82575694955839
"http://en.wikipedia.org/wiki/Gioia_del_Colle", 45.72645941803379
"http://en.wikipedia.org/wiki/Roman_Catholic_Diocese_of_Evansville", 45.6878390906891
"http://en.wikipedia.org/wiki/Panama_City", 45.686831007569694
"http://en.wikipedia.org/wiki/Michael_Corleone", 45.59105242591668
"http://en.wikipedia.org/wiki/Juozas_Kazickas", 45.551377080067404
"http://en.wikipedia.org/wiki/Jos%C3%A9_Roel_Lungay", 45.47868946491225
"http://en.wikipedia.org/wiki/Congregation_for_the_Doctrine_of_the_Faith", 45.37426064865151
"http://en.wikipedia.org/wiki/Summertown,_Oxford", 45.30277693250319
"http://en.wikipedia.org/wiki/Warden_of_the_Mint", 45.27107205119304
"http://en.wikipedia.org/wiki/Farnese", 45.22670168666454
"http://en.wikipedia.org/wiki/Alessandro_Algardi", 45.17829462828247
"http://en.wikipedia.org/wiki/Resveratrol", 44.95411955844695
"http://en.wikipedia.org/wiki/Meriol_Trevor", 44.92603503374419
"http://en.wikipedia.org/wiki/Lorenzo_De_Caro", 44.8819394546251
"http://en.wikipedia.org/wiki/Collegiate_Church_of_San_Gimignano", 44.84846930766966
"http://en.wikipedia.org/wiki/Roman_Catholic_Archdiocese_for_the_Military_Services,_USA", 44.803896734118744
"http://en.wikipedia.org/wiki/Papal_conclave,_1758", 44.80289354576323
"http://en.wikipedia.org/wiki/Montemaggiore_al_Metauro", 44.721359549995796
"http://en.wikipedia.org/wiki/Basilica_of_St._Hyacinth", 44.721359549995796
"http://en.wikipedia.org/wiki/Northbridge,_New_South_Wales", 44.67004414634819
"http://en.wikipedia.org/wiki/List_of_astronauts_by_year_of_selection", 44.63641861947121
"http://en.wikipedia.org/wiki/Roberto_Calvi", 44.619488439222714
"http://en.wikipedia.org/wiki/List_of_monasteries_in_Madrid", 44.42221666388715
"http://en.wikipedia.org/wiki/Secretin", 44.145428955190766
"http://en.wikipedia.org/wiki/Innsbruck_Cathedral", 43.994134506405985
"http://en.wikipedia.org/wiki/San_Jose_Museum_of_Art", 43.94842630236979
"http://en.wikipedia.org/wiki/Parkett", 43.92976851069794
"http://en.wikipedia.org/wiki/Palazzo_Corsini", 43.910891036356865
"http://en.wikipedia.org/wiki/Uckfield", 43.8962124830347
"http://en.wikipedia.org/wiki/Sana_Maulit_Muli", 43.852900965351466
"http://en.wikipedia.org/wiki/CO", 43.831293227668425
"http://en.wikipedia.org/wiki/Oratory_Athenaeum_for_University_Preparation", 43.8043284184552
"http://en.wikipedia.org/wiki/Electronic_cigarette", 43.77794580493049
"http://en.wikipedia.org/wiki/Roman_Catholic_Diocese_of_Broken_Bay", 43.74786392598071
"http://en.wikipedia.org/wiki/Toronto_Catholic_District_School_Board", 43.56068418690321
"http://en.wikipedia.org/wiki/General_Roman_Calendar_of_1954", 43.56068418690321
"http://en.wikipedia.org/wiki/Architectural_Association_School_of_Architecture", 43.41278014140753
"http://en.wikipedia.org/wiki/Expressionism", 43.3423335177377
"http://en.wikipedia.org/wiki/Baroque_in_Poland", 43.30127018922193
"http://en.wikipedia.org/wiki/Sunnyside,_Houston", 43.2813844154112
"http://en.wikipedia.org/wiki/Pahiram_ng_Sandali", 43.275271225491544
"http://en.wikipedia.org/wiki/Fiorenza_Cossotto", 43.271883507731076
"http://en.wikipedia.org/wiki/Pietro_Belluschi", 43.13310928137536
"http://en.wikipedia.org/wiki/Metairie,_Louisiana", 42.90229843057579
"http://en.wikipedia.org/wiki/Central_University_of_Venezuela", 42.90229843057579
"http://en.wikipedia.org/wiki/Incorruptibility", 42.8918239413998
"http://en.wikipedia.org/wiki/London_Oratory_School", 42.88054799397415
"http://en.wikipedia.org/wiki/Gamma-ray_astronomy", 42.86301410079766
"http://en.wikipedia.org/wiki/History_of_science_and_technology_in_Mexico", 42.8107532711957
"http://en.wikipedia.org/wiki/List_of_schools_in_the_Roman_Catholic_Archdiocese_of_New_Orleans", 42.77601236724332
"http://en.wikipedia.org/wiki/Roman_Catholic_Diocese_of_Radom", 42.640143271122085
"http://en.wikipedia.org/wiki/List_of_counties_in_Texas", 42.56928719774057
"http://en.wikipedia.org/wiki/General_Roman_Calendar", 42.56928719774057
"http://en.wikipedia.org/wiki/Impeachment_of_Merceditas_Gutierrez", 42.45770302889175
"http://en.wikipedia.org/wiki/Communities_using_the_Tridentine_Mass", 42.354375568186484
"http://en.wikipedia.org/wiki/Baeza", 42.320736951515904
"http://en.wikipedia.org/wiki/Gianni_Poggi", 42.21585268381751
"http://en.wikipedia.org/wiki/The_Godfather:_The_Game", 42.1211769587116
"http://en.wikipedia.org/wiki/List_of_cathedrals_in_Venezuela", 42.1211769587116
"http://en.wikipedia.org/wiki/South_Park,_Houston", 42.036511190777595
"http://en.wikipedia.org/wiki/Lives_of_the_Most_Excellent_Painters,_Sculptors,_and_Architects", 42.01580292652103
"http://en.wikipedia.org/wiki/Brompton_Oratory", 41.91979579379143
"http://en.wikipedia.org/wiki/Calendar_of_saints_(Church_of_England)", 41.78194048012407
"http://en.wikipedia.org/wiki/American_Figurative_Expressionism", 41.680788567315034
"http://en.wikipedia.org/wiki/Freixo_de_Espada_%C3%A0_Cinta_Municipality", 41.6682479143349
"http://en.wikipedia.org/wiki/Giovanni_Battista_Tiepolo", 41.47055296574937
"http://en.wikipedia.org/wiki/The_Oratory_School", 41.29141367054267
"http://en.wikipedia.org/wiki/Roman_Catholic_Archdiocese_of_Manila", 40.86354392378842
"http://en.wikipedia.org/wiki/La_forza_del_destino", 40.74728894021331
"http://en.wikipedia.org/wiki/Oratory_Preparatory_School", 40.51377819839713
"http://en.wikipedia.org/wiki/List_of_American_places_named_after_people", 40.396516655211286
"http://en.wikipedia.org/wiki/Saint_symbolism", 40.29694507176894
"http://en.wikipedia.org/wiki/1622", 40.28047363539052
"http://en.wikipedia.org/wiki/Turandot_(Busoni)", 40.042671736190336
"http://en.wikipedia.org/wiki/Old_Three_Hundred", 39.94406658421939
"http://en.wikipedia.org/wiki/San_Francisco_Art_Institute", 39.924026522109976
"http://en.wikipedia.org/wiki/Jack_Pierson", 39.779161997214736
"http://en.wikipedia.org/wiki/Linthicum,_Maryland", 39.76868868432188
"http://en.wikipedia.org/wiki/List_of_churches_in_London", 39.68567199468631
"http://en.wikipedia.org/wiki/1970_National_Challenge_Cup", 39.413171126571726
"http://en.wikipedia.org/wiki/Bastrop,_Texas", 39.322854384027444
"http://en.wikipedia.org/wiki/List_of_schools_in_the_Roman_Catholic_Archdiocese_of_Galveston-Houston", 39.11330651157809
"http://en.wikipedia.org/wiki/Sydenham", 38.90593624371479
"http://en.wikipedia.org/wiki/1515", 38.65556717425342
"http://en.wikipedia.org/wiki/Timeline_of_architecture", 38.59486452058653
"http://en.wikipedia.org/wiki/Crown-cardinal", 38.59486452058653
"http://en.wikipedia.org/wiki/Streetwise_priest", 38.46704568612744
"http://en.wikipedia.org/wiki/Sant%27Eustachio", 38.45198700640068
"http://en.wikipedia.org/wiki/Roman_Catholic_Archdiocese_of_Omaha", 38.41106397986879
"http://en.wikipedia.org/wiki/Melbourne_Law_School", 38.39255708215277
"http://en.wikipedia.org/wiki/Roman_Catholic_Archdiocese_of_Baltimore", 38.34824944236852
"http://en.wikipedia.org/wiki/1595", 38.247641705991086
"http://en.wikipedia.org/wiki/Shahzia_Sikander", 38.22434524305108
"http://en.wikipedia.org/wiki/Bastrop_County,_Texas", 38.18813079129866
"http://en.wikipedia.org/wiki/List_of_Catholic_churches_in_the_United_States", 38.100038100057155
"http://en.wikipedia.org/wiki/Lee_%26_Low_Books", 38.02904301812996
"http://en.wikipedia.org/wiki/May_26", 37.97532405644027
"http://en.wikipedia.org/wiki/David_Briggs_(English_musician)", 37.69865555283048
"http://en.wikipedia.org/wiki/58th_New_York_State_Legislature", 37.65945356529312
"http://en.wikipedia.org/wiki/Roman_Catholic_Archdiocese_of_Philadelphia", 37.47231742306617
"http://en.wikipedia.org/wiki/Jorge_J._E._Gracia", 37.09058606914377
"http://en.wikipedia.org/wiki/David_Eaton_(composer)", 37.08725770416128
"http://en.wikipedia.org/wiki/Grade_II*_listed_buildings_in_Liverpool_%E2%80%93_Suburbs", 36.72443614987595
"http://en.wikipedia.org/wiki/May_25", 36.31508748093041
"http://en.wikipedia.org/wiki/List_of_Mexican_Americans", 36.31508748093041
"http://en.wikipedia.org/wiki/Roman_Catholic_Diocese_of_Pasig", 36.052881253504786
"http://en.wikipedia.org/wiki/List_of_Lithuanians", 35.92106040535498
"http://en.wikipedia.org/wiki/General_Roman_Calendar_of_1962", 35.8853500273005
"http://en.wikipedia.org/wiki/Index_of_philosophy_articles_(D%E2%80%93H)", 35.52266294272847
"http://en.wikipedia.org/wiki/List_of_cathedrals_in_England_and_Wales", 35.167975053230016
"http://en.wikipedia.org/wiki/1986_World_Rally_Championship_season", 35.16744398741219
"http://en.wikipedia.org/wiki/List_of_post-nominal_letters_(United_Kingdom)", 34.98440964781416
"http://en.wikipedia.org/wiki/14th_Congress_of_the_Philippines", 34.98440964781416
"http://en.wikipedia.org/wiki/Gymnastics_at_the_1932_Summer_Olympics", 34.97719621866723
"http://en.wikipedia.org/wiki/2010_Danmark_Rundt", 34.93790601904049
"http://en.wikipedia.org/wiki/Christianity_in_Omaha,_Nebraska", 34.29971702850177
"http://en.wikipedia.org/wiki/Moneyer", 34.16113174649134
"http://en.wikipedia.org/wiki/List_of_private_schools_in_Oklahoma", 34.09971697352368
"http://en.wikipedia.org/wiki/2002_in_film", 34.021981955303296
"http://en.wikipedia.org/wiki/1814", 33.800745143741196
"http://en.wikipedia.org/wiki/List_of_Catholic_saints", 33.74196088105539
"http://en.wikipedia.org/wiki/2005_Peace_Cup", 33.63609462042032
"http://en.wikipedia.org/wiki/List_of_cathedrals_in_Mexico", 33.410762783382275
"http://en.wikipedia.org/wiki/April_12", 33.31751680417082
"http://en.wikipedia.org/wiki/Listed_buildings_in_Merseyside", 33.24549831021844
"http://en.wikipedia.org/wiki/December_13", 32.88759534982359
"http://en.wikipedia.org/wiki/List_of_attacks_attributed_to_Sri_Lankan_government_forces", 32.74849260830096
"http://en.wikipedia.org/wiki/List_of_basilicas", 32.59783115217065
"http://en.wikipedia.org/wiki/Don_Carlos_discography", 32.1875136665763
"http://en.wikipedia.org/wiki/List_of_ship_launches_in_1918", 31.98010745334156
"http://en.wikipedia.org/wiki/List_of_Roman_Catholic_churches_in_Toronto", 31.690274600790445
"http://en.wikipedia.org/wiki/List_of_political_parties_in_the_Philippines", 31.260671802090673
"http://en.wikipedia.org/wiki/UPHSD_Altas", 31.046021028253314
"http://en.wikipedia.org/wiki/2010_Vuelta_Mexico_Telmex", 30.942637387763806
"http://en.wikipedia.org/wiki/2006_in_association_football", 30.871024184956802
"http://en.wikipedia.org/wiki/List_of_churches_in_the_Roman_Catholic_Archdiocese_of_New_Orleans", 30.771989722903136
"http://en.wikipedia.org/wiki/List_of_schools_of_the_Roman_Catholic_Archdiocese_of_Chicago", 30.674403616030173
"http://en.wikipedia.org/wiki/San_Pedro_Pastoral_Region", 30.3315017762062
"http://en.wikipedia.org/wiki/List_of_University_of_Birmingham_people", 29.863700494256
"http://en.wikipedia.org/wiki/February_10", 29.704426289300233
"http://en.wikipedia.org/wiki/List_of_members_of_the_15th_Congress_of_the_Philippines", 29.704426289300233
"http://en.wikipedia.org/wiki/List_of_University_of_Minnesota_people", 29.544293444628444
"http://en.wikipedia.org/wiki/Magic:_The_Gathering_Pro_Tour_season_2009", 29.282435426359033
"http://en.wikipedia.org/wiki/List_of_some_religious_institutes_(Catholic)", 29.221395296494716
"http://en.wikipedia.org/wiki/Chronological_list_of_saints_and_blesseds_in_the_16th_century", 28.91388700497279
"http://en.wikipedia.org/wiki/List_of_schools_in_the_Roman_Catholic_Archdiocese_of_New_York", 28.88603608792515
"http://en.wikipedia.org/wiki/List_of_massacres_in_Sri_Lanka", 28.775431842233168
"http://en.wikipedia.org/wiki/List_of_astronauts_by_name", 28.398091712353246
"http://en.wikipedia.org/wiki/List_of_biographers", 28.240857144745778
"http://en.wikipedia.org/wiki/List_of_members_of_the_European_Parliament,_2004%E2%80%932009", 27.89244727163178
"http://en.wikipedia.org/wiki/List_of_comedy_films_of_the_2000s", 26.675362276109198
"http://en.wikipedia.org/wiki/List_of_schools_in_Nottinghamshire", 26.646935501059655
"http://en.wikipedia.org/wiki/List_of_canonizations", 26.317287483579282
"http://en.wikipedia.org/wiki/List_of_films_shot_in_Almer%C3%ADa", 26.317287483579282
"http://en.wikipedia.org/wiki/List_of_representatives_elected_in_the_Philippine_House_of_Representatives_elections,_2010", 26.280439086880218
"http://en.wikipedia.org/wiki/Metro_Manila_Film_Festival", 25.89191112012619
"http://en.wikipedia.org/wiki/List_of_people_on_stamps_of_Mexico", 25.70332003186866
"http://en.wikipedia.org/wiki/List_of_architects", 25.586108659910288
"http://en.wikipedia.org/wiki/Patron_saints_of_places", 25.212568776077244
"http://en.wikipedia.org/wiki/List_of_University_of_California,_Davis_faculty", 25.172671021102104
"http://en.wikipedia.org/wiki/List_of_1932_Summer_Olympics_medal_winners", 25.0237079237724
"http://en.wikipedia.org/wiki/National_Register_of_Historic_Places_listings_in_Center_Township,_Marion_County,_Indiana", 24.83341080520584
"http://en.wikipedia.org/wiki/16th_Congress_of_the_Philippines", 24.448373364127985
"http://en.wikipedia.org/wiki/List_of_modern_artists", 24.34102604930507
"http://en.wikipedia.org/wiki/List_of_action_films_of_the_2000s", 23.6595075184413
"http://en.wikipedia.org/wiki/List_of_Guggenheim_Fellowships_awarded_in_1979", 23.428661839908454
"http://en.wikipedia.org/wiki/List_of_parishes_in_the_Diocese_of_Salford", 22.94157338705618
"http://en.wikipedia.org/wiki/List_of_2008_motorsport_champions", 22.843415503784847
"http://en.wikipedia.org/wiki/List_of_American_films_of_2002", 22.843415503784847
"http://en.wikipedia.org/wiki/Bembidion", 22.843415503784847
"http://en.wikipedia.org/wiki/List_of_philosophers_born_in_the_20th_century", 22.59842552268881
"http://en.wikipedia.org/wiki/List_of_Western_films_of_the_1960s", 22.42423465383483
"http://en.wikipedia.org/wiki/List_of_American_artists_1900_and_after", 22.211677869447215
"http://en.wikipedia.org/wiki/List_of_non-government_schools_in_New_South_Wales", 22.211677869447215
"http://en.wikipedia.org/wiki/List_of_Catholic_schools_in_New_South_Wales", 21.72083957389474
"http://en.wikipedia.org/wiki/Grade_II*_listed_buildings_in_Merseyside", 21.561438627179413
"http://en.wikipedia.org/wiki/List_of_Philippine_films_of_the_1990s", 20.43177196189421
"http://en.wikipedia.org/wiki/List_of_Olympic_medalists_in_gymnastics_(men)", 19.722938609659046
"http://en.wikipedia.org/wiki/Candidates_in_the_Philippine_House_of_Representatives_elections,_2013", 19.722938609659046
"http://en.wikipedia.org/wiki/List_of_film_and_television_directors", 19.722938609659046
"http://en.wikipedia.org/wiki/List_of_fashion_designers", 19.722938609659046
"http://en.wikipedia.org/wiki/List_of_Cabinets_of_the_Philippines", 19.23453549794081
"http://en.wikipedia.org/wiki/List_of_Guggenheim_Fellowships_awarded_in_1967", 16.615463268651343
"http://en.wikipedia.org/wiki/List_of_members_of_the_National_Assembly_of_France,_2002%E2%80%932007", 15.669579263200218
"http://en.wikipedia.org/wiki/2003_FIFA_World_Youth_Championship_squads", 13.775097846589402
