"http://en.wikipedia.org/wiki/American_frontier", 79.73946013668625
"http://en.wikipedia.org/wiki/Timeline_of_zoology", 76.40778945249849
"http://en.wikipedia.org/wiki/Impalement", 74.49250262930411
"http://en.wikipedia.org/wiki/John_James_Audubon", 74.10350517869439
"http://en.wikipedia.org/wiki/Robert_Ridgway", 74.10350517869439
"http://en.wikipedia.org/wiki/Thomas_Carlyle", 73.71245492832736
"http://en.wikipedia.org/wiki/William_S._Burroughs", 73.31931903224826
"http://en.wikipedia.org/wiki/List_of_University_of_Pennsylvania_people", 73.31931903224826
"http://en.wikipedia.org/wiki/Arkansas_Territorial_Militia", 73.31931903224826
"http://en.wikipedia.org/wiki/William_Baldwin_(botanist)", 73.31931903224826
"http://en.wikipedia.org/wiki/Friends_World_Committee_for_Consultation", 72.92406375912213
"http://en.wikipedia.org/wiki/Thomas_Nuttall", 72.92406375912213
"http://en.wikipedia.org/wiki/Quakers", 72.92406375912213
"http://en.wikipedia.org/wiki/George_Engelmann", 72.52665445845697
"http://en.wikipedia.org/wiki/Stalybridge", 72.52665445845697
"http://en.wikipedia.org/wiki/Mir", 71.72523036226676
"http://en.wikipedia.org/wiki/Allen_Ginsberg", 70.91474976409383
"http://en.wikipedia.org/wiki/List_of_Downton_Abbey_characters", 70.91474976409383
"http://en.wikipedia.org/wiki/Blackburn", 70.50601581351732
"http://en.wikipedia.org/wiki/Natural_Steps,_Arkansas", 70.50601581351732
"http://en.wikipedia.org/wiki/Robert_Peary", 70.50601581351732
"http://en.wikipedia.org/wiki/Piracy_in_Somalia", 70.50601581351732
"http://en.wikipedia.org/wiki/Joseph_Banks", 70.09489851399931
"http://en.wikipedia.org/wiki/List_of_mills_in_Tameside", 69.68135568055324
"http://en.wikipedia.org/wiki/Academy_of_Natural_Sciences_of_Drexel_University", 69.68135568055324
"http://en.wikipedia.org/wiki/Passenger_Pigeon", 69.68135568055324
"http://en.wikipedia.org/wiki/Textile_manufacture_during_the_Industrial_Revolution", 69.68135568055324
"http://en.wikipedia.org/wiki/Intel", 69.26534386886183
"http://en.wikipedia.org/wiki/Voyages_of_Christopher_Columbus", 69.26534386886183
"http://en.wikipedia.org/wiki/Visual_arts_by_indigenous_peoples_of_the_Americas", 69.26534386886183
"http://en.wikipedia.org/wiki/The_British_Cemetery_Montevideo", 69.26534386886183
"http://en.wikipedia.org/wiki/Ditton,_Kent", 69.26534386886183
"http://en.wikipedia.org/wiki/Ludlow_Griscom", 69.26534386886183
"http://en.wikipedia.org/wiki/Neil_Peart", 68.84681832200805
"http://en.wikipedia.org/wiki/William_Shakespeare", 68.4257329142735
"http://en.wikipedia.org/wiki/Twitter", 68.4257329142735
"http://en.wikipedia.org/wiki/Bird", 68.4257329142735
"http://en.wikipedia.org/wiki/Economics_of_nuclear_power_plants", 68.4257329142735
"http://en.wikipedia.org/wiki/Mehmed_the_Conqueror", 68.00204009180459
"http://en.wikipedia.org/wiki/Carlisle,_Cumbria", 68.00204009180459
"http://en.wikipedia.org/wiki/D._B._Cooper", 68.00204009180459
"http://en.wikipedia.org/wiki/St_Buryan", 67.57569080993036
"http://en.wikipedia.org/wiki/Sex_differences_in_human_psychology", 67.57569080993036
"http://en.wikipedia.org/wiki/Pushmataha_County,_Oklahoma", 67.14663446689798
"http://en.wikipedia.org/wiki/Astor_Expedition", 67.14663446689798
"http://en.wikipedia.org/wiki/Adam%E2%80%93God_doctrine", 67.14663446689798
"http://en.wikipedia.org/wiki/Arlen_Specter", 67.14663446689798
"http://en.wikipedia.org/wiki/Ainscough", 66.71481883377275
"http://en.wikipedia.org/wiki/Army_National_Guard", 66.71481883377275
"http://en.wikipedia.org/wiki/British_anti-invasion_preparations_of_the_Second_World_War", 66.71481883377275
"http://en.wikipedia.org/wiki/List_of_Minder_episodes", 66.71481883377275
"http://en.wikipedia.org/wiki/William_John_Swainson", 66.71481883377275
"http://en.wikipedia.org/wiki/United_Kingdom_by-election_records", 66.71481883377275
"http://en.wikipedia.org/wiki/Chicken", 66.28018998022735
"http://en.wikipedia.org/wiki/Pamela_C._Rasmussen", 66.28018998022735
"http://en.wikipedia.org/wiki/List_of_Deadwood_characters", 66.28018998022735
"http://en.wikipedia.org/wiki/Warwick_Castle", 66.28018998022735
"http://en.wikipedia.org/wiki/Peak_District", 66.28018998022735
"http://en.wikipedia.org/wiki/Spore_(2008_video_game)", 66.28018998022735
"http://en.wikipedia.org/wiki/Giovanni_Di_Stefano_(fraudster)", 65.84269219592206
"http://en.wikipedia.org/wiki/Constantine_Samuel_Rafinesque", 65.84269219592206
"http://en.wikipedia.org/wiki/Richard_Baxter", 65.84269219592206
"http://en.wikipedia.org/wiki/Shuttle%E2%80%93Mir_Program", 65.84269219592206
"http://en.wikipedia.org/wiki/Chester_Cathedral", 65.84269219592206
"http://en.wikipedia.org/wiki/Helium", 65.84269219592206
"http://en.wikipedia.org/wiki/Christopher_Monckton,_3rd_Viscount_Monckton_of_Brenchley", 65.4022679071517
"http://en.wikipedia.org/wiki/Puritan", 65.4022679071517
"http://en.wikipedia.org/wiki/Lynton_and_Barnstaple_Railway", 65.4022679071517
"http://en.wikipedia.org/wiki/History_of_journalism", 65.4022679071517
"http://en.wikipedia.org/wiki/Spamalot", 65.4022679071517
"http://en.wikipedia.org/wiki/UK_Independence_Party", 64.95885758840554
"http://en.wikipedia.org/wiki/Denton,_Greater_Manchester", 64.95885758840554
"http://en.wikipedia.org/wiki/John_Overall_(bishop)", 64.51239966845645
"http://en.wikipedia.org/wiki/Flag_of_Australia", 64.51239966845645
"http://en.wikipedia.org/wiki/Downton_Abbey", 64.06283043055907
"http://en.wikipedia.org/wiki/State_University_of_New_York_College_of_Environmental_Science_and_Forestry", 64.06283043055907
"http://en.wikipedia.org/wiki/Whitefield,_Greater_Manchester", 64.06283043055907
"http://en.wikipedia.org/wiki/Baghdad", 64.06283043055907
"http://en.wikipedia.org/wiki/Blackburn_Rovers_F.C.", 63.610083906299586
"http://en.wikipedia.org/wiki/Black-footed_ferret", 63.610083906299586
"http://en.wikipedia.org/wiki/Deadwood_(TV_series)", 63.610083906299586
"http://en.wikipedia.org/wiki/Spencer_Fullerton_Baird", 63.15409176259589
"http://en.wikipedia.org/wiki/List_of_Emmerdale_characters_(2009)", 63.15409176259589
"http://en.wikipedia.org/wiki/Holly_Barton", 63.15409176259589
"http://en.wikipedia.org/wiki/History_of_American_journalism", 63.15409176259589
"http://en.wikipedia.org/wiki/Point_Pleasant_High_School_(West_Virginia)", 63.15409176259589
"http://en.wikipedia.org/wiki/Great_Yarmouth", 63.15409176259589
"http://en.wikipedia.org/wiki/Nathaniel_Jarvis_Wyeth", 63.15409176259589
"http://en.wikipedia.org/wiki/Hakluyt_Society", 63.15409176259589
"http://en.wikipedia.org/wiki/Thomas_Fuller", 63.15409176259589
"http://en.wikipedia.org/wiki/Ben_Folds", 62.69478318130057
"http://en.wikipedia.org/wiki/Hibernian_F.C.", 62.69478318130057
"http://en.wikipedia.org/wiki/Bernhard_Fernow", 62.69478318130057
"http://en.wikipedia.org/wiki/Harold_Shipman", 62.69478318130057
"http://en.wikipedia.org/wiki/New_York_State_College_of_Forestry_at_Cornell", 62.69478318130057
"http://en.wikipedia.org/wiki/Arkansas_Post", 62.69478318130057
"http://en.wikipedia.org/wiki/April_1933", 62.23208473080582
"http://en.wikipedia.org/wiki/Marriage_(Same_Sex_Couples)_Act_2013", 62.23208473080582
"http://en.wikipedia.org/wiki/Arthur,_Prince_of_Wales", 62.23208473080582
"http://en.wikipedia.org/wiki/My_Fair_Lady", 62.23208473080582
"http://en.wikipedia.org/wiki/Shamanism_among_Eskimo_peoples", 62.23208473080582
"http://en.wikipedia.org/wiki/Crossrail", 62.23208473080582
"http://en.wikipedia.org/wiki/George_Leo_Haydock", 62.23208473080582
"http://en.wikipedia.org/wiki/Better_Place", 62.23208473080582
"http://en.wikipedia.org/wiki/Villanova_College", 62.23208473080582
"http://en.wikipedia.org/wiki/Oldham_Roughyeds", 61.76592022899119
"http://en.wikipedia.org/wiki/History_of_molecular_evolution", 61.76592022899119
"http://en.wikipedia.org/wiki/List_of_works_by_Walter_Gilbert", 61.29621059678985
"http://en.wikipedia.org/wiki/John_Taylor_(Mormon)", 61.29621059678985
"http://en.wikipedia.org/wiki/Nuclear_renaissance", 61.29621059678985
"http://en.wikipedia.org/wiki/Diocese_of_Natal", 61.29621059678985
"http://en.wikipedia.org/wiki/Jayant_Patel", 60.82287370157644
"http://en.wikipedia.org/wiki/Provinces_and_territories_of_Canada", 60.82287370157644
"http://en.wikipedia.org/wiki/Snowdon", 60.82287370157644
"http://en.wikipedia.org/wiki/List_of_extant_baronetcies", 60.82287370157644
"http://en.wikipedia.org/wiki/Ficus_aurea", 60.345824189498195
"http://en.wikipedia.org/wiki/Logrolling", 60.345824189498195
"http://en.wikipedia.org/wiki/Anglican_Church_of_Southern_Africa", 60.345824189498195
"http://en.wikipedia.org/wiki/Mormon_studies", 59.86497330577984
"http://en.wikipedia.org/wiki/Learning_disability", 59.86497330577984
"http://en.wikipedia.org/wiki/Mayanism", 59.86497330577984
"http://en.wikipedia.org/wiki/Zoe_Tate", 59.380228701931095
"http://en.wikipedia.org/wiki/List_of_RAF_aircrew_in_the_Battle_of_Britain_(G%E2%80%93K)", 59.380228701931095
"http://en.wikipedia.org/wiki/Charles_Upham_Shepard", 59.380228701931095
"http://en.wikipedia.org/wiki/Anne_Askew", 59.380228701931095
"http://en.wikipedia.org/wiki/California_spiny_lobster", 58.89149422867066
"http://en.wikipedia.org/wiki/Queen_Street_Mill", 58.398669713251664
"http://en.wikipedia.org/wiki/Kiamichi_River", 58.398669713251664
"http://en.wikipedia.org/wiki/Skiddaw", 58.398669713251664
"http://en.wikipedia.org/wiki/Asplenium_pinnatifidum", 58.398669713251664
"http://en.wikipedia.org/wiki/Battle_of_Maiwand", 58.398669713251664
"http://en.wikipedia.org/wiki/Henry_Jacob", 57.90165071972787
"http://en.wikipedia.org/wiki/20th_century_in_literature", 57.90165071972787
"http://en.wikipedia.org/wiki/Spear-thrower", 57.90165071972787
"http://en.wikipedia.org/wiki/Millbank_Prison", 57.90165071972787
"http://en.wikipedia.org/wiki/Jack_Walker", 57.40032829053568
"http://en.wikipedia.org/wiki/September_6", 57.40032829053568
"http://en.wikipedia.org/wiki/Bernard_McMahon", 57.40032829053568
"http://en.wikipedia.org/wiki/American_Ornithologists%27_Union", 57.40032829053568
"http://en.wikipedia.org/wiki/Clement_Mansfield_Ingleby", 57.40032829053568
"http://en.wikipedia.org/wiki/The_King%27s_School,_Worcester", 57.40032829053568
"http://en.wikipedia.org/wiki/Greenwood_%26_Batley", 57.40032829053568
"http://en.wikipedia.org/wiki/United_Kingdom_withdrawal_from_the_European_Union", 56.89458866758051
"http://en.wikipedia.org/wiki/2000_New_Year_Honours", 56.89458866758051
"http://en.wikipedia.org/wiki/Douglas_of_Mains", 56.89458866758051
"http://en.wikipedia.org/wiki/Maclura_pomifera", 56.89458866758051
"http://en.wikipedia.org/wiki/Wisteria", 56.38431299080522
"http://en.wikipedia.org/wiki/Ronnie_Burns_(singer)", 56.38431299080522
"http://en.wikipedia.org/wiki/Orrery", 56.38431299080522
"http://en.wikipedia.org/wiki/Tzolk%27in", 56.38431299080522
"http://en.wikipedia.org/wiki/1982_in_music", 56.38431299080522
"http://en.wikipedia.org/wiki/British_Poetry_Revival", 56.38431299080522
"http://en.wikipedia.org/wiki/List_of_Coronation_Street_characters_(1963)", 56.38431299080522
"http://en.wikipedia.org/wiki/Alexander_of_Abonoteichus", 56.38431299080522
"http://en.wikipedia.org/wiki/House_of_Lancaster", 56.38431299080522
"http://en.wikipedia.org/wiki/List_of_biologists", 55.86937697197807
"http://en.wikipedia.org/wiki/Equinox", 55.86937697197807
"http://en.wikipedia.org/wiki/Edge_Hill_University", 55.86937697197807
"http://en.wikipedia.org/wiki/Emeka_Esogbue", 55.86937697197807
"http://en.wikipedia.org/wiki/Henry_Jessey", 55.86937697197807
"http://en.wikipedia.org/wiki/Manchester_City_F.C._Reserves_and_Academy", 55.86937697197807
"http://en.wikipedia.org/wiki/Bootham_School", 55.34965054116333
"http://en.wikipedia.org/wiki/1900_in_literature", 55.34965054116333
"http://en.wikipedia.org/wiki/Recusancy", 55.34965054116333
"http://en.wikipedia.org/wiki/John_Bradbury_(naturalist)", 55.34965054116333
"http://en.wikipedia.org/wiki/Charles_Foster_Batchelder", 54.824997463026016
"http://en.wikipedia.org/wiki/Fenny_Bentley", 54.824997463026016
"http://en.wikipedia.org/wiki/In_and_Out_of_Consciousness:_Greatest_Hits_1990%E2%80%932010", 54.824997463026016
"http://en.wikipedia.org/wiki/Tick", 54.295274919763656
"http://en.wikipedia.org/wiki/East_Lancashire_Railway", 54.295274919763656
"http://en.wikipedia.org/wiki/South_Stream", 54.295274919763656
"http://en.wikipedia.org/wiki/Queen%27s_Royal_Regiment_(West_Surrey)", 54.295274919763656
"http://en.wikipedia.org/wiki/Larks_of_Dean", 54.295274919763656
"http://en.wikipedia.org/wiki/Henry_Maudsley", 53.760333057047035
"http://en.wikipedia.org/wiki/Caspar_Wistar_(physician)", 53.760333057047035
"http://en.wikipedia.org/wiki/Chas_Dingle", 53.760333057047035
"http://en.wikipedia.org/wiki/William_Cooper_(conchologist)", 53.45224838248488
"http://en.wikipedia.org/wiki/Second_Anglo-Afghan_War", 53.220014488879386
"http://en.wikipedia.org/wiki/Asplenium_%C3%97_trudellii", 53.220014488879386
"http://en.wikipedia.org/wiki/Charles_Bendire", 53.220014488879386
"http://en.wikipedia.org/wiki/Carya_aquatica", 53.220014488879386
"http://en.wikipedia.org/wiki/Queensland_state_election,_2006", 53.220014488879386
"http://en.wikipedia.org/wiki/Ganges_Canal", 52.67415375673765
"http://en.wikipedia.org/wiki/Charles_Cripps,_1st_Baron_Parmoor", 52.67415375673765
"http://en.wikipedia.org/wiki/Bablake_School", 52.67415375673765
"http://en.wikipedia.org/wiki/List_of_Sheriffs_of_London", 52.67415375673765
"http://en.wikipedia.org/wiki/Harry_Nuttall_(politician)", 52.22329678670935
"http://en.wikipedia.org/wiki/Common_Poorwill", 52.12257673772803
"http://en.wikipedia.org/wiki/Lowesby_Hall", 52.12257673772803
"http://en.wikipedia.org/wiki/Captain_Blood_(1935_film)", 52.12257673772803
"http://en.wikipedia.org/wiki/National_Youth_Music_Theatre", 52.12257673772803
"http://en.wikipedia.org/wiki/Christ%27s_College_(Finchley)", 52.12257673772803
"http://en.wikipedia.org/wiki/2013_New_Year_Honours", 52.12257673772803
"http://en.wikipedia.org/wiki/Bootle_(UK_Parliament_constituency)", 52.12257673772803
"http://en.wikipedia.org/wiki/Walter_Cradock", 52.12257673772803
"http://en.wikipedia.org/wiki/Cathedral_of_St_Michael_and_St_George", 52.12257673772803
"http://en.wikipedia.org/wiki/Chorltonville", 52.12257673772803
"http://en.wikipedia.org/wiki/Actaea_racemosa", 52.12257673772803
"http://en.wikipedia.org/wiki/Rafinesquia", 51.71478129752811
"http://en.wikipedia.org/wiki/All_Saints_Maidstone_(South_Africa)", 51.56509999575542
"http://en.wikipedia.org/wiki/Hayley_Tamaddon", 51.56509999575542
"http://en.wikipedia.org/wiki/Anthony_Cooke", 51.56509999575542
"http://en.wikipedia.org/wiki/Lark_Bunting", 51.56509999575542
"http://en.wikipedia.org/wiki/Hereford_Cathedral_School", 51.56509999575542
"http://en.wikipedia.org/wiki/St._Lawrence_Quartet", 51.56509999575542
"http://en.wikipedia.org/wiki/Arthur_Shipley", 51.00153006885344
"http://en.wikipedia.org/wiki/2013_in_Canada", 51.00153006885344
"http://en.wikipedia.org/wiki/Tom_Nuttall", 50.4524979109513
"http://en.wikipedia.org/wiki/List_of_Manchester_United_F.C._players_(fewer_than_25_appearances)", 50.43166268482599
"http://en.wikipedia.org/wiki/A._Hunter_Dupree", 50.43166268482599
"http://en.wikipedia.org/wiki/Yellow-billed_Magpie", 50.43166268482599
"http://en.wikipedia.org/wiki/Royal_Liver_Building", 50.43166268482599
"http://en.wikipedia.org/wiki/2009_New_Year_Honours", 50.43166268482599
"http://en.wikipedia.org/wiki/Tring_Park_School_for_the_Performing_Arts", 50.43166268482599
"http://en.wikipedia.org/wiki/Rosyth", 49.85528189618405
"http://en.wikipedia.org/wiki/Garsdale_railway_station", 49.85528189618405
"http://en.wikipedia.org/wiki/Andrew_Buchan", 49.85528189618405
"http://en.wikipedia.org/wiki/January_4", 49.85528189618405
"http://en.wikipedia.org/wiki/Eildon_Hill", 49.85528189618405
"http://en.wikipedia.org/wiki/1859_in_science", 49.272159123990946
"http://en.wikipedia.org/wiki/List_of_Americans_of_English_descent", 49.272159123990946
"http://en.wikipedia.org/wiki/1990_New_Year_Honours", 48.68205209861014
"http://en.wikipedia.org/wiki/Wilson%27s_Warbler", 48.68205209861014
"http://en.wikipedia.org/wiki/List_of_United_Kingdom_MPs_by_seniority,_2010-", 48.68205209861014
"http://en.wikipedia.org/wiki/List_of_New_Zealand_Kiwis_representatives", 48.68205209861014
"http://en.wikipedia.org/wiki/Thomas_Robinson_(Stretford_politician)", 48.68205209861014
"http://en.wikipedia.org/wiki/Cultural_depictions_of_Julius_Caesar", 48.68205209861014
"http://en.wikipedia.org/wiki/Nicholas_Nuttall", 48.0847036834345
"http://en.wikipedia.org/wiki/List_of_English_writers", 48.0847036834345
"http://en.wikipedia.org/wiki/Zina_Pitcher", 48.0847036834345
"http://en.wikipedia.org/wiki/Fran%C3%A7ois_Andr%C3%A9_Michaux", 48.0847036834345
"http://en.wikipedia.org/wiki/Lol_Coxhill", 48.0847036834345
"http://en.wikipedia.org/wiki/William_Gambel", 47.63930673403309
"http://en.wikipedia.org/wiki/Deaths_in_July_2007", 47.47984056539793
"http://en.wikipedia.org/wiki/Oregon_missionaries", 47.47984056539793
"http://en.wikipedia.org/wiki/H._Newell_Martin", 47.47984056539793
"http://en.wikipedia.org/wiki/Flora_of_the_United_States", 47.47984056539793
"http://en.wikipedia.org/wiki/New_College_London", 46.86717179335142
"http://en.wikipedia.org/wiki/Scientific_phenomena_named_after_people", 46.86717179335142
"http://en.wikipedia.org/wiki/1982_in_British_television", 46.86717179335142
"http://en.wikipedia.org/wiki/1998_New_Year_Honours", 46.86717179335142
"http://en.wikipedia.org/wiki/Abronia_fragrans", 46.86717179335142
"http://en.wikipedia.org/wiki/List_of_encyclopedias_by_language", 46.86717179335142
"http://en.wikipedia.org/wiki/Charles_Henry_Wilcken", 46.86717179335142
"http://en.wikipedia.org/wiki/Gustave_d%27Eichthal", 46.86717179335142
"http://en.wikipedia.org/wiki/Harold_Pinter_Theatre", 46.86717179335142
"http://en.wikipedia.org/wiki/United_States_House_of_Representatives_elections,_1982", 46.86717179335142
"http://en.wikipedia.org/wiki/David_M._Kelley", 46.86717179335142
"http://en.wikipedia.org/wiki/Samuel_Bough", 46.835332678403965
"http://en.wikipedia.org/wiki/Thomas_Drummond", 46.246387142126274
"http://en.wikipedia.org/wiki/Henry_Milbourne", 46.246387142126274
"http://en.wikipedia.org/wiki/George_Darley", 46.246387142126274
"http://en.wikipedia.org/wiki/List_of_Ericaceae_genera", 46.246387142126274
"http://en.wikipedia.org/wiki/John_Kirk_Townsend", 46.246387142126274
"http://en.wikipedia.org/wiki/Nuttall%27s_Woodpecker", 46.246387142126274
"http://en.wikipedia.org/wiki/Potentilla_robbinsiana", 46.246387142126274
"http://en.wikipedia.org/wiki/Sheriff_of_Dublin_City", 45.61715527618234
"http://en.wikipedia.org/wiki/1991_Birthday_Honours", 45.61715527618234
"http://en.wikipedia.org/wiki/1570s_in_England", 45.61715527618234
"http://en.wikipedia.org/wiki/List_of_Fellows_of_the_Royal_Society_M,N,O", 45.61715527618234
"http://en.wikipedia.org/wiki/Westminster_Review", 45.61715527618234
"http://en.wikipedia.org/wiki/Richard_Pearsall", 45.61715527618234
"http://en.wikipedia.org/wiki/1976_Hardie-Ferodo_1000", 45.61715527618234
"http://en.wikipedia.org/wiki/Harold_Wilson_bibliography", 45.61715527618234
"http://en.wikipedia.org/wiki/Mimosa_nuttallii", 45.61715527618234
"http://en.wikipedia.org/wiki/Townsend%27s_Warbler", 45.61715527618234
"http://en.wikipedia.org/wiki/Carnedd_Llewelyn", 45.61715527618234
"http://en.wikipedia.org/wiki/John_Alured", 45.607017003965524
"http://en.wikipedia.org/wiki/Achromatorida", 44.97912168198971
"http://en.wikipedia.org/wiki/List_of_people_from_Bolton", 44.97912168198971
"http://en.wikipedia.org/wiki/Nebivolol", 44.97912168198971
"http://en.wikipedia.org/wiki/List_of_Liberty_ships_(S%E2%80%93Z)", 44.97912168198971
"http://en.wikipedia.org/wiki/George_Washington_Carpenter", 44.97912168198971
"http://en.wikipedia.org/wiki/List_of_members_of_the_Council_of_Fifty", 44.97912168198971
"http://en.wikipedia.org/wiki/2005%E2%80%9306_Rangers_F.C._season", 44.97912168198971
"http://en.wikipedia.org/wiki/Redheugh_Bridge", 44.97912168198971
"http://en.wikipedia.org/wiki/Nuttallanthus", 44.85749794573054
"http://en.wikipedia.org/wiki/Viola_nuttallii", 44.487826050130465
"http://en.wikipedia.org/wiki/Nuttall_Ornithological_Club", 44.44444444444444
"http://en.wikipedia.org/wiki/Celtis_reticulata", 44.33190633251794
"http://en.wikipedia.org/wiki/Paul_et_Virginie", 44.33190633251794
"http://en.wikipedia.org/wiki/Jalap", 44.33190633251794
"http://en.wikipedia.org/wiki/Hugh_Seat", 44.33190633251794
"http://en.wikipedia.org/wiki/Bouteloua_dactyloides", 44.33190633251794
"http://en.wikipedia.org/wiki/Ontario_municipal_elections,_2006", 44.33190633251794
"http://en.wikipedia.org/wiki/Myrmidon_Club", 44.33190633251794
"http://en.wikipedia.org/wiki/2004_in_literature", 44.33190633251794
"http://en.wikipedia.org/wiki/Richard_Kraft", 43.7130189471936
"http://en.wikipedia.org/wiki/1996_New_Year_Honours", 43.67510104014703
"http://en.wikipedia.org/wiki/High_Sheriff_of_Nottinghamshire", 43.67510104014703
"http://en.wikipedia.org/wiki/Stretford_(UK_Parliament_constituency)", 43.67510104014703
"http://en.wikipedia.org/wiki/Pacific_Dogwood", 43.67510104014703
"http://en.wikipedia.org/wiki/Revue_Noire", 43.67510104014703
"http://en.wikipedia.org/wiki/Candidates_of_the_Australian_federal_election,_1998", 43.67510104014703
"http://en.wikipedia.org/wiki/Blitum", 43.67510104014703
"http://en.wikipedia.org/wiki/Lukyn_Williams", 43.49588362008401
"http://en.wikipedia.org/wiki/Blitum_nuttallianum", 43.30127018922193
"http://en.wikipedia.org/wiki/Tamworth_(UK_Parliament_constituency)", 43.00826644563763
"http://en.wikipedia.org/wiki/Oxford_University_Society_of_Bibliophiles", 43.00826644563763
"http://en.wikipedia.org/wiki/Eurybia_compacta", 43.00826644563763
"http://en.wikipedia.org/wiki/Verdigris_River", 42.33092858006858
"http://en.wikipedia.org/wiki/Athletics_at_the_1994_Commonwealth_Games", 42.33092858006858
"http://en.wikipedia.org/wiki/British_Poetry_since_1945", 42.33092858006858
"http://en.wikipedia.org/wiki/Bristol_West_(UK_Parliament_constituency)", 42.33092858006858
"http://en.wikipedia.org/wiki/1811_in_birding_and_ornithology", 42.056004125370706
"http://en.wikipedia.org/wiki/Heinrich_Johann_Nepomuk_von_Crantz", 42.05107231601627
"http://en.wikipedia.org/wiki/First_Citizen_(book)", 42.05107231601627
"http://en.wikipedia.org/wiki/1834_in_birding_and_ornithology", 41.95235392680606
"http://en.wikipedia.org/wiki/Ixodes_hoogstraali", 41.76345347922784
"http://en.wikipedia.org/wiki/1994_Birthday_Honours", 41.642574923301446
"http://en.wikipedia.org/wiki/Doual%27art", 41.642574923301446
"http://en.wikipedia.org/wiki/Arsanilic_acid", 41.642574923301446
"http://en.wikipedia.org/wiki/Calochortus_nuttallii", 41.642574923301446
"http://en.wikipedia.org/wiki/Helianthus_petiolaris", 41.642574923301446
"http://en.wikipedia.org/wiki/Asa_Gray_House", 41.256849850351735
"http://en.wikipedia.org/wiki/Natural_Supernaturalism", 41.256849850351735
"http://en.wikipedia.org/wiki/Manchester_Council_election,_2004", 40.94264986581453
"http://en.wikipedia.org/wiki/Hibbert_Lectures", 40.94264986581453
"http://en.wikipedia.org/wiki/Higgs_and_Hill", 40.94264986581453
"http://en.wikipedia.org/wiki/British_National_Road_Race_Championships", 40.94264986581453
"http://en.wikipedia.org/wiki/Buckleya_distichophylla", 40.94264986581453
"http://en.wikipedia.org/wiki/Toddsbury", 40.298034988465915
"http://en.wikipedia.org/wiki/Great_Britain_at_the_1996_Summer_Olympics", 40.23054945966547
"http://en.wikipedia.org/wiki/Ashfield_Council_election,_2011", 40.23054945966547
"http://en.wikipedia.org/wiki/List_of_musical_acts_from_Western_Australia", 40.23054945966547
"http://en.wikipedia.org/wiki/1994_24_Hours_of_Le_Mans", 40.23054945966547
"http://en.wikipedia.org/wiki/UKIP_Gibraltar", 40.23054945966547
"http://en.wikipedia.org/wiki/List_of_Nelson_F.C._players", 40.23054945966547
"http://en.wikipedia.org/wiki/Meehania_cordata", 40.23054945966547
"http://en.wikipedia.org/wiki/Quercus_sagraeana", 40.18590340278711
"http://en.wikipedia.org/wiki/2004_in_art", 39.505615317553236
"http://en.wikipedia.org/wiki/Mixteca_Alta_Formative_Project", 39.505615317553236
"http://en.wikipedia.org/wiki/List_of_England_international_footballers_(alphabetical)", 39.505615317553236
"http://en.wikipedia.org/wiki/Moving_On_(TV_series)", 39.505615317553236
"http://en.wikipedia.org/wiki/Penguin_Modern_Poets", 39.505615317553236
"http://en.wikipedia.org/wiki/Tributyltin", 39.505615317553236
"http://en.wikipedia.org/wiki/Dean_and_Canons_of_Windsor", 39.505615317553236
"http://en.wikipedia.org/wiki/Sophie_Parkin", 39.505615317553236
"http://en.wikipedia.org/wiki/Amorpha_nana", 39.413171126571726
"http://en.wikipedia.org/wiki/Wigan_Town_Hall", 38.92494720807614
"http://en.wikipedia.org/wiki/North_West_England_(European_Parliament_constituency)", 38.76712748464096
"http://en.wikipedia.org/wiki/Manchester_Council_election,_1982", 38.76712748464096
"http://en.wikipedia.org/wiki/Lloyd%27s_War_Medal_for_Bravery_at_Sea", 38.76712748464096
"http://en.wikipedia.org/wiki/Philip_Russell_(bishop)", 38.76712748464096
"http://en.wikipedia.org/wiki/List_of_MPs_elected_in_the_United_Kingdom_general_election,_1906", 38.76712748464096
"http://en.wikipedia.org/wiki/2007_British_GT_season", 38.76712748464096
"http://en.wikipedia.org/wiki/APRA_Music_Awards_of_2010", 38.76712748464096
"http://en.wikipedia.org/wiki/List_of_oboists", 38.76712748464096
"http://en.wikipedia.org/wiki/Nodaway,_Missouri", 38.76712748464096
"http://en.wikipedia.org/wiki/List_of_Lord_Mayors_of_Dublin", 38.76712748464096
"http://en.wikipedia.org/wiki/List_of_national_champions_5000_metres_(men)", 38.014296063485276
"http://en.wikipedia.org/wiki/Turbonilla_nuttalli", 38.014296063485276
"http://en.wikipedia.org/wiki/National_Register_of_Historic_Places_listings_in_Cook_County,_Illinois", 38.014296063485276
"http://en.wikipedia.org/wiki/Timeline_of_immunology", 38.014296063485276
"http://en.wikipedia.org/wiki/Index_of_physics_articles_(G)", 38.014296063485276
"http://en.wikipedia.org/wiki/Leadhills_and_Wanlockhead_Railway", 38.014296063485276
"http://en.wikipedia.org/wiki/1933_in_art", 38.014296063485276
"http://en.wikipedia.org/wiki/Yorkshire_and_the_Humber_(European_Parliament_constituency)", 38.014296063485276
"http://en.wikipedia.org/wiki/Municipal_Borough_of_Farnworth", 38.014296063485276
"http://en.wikipedia.org/wiki/Gorebridge_railway_station", 37.79644730092272
"http://en.wikipedia.org/wiki/Anglican_Diocese_of_Pretoria", 37.56385157016352
"http://en.wikipedia.org/wiki/Mentzelia_multiflora", 37.246251314652056
"http://en.wikipedia.org/wiki/1786_in_science", 37.246251314652056
"http://en.wikipedia.org/wiki/19th_Screen_Actors_Guild_Awards", 37.246251314652056
"http://en.wikipedia.org/wiki/1816_in_the_United_States", 37.246251314652056
"http://en.wikipedia.org/wiki/List_of_English-language_poets", 36.46203187956107
"http://en.wikipedia.org/wiki/Keir", 35.805743701971636
"http://en.wikipedia.org/wiki/England_at_the_1994_Commonwealth_Games", 35.66057067095302
"http://en.wikipedia.org/wiki/Meretrix", 35.66057067095302
"http://en.wikipedia.org/wiki/List_of_mayors_in_Ontario", 35.66057067095302
"http://en.wikipedia.org/wiki/Astranthium", 35.46103537603097
"http://en.wikipedia.org/wiki/Procedure_Committee", 35.136418446315325
"http://en.wikipedia.org/wiki/South_Ribble_Council_election,_2003", 34.84067784027662
"http://en.wikipedia.org/wiki/List_of_members_of_the_European_Parliament,_2009%E2%80%932014", 34.84067784027662
"http://en.wikipedia.org/wiki/Nuttall", 34.24674446093876
"http://en.wikipedia.org/wiki/Spending_Time_with_Morgan", 34.001020045902294
"http://en.wikipedia.org/wiki/Electoral_history_of_Nick_Griffin", 34.001020045902294
"http://en.wikipedia.org/wiki/List_of_MPs_elected_in_the_United_Kingdom_general_election,_1924", 34.001020045902294
"http://en.wikipedia.org/wiki/List_of_Western_Bulldogs_players", 34.001020045902294
"http://en.wikipedia.org/wiki/List_of_authors_of_names_published_under_the_ICZN", 34.001020045902294
"http://en.wikipedia.org/wiki/29th_Legislative_Assembly_of_Ontario", 33.140094990113674
"http://en.wikipedia.org/wiki/List_of_MPs_elected_in_the_United_Kingdom_general_election,_December_1910", 33.140094990113674
"http://en.wikipedia.org/wiki/List_of_MPs_elected_in_the_United_Kingdom_general_election,_January_1910", 33.140094990113674
"http://en.wikipedia.org/wiki/Index_of_physics_articles_(J)", 33.140094990113674
"http://en.wikipedia.org/wiki/List_of_fashion_designers", 33.140094990113674
"http://en.wikipedia.org/wiki/Oxford_Poetry", 33.140094990113674
"http://en.wikipedia.org/wiki/Harrogate_Council_election,_1999", 32.25619983422823
"http://en.wikipedia.org/wiki/Electoral_district_of_Sandgate", 32.25619983422823
"http://en.wikipedia.org/wiki/Liverpool_Council_election,_2004", 32.25619983422823
"http://en.wikipedia.org/wiki/List_of_composers_for_the_classical_guitar_(chronological)", 32.25619983422823
"http://en.wikipedia.org/wiki/Screen_Actors_Guild_Award_for_Outstanding_Performance_by_an_Ensemble_in_a_Drama_Series", 32.25619983422823
"http://en.wikipedia.org/wiki/List_of_Bergerac_episodes", 32.25619983422823
"http://en.wikipedia.org/wiki/List_of_hospitals_in_Jamaica", 31.49183286488868
"http://en.wikipedia.org/wiki/Candidates_of_the_Queensland_state_election,_2006", 31.347391590650286
"http://en.wikipedia.org/wiki/Candidates_of_the_Queensland_state_election,_2004", 31.347391590650286
"http://en.wikipedia.org/wiki/Liverpool_Council_election,_2008", 31.347391590650286
"http://en.wikipedia.org/wiki/List_of_nicknames_of_European_royalty_and_nobility:_N-O", 31.347391590650286
"http://en.wikipedia.org/wiki/Sefton_Council_election,_2008", 31.347391590650286
"http://en.wikipedia.org/wiki/Fazakerley_(ward)", 31.347391590650286
"http://en.wikipedia.org/wiki/1929_FA_Cup_Final", 30.41143685078822
"http://en.wikipedia.org/wiki/Second_Aeon", 30.41143685078822
"http://en.wikipedia.org/wiki/List_of_composers_for_the_classical_guitar_(nationality)", 30.41143685078822
"http://en.wikipedia.org/wiki/List_of_past_Coronation_Street_characters", 30.41143685078822
"http://en.wikipedia.org/wiki/List_of_US_national_Golden_Gloves_champions", 30.41143685078822
"http://en.wikipedia.org/wiki/Wirral_Council_election,_2003", 30.41143685078822
"http://en.wikipedia.org/wiki/Wirral_Council_election,_2004", 30.41143685078822
"http://en.wikipedia.org/wiki/Linacre_(ward)", 29.78416985906353
"http://en.wikipedia.org/wiki/Douglas_North", 29.44574711433533
"http://en.wikipedia.org/wiki/Liverpool_Council_election,_2003", 29.44574711433533
"http://en.wikipedia.org/wiki/Liverpool_Council_election,_2002", 29.44574711433533
"http://en.wikipedia.org/wiki/List_of_botanists_by_author_abbreviation_(K%E2%80%93O)", 29.44574711433533
"http://en.wikipedia.org/wiki/Electoral_results_for_the_Division_of_New_England", 28.447294333790254
"http://en.wikipedia.org/wiki/The_New_British_Poetry", 28.447294333790254
"http://en.wikipedia.org/wiki/1985_European_Athletics_Junior_Championships", 27.412498731513008
"http://en.wikipedia.org/wiki/List_of_past_Emmerdale_characters", 27.412498731513008
"http://en.wikipedia.org/wiki/Wirral_Council_election,_2002", 27.412498731513008
"http://en.wikipedia.org/wiki/List_of_botanists", 26.337076878368826
"http://en.wikipedia.org/wiki/List_of_The_Bill_cast_members", 26.337076878368826
"http://en.wikipedia.org/wiki/Electoral_results_for_the_district_of_Sandgate", 25.215831342412994
"http://en.wikipedia.org/wiki/Results_of_the_Queensland_state_election,_1969_(A-L)", 24.04235184171725
"http://en.wikipedia.org/wiki/Results_of_the_Queensland_state_election,_1983_(A-L)", 24.04235184171725
"http://en.wikipedia.org/wiki/Results_of_the_Queensland_state_election,_1972_(A-L)", 24.04235184171725
"http://en.wikipedia.org/wiki/List_of_Bergerac_cast_members", 18.623125657326028
