"http://en.wikipedia.org/wiki/Jacques_Offenbach", 76.78230517547452
"http://en.wikipedia.org/wiki/Fantasio_(disambiguation)", 74.05316311773547
"http://en.wikipedia.org/wiki/Barbe-bleue", 72.11102550927978
"http://en.wikipedia.org/wiki/Musical_theatre", 71.93142118180226
"http://en.wikipedia.org/wiki/France", 71.75830078355592
"http://en.wikipedia.org/wiki/Georges_Bizet", 71.58476171262103
"http://en.wikipedia.org/wiki/Le_Chandelier", 71.11590022187595
"http://en.wikipedia.org/wiki/D%27Oyly_Carte_Opera_Company", 70.18100265975372
"http://en.wikipedia.org/wiki/Richard_D%27Oyly_Carte", 70.00355357007108
"http://en.wikipedia.org/wiki/Daphnis_et_Chlo%C3%A9_(disambiguation)", 69.48083337796513
"http://en.wikipedia.org/wiki/Opera", 69.10947404650881
"http://en.wikipedia.org/wiki/Pierrot", 68.92926650628546
"http://en.wikipedia.org/wiki/The_Sorcerer", 68.74858659786382
"http://en.wikipedia.org/wiki/Carmen", 68.56743058707562
"http://en.wikipedia.org/wiki/Trial_by_Jury", 68.56743058707562
"http://en.wikipedia.org/wiki/Ivan_Bunin", 68.38579469029284
"http://en.wikipedia.org/wiki/Anastasia_Vyaltseva", 68.38579469029284
"http://en.wikipedia.org/wiki/Greek_mythology", 68.20367507350565
"http://en.wikipedia.org/wiki/Marius_Petipa", 67.65437478730179
"http://en.wikipedia.org/wiki/The_Mikado", 67.28568335150949
"http://en.wikipedia.org/wiki/Hamlet_(opera)", 67.28568335150949
"http://en.wikipedia.org/wiki/Charles_Baudelaire", 66.72882674233048
"http://en.wikipedia.org/wiki/Soviet%E2%80%93German_relations_before_1941", 66.35499283872214
"http://en.wikipedia.org/wiki/French_opera", 66.16728385491064
"http://en.wikipedia.org/wiki/Les_p%C3%AAcheurs_de_perles", 65.97904084514848
"http://en.wikipedia.org/wiki/Jewish_culture", 65.97904084514848
"http://en.wikipedia.org/wiki/History_of_the_Jews_in_Cologne", 65.02965263164977
"http://en.wikipedia.org/wiki/Charvet_Place_Vend%C3%B4me", 63.28487279262012
"http://en.wikipedia.org/wiki/Opera_in_German", 63.28487279262012
"http://en.wikipedia.org/wiki/Princess_Ida", 63.088029787651166
"http://en.wikipedia.org/wiki/Joan_Sutherland", 62.89057068112051
"http://en.wikipedia.org/wiki/Ludwig_Minkus", 62.89057068112051
"http://en.wikipedia.org/wiki/From_the_Earth_to_the_Moon_(disambiguation)", 62.76459144608479
"http://en.wikipedia.org/wiki/Bronx_Opera_House", 62.49378078509829
"http://en.wikipedia.org/wiki/Bataclan", 62.46950475544243
"http://en.wikipedia.org/wiki/Haussmann%27s_renovation_of_Paris", 62.29443807375882
"http://en.wikipedia.org/wiki/Liceu", 62.29443807375882
"http://en.wikipedia.org/wiki/Secular_Jewish_music", 62.09445541298213
"http://en.wikipedia.org/wiki/Orientalism", 61.89382659962364
"http://en.wikipedia.org/wiki/19th_century", 61.89382659962364
"http://en.wikipedia.org/wiki/Frida_Lyngstad", 61.69254532967279
"http://en.wikipedia.org/wiki/List_of_fictional_countries", 61.69254532967279
"http://en.wikipedia.org/wiki/7_Seeds", 61.4906051959418
"http://en.wikipedia.org/wiki/Johann_von_Klenau", 61.4906051959418
"http://en.wikipedia.org/wiki/List_of_important_operas", 61.28799968568591
"http://en.wikipedia.org/wiki/Cologne", 61.28799968568591
"http://en.wikipedia.org/wiki/E._T._A._Hoffmann", 60.67612413298163
"http://en.wikipedia.org/wiki/Heinrich_Schenker", 60.67612413298163
"http://en.wikipedia.org/wiki/Karl_Baedeker", 60.67612413298163
"http://en.wikipedia.org/wiki/Le_Papillon", 60.30226891555272
"http://en.wikipedia.org/wiki/Maximilian_Steiner", 60.092521257733154
"http://en.wikipedia.org/wiki/Jewish_music", 60.058015069841865
"http://en.wikipedia.org/wiki/Eug%C3%A8ne_Ysa%C3%BFe", 60.058015069841865
"http://en.wikipedia.org/wiki/List_of_major_opera_composers", 60.058015069841865
"http://en.wikipedia.org/wiki/The_Ant_and_the_Grasshopper", 60.058015069841865
"http://en.wikipedia.org/wiki/Johann_Heinrich_Zedler", 59.85056016645797
"http://en.wikipedia.org/wiki/Karl_Erb", 59.85056016645797
"http://en.wikipedia.org/wiki/Kim_Yuna", 59.85056016645797
"http://en.wikipedia.org/wiki/Miloje_Milojevi%C4%87", 59.64238367426522
"http://en.wikipedia.org/wiki/Doctor_Ox%27s_Experiment_(opera)", 59.64238367426522
"http://en.wikipedia.org/wiki/Robinson_Crusoe", 59.64238367426522
"http://en.wikipedia.org/wiki/Can-can_(disambiguation)", 59.484969012865264
"http://en.wikipedia.org/wiki/List_of_Salute_Your_Shorts_episodes", 59.433478010778664
"http://en.wikipedia.org/wiki/William_Petre,_13th_Baron_Petre", 59.22383545978058
"http://en.wikipedia.org/wiki/Le_roi_malgr%C3%A9_lui", 59.22383545978058
"http://en.wikipedia.org/wiki/Josephine_Baker", 59.22383545978058
"http://en.wikipedia.org/wiki/Adaptations_of_The_Phantom_of_the_Opera", 59.22383545978058
"http://en.wikipedia.org/wiki/Carl_Unander-Scharin", 59.204346455097856
"http://en.wikipedia.org/wiki/Baritone", 59.013448167994866
"http://en.wikipedia.org/wiki/Carlos_Salzedo", 59.013448167994866
"http://en.wikipedia.org/wiki/Music_of_France", 59.013448167994866
"http://en.wikipedia.org/wiki/Marguerite_Monnot", 58.80230814165436
"http://en.wikipedia.org/wiki/La_Marseillaise", 58.80230814165436
"http://en.wikipedia.org/wiki/RCA_Records", 58.59040724295678
"http://en.wikipedia.org/wiki/Th%C3%A9%C3%A2tre_de_la_Ga%C3%AEt%C3%A9_(boulevard_du_Temple)", 58.37773718640501
"http://en.wikipedia.org/wiki/New_York_City_Opera", 58.16428953502679
"http://en.wikipedia.org/wiki/Opera_della_Luna", 57.950055696469185
"http://en.wikipedia.org/wiki/Comic_opera", 57.950055696469185
"http://en.wikipedia.org/wiki/List_of_challenges_in_Takeshi%27s_Castle", 57.950055696469185
"http://en.wikipedia.org/wiki/Victorien_Sardou", 57.735026918962575
"http://en.wikipedia.org/wiki/List_of_fictional_robots_and_androids", 57.735026918962575
"http://en.wikipedia.org/wiki/Operetta", 57.735026918962575
"http://en.wikipedia.org/wiki/Reichsleiter_Rosenberg_Taskforce", 57.735026918962575
"http://en.wikipedia.org/wiki/Cox_and_Box", 57.30254871776855
"http://en.wikipedia.org/wiki/J._C._Williamson", 57.30254871776855
"http://en.wikipedia.org/wiki/June_Anderson", 57.30254871776855
"http://en.wikipedia.org/wiki/Javotte", 57.282196186948
"http://en.wikipedia.org/wiki/List_of_Charvet_customers", 57.08508095519959
"http://en.wikipedia.org/wiki/Martial_Arts_Cooking_Legend_Bistro-Recipe", 57.08508095519959
"http://en.wikipedia.org/wiki/Il_pleut,_il_pleut,_berg%C3%A8re", 56.96519211398115
"http://en.wikipedia.org/wiki/John_Coates_(tenor)", 56.86678156684397
"http://en.wikipedia.org/wiki/Li%C3%A8ge", 56.86678156684397
"http://en.wikipedia.org/wiki/The_Tales_of_Hoffmann", 56.64764093835327
"http://en.wikipedia.org/wiki/Op%C3%A9ra-Comique", 56.64764093835327
"http://en.wikipedia.org/wiki/La_bonne_d%27enfant", 56.547983329245724
"http://en.wikipedia.org/wiki/Johann_Strauss_II", 56.42764926868785
"http://en.wikipedia.org/wiki/Le_voyage_dans_la_lune_(operetta)", 56.20679656500184
"http://en.wikipedia.org/wiki/Jules_Adenis", 56.19514869490164
"http://en.wikipedia.org/wiki/Kroll_Opera_House", 55.98507263734642
"http://en.wikipedia.org/wiki/Alphonse_Royer", 55.98507263734642
"http://en.wikipedia.org/wiki/Light_Opera_of_Manhattan", 55.76246709318381
"http://en.wikipedia.org/wiki/Charles_Lecocq", 55.58675777961365
"http://en.wikipedia.org/wiki/State_Jewish_Theater_(Romania)", 55.31456853792961
"http://en.wikipedia.org/wiki/The_Carnival_of_the_Animals", 55.31456853792961
"http://en.wikipedia.org/wiki/Florence_St._John", 55.31456853792961
"http://en.wikipedia.org/wiki/Nicolas_Zverev", 55.10931896727664
"http://en.wikipedia.org/wiki/Parisian_Life", 55.09731650193398
"http://en.wikipedia.org/wiki/Edmond_Audran", 55.08925367661796
"http://en.wikipedia.org/wiki/Gaiety_Theatre,_London", 54.86301348591981
"http://en.wikipedia.org/wiki/Classical_music_written_in_collaboration", 54.86301348591981
"http://en.wikipedia.org/wiki/L%C3%A9once_(actor)", 54.84084971070817
"http://en.wikipedia.org/wiki/Haste_to_the_Wedding", 54.6358364708153
"http://en.wikipedia.org/wiki/Erich_Wolfgang_Korngold", 54.40771089629782
"http://en.wikipedia.org/wiki/La_Haine_(drama)", 54.40771089629782
"http://en.wikipedia.org/wiki/Skirt_dance", 54.3557306504609
"http://en.wikipedia.org/wiki/Edwin_Ellis_(musician)", 54.281014834180944
"http://en.wikipedia.org/wiki/Music_in_the_Tuileries", 54.27463895880402
"http://en.wikipedia.org/wiki/Fr%C3%A9d%C3%A9ric_Blasius", 54.17862478030037
"http://en.wikipedia.org/wiki/Fatinitza", 54.17862478030037
"http://en.wikipedia.org/wiki/Camille_D%27elmar", 54.06548735632487
"http://en.wikipedia.org/wiki/Orpheus_in_the_Underworld", 53.948565886351695
"http://en.wikipedia.org/wiki/Vera_Zorina_(singer)", 53.45224838248488
"http://en.wikipedia.org/wiki/Hortense_Schneider", 53.36367790178351
"http://en.wikipedia.org/wiki/Timeline_of_musical_events", 53.25242619376499
"http://en.wikipedia.org/wiki/Melodrama", 53.25242619376499
"http://en.wikipedia.org/wiki/Public_opinion_(disambiguation)", 53.25242619376499
"http://en.wikipedia.org/wiki/Lillian_Russell", 53.25242619376499
"http://en.wikipedia.org/wiki/From_the_Earth_to_the_Moon", 53.25242619376499
"http://en.wikipedia.org/wiki/Ga%C3%AEt%C3%A9_Parisienne", 53.25242619376499
"http://en.wikipedia.org/wiki/Ludwig_Manoly", 53.19951765989315
"http://en.wikipedia.org/wiki/Manuel_Rosenthal", 53.018348461941365
"http://en.wikipedia.org/wiki/Henry_Brougham_Farnie", 53.018348461941365
"http://en.wikipedia.org/wiki/Tenor", 53.018348461941365
"http://en.wikipedia.org/wiki/The_Mouse_Turned_into_a_Maid", 53.018348461941365
"http://en.wikipedia.org/wiki/The_milkmaid_and_her_pail", 53.018348461941365
"http://en.wikipedia.org/wiki/Laurent_Pelly", 52.98129428260175
"http://en.wikipedia.org/wiki/Oscarsteatern", 52.98129428260175
"http://en.wikipedia.org/wiki/Paul_Ferrier", 52.91502622129182
"http://en.wikipedia.org/wiki/Salle_des_Concerts_Herz", 52.88298563329727
"http://en.wikipedia.org/wiki/Penny-farthing", 52.783232676118786
"http://en.wikipedia.org/wiki/F._C._Burnand", 52.783232676118786
"http://en.wikipedia.org/wiki/Reynaldo_Hahn", 52.783232676118786
"http://en.wikipedia.org/wiki/The_Fox_and_the_Crow_(Aesop)", 52.783232676118786
"http://en.wikipedia.org/wiki/Op%C3%A9ra_bouffe", 52.704627669472984
"http://en.wikipedia.org/wiki/L%27%C3%A9clair", 52.67061370809245
"http://en.wikipedia.org/wiki/Bridge_of_Sighs_(disambiguation)", 52.592370614077765
"http://en.wikipedia.org/wiki/Allessandro_Liberati", 52.54706490234013
"http://en.wikipedia.org/wiki/Charles_Garnier_(architect)", 52.30983089210095
"http://en.wikipedia.org/wiki/Fred_Sullivan", 52.30983089210095
"http://en.wikipedia.org/wiki/Fach", 52.30983089210095
"http://en.wikipedia.org/wiki/Savoy_opera", 52.071516072317806
"http://en.wikipedia.org/wiki/Dr._Ox%27s_Experiment", 52.06576008754674
"http://en.wikipedia.org/wiki/1956_in_music", 51.8321055348816
"http://en.wikipedia.org/wiki/Libretto", 51.8321055348816
"http://en.wikipedia.org/wiki/The_Contrabandista", 51.8321055348816
"http://en.wikipedia.org/wiki/Historical_Archive_of_the_City_of_Cologne", 51.8321055348816
"http://en.wikipedia.org/wiki/Bagatelle_(opera)", 51.7799132897097
"http://en.wikipedia.org/wiki/Lise_Tautin", 51.60156871153361
"http://en.wikipedia.org/wiki/Music_of_Quebec", 51.59158402577455
"http://en.wikipedia.org/wiki/Siegfried_Kracauer", 51.59158402577455
"http://en.wikipedia.org/wiki/R%C3%A9gine_Crespin", 51.59158402577455
"http://en.wikipedia.org/wiki/Pepito_(comics)", 51.46850126549787
"http://en.wikipedia.org/wiki/Moucheron", 51.395616875004656
"http://en.wikipedia.org/wiki/Henri_Meilhac", 51.36182249313153
"http://en.wikipedia.org/wiki/La_Grande-Duchesse_de_G%C3%A9rolstein", 51.34993593372839
"http://en.wikipedia.org/wiki/List_of_works_influenced_by_Don_Quixote", 51.34993593372839
"http://en.wikipedia.org/wiki/Fromental_Hal%C3%A9vy", 51.34993593372839
"http://en.wikipedia.org/wiki/Alexei_Yagudin", 51.1071452783998
"http://en.wikipedia.org/wiki/Stardust_(2007_film)", 51.1071452783998
"http://en.wikipedia.org/wiki/The_Town_Mouse_and_the_Country_Mouse", 51.1071452783998
"http://en.wikipedia.org/wiki/Th%C3%A9%C3%A2tre_des_Folies-Dramatiques", 51.07539184552492
"http://en.wikipedia.org/wiki/Houston_Grand_Opera", 50.86319569803804
"http://en.wikipedia.org/wiki/Copp%C3%A9lia", 50.86319569803804
"http://en.wikipedia.org/wiki/Bluebeard", 50.86319569803804
"http://en.wikipedia.org/wiki/Over_My_Dead_Body_(novel)", 50.86319569803804
"http://en.wikipedia.org/wiki/Letty_Lind", 50.86319569803804
"http://en.wikipedia.org/wiki/La_P%C3%A9richole", 50.86319569803804
"http://en.wikipedia.org/wiki/Catalogues_of_classical_compositions", 50.61807043661748
"http://en.wikipedia.org/wiki/Nathalie_P%C3%A9chalat", 50.61807043661748
"http://en.wikipedia.org/wiki/Fabian_Bourzat", 50.37175233040658
"http://en.wikipedia.org/wiki/Dance_in_film", 50.37175233040658
"http://en.wikipedia.org/wiki/Les_brigands", 50.37175233040658
"http://en.wikipedia.org/wiki/Le_docteur_Ox", 50.37175233040658
"http://en.wikipedia.org/wiki/Richard_Peduzzi", 50.323627974019644
"http://en.wikipedia.org/wiki/Poire_belle_H%C3%A9l%C3%A8ne", 50.251890762960606
"http://en.wikipedia.org/wiki/Cheryl_Studer", 50.124223793942924
"http://en.wikipedia.org/wiki/Edward_Eager", 50.124223793942924
"http://en.wikipedia.org/wiki/Zulma_Bouffar", 50.000000000000014
"http://en.wikipedia.org/wiki/Lucille_Tost%C3%A9e", 49.999999999999986
"http://en.wikipedia.org/wiki/Yvonne_Printemps", 49.87546680538165
"http://en.wikipedia.org/wiki/Owen_Brannigan", 49.87546680538165
"http://en.wikipedia.org/wiki/Clara_Clairbert", 49.831932297574696
"http://en.wikipedia.org/wiki/Le_docteur_Miracle", 49.7416003373807
"http://en.wikipedia.org/wiki/Pepito", 49.69039949999532
"http://en.wikipedia.org/wiki/Th%C3%A9%C3%A2tre_des_Bouffes-Parisiens", 49.625462891182984
"http://en.wikipedia.org/wiki/John_Hollingshead", 49.625462891182984
"http://en.wikipedia.org/wiki/Hans_Bellmer", 49.625462891182984
"http://en.wikipedia.org/wiki/Die_sch%C3%B6ne_Galath%C3%A9e", 49.50737714883371
"http://en.wikipedia.org/wiki/Robinson_Crusoe_(disambiguation)", 49.41518456017623
"http://en.wikipedia.org/wiki/Theo_Altmeyer", 49.31969619160718
"http://en.wikipedia.org/wiki/%C3%89tienne_Tr%C3%A9feu", 49.28053803045811
"http://en.wikipedia.org/wiki/Sefton_Henry_Parry", 49.27457294685211
"http://en.wikipedia.org/wiki/Th%C3%A9%C3%A2tre_du_Palais-Royal", 49.121638036440565
"http://en.wikipedia.org/wiki/Paris_(mythology)", 49.121638036440565
"http://en.wikipedia.org/wiki/Royalty_Theatre", 49.121638036440565
"http://en.wikipedia.org/wiki/Walter_Felsenstein", 49.07304010662191
"http://en.wikipedia.org/wiki/Herv%C3%A9_(composer)", 48.950649987362816
"http://en.wikipedia.org/wiki/Ba-ta-clan", 48.86777774252209
"http://en.wikipedia.org/wiki/Laurence_Grivot", 48.626453908386466
"http://en.wikipedia.org/wiki/Gerolstein", 48.612591780340104
"http://en.wikipedia.org/wiki/Daphnis_et_Chlo%C3%A9", 48.612591780340104
"http://en.wikipedia.org/wiki/Paul_Lincke", 48.612591780340104
"http://en.wikipedia.org/wiki/Henry_Bracy", 48.612591780340104
"http://en.wikipedia.org/wiki/List_of_translations_of_the_Quran", 48.612591780340104
"http://en.wikipedia.org/wiki/Meanings_of_minor_planet_names:_10001%E2%80%9311000", 48.612591780340104
"http://en.wikipedia.org/wiki/List_of_Jewish_architects", 48.612591780340104
"http://en.wikipedia.org/wiki/Th%C3%A9%C3%A2tre_des_Folies-Marigny", 48.612591780340104
"http://en.wikipedia.org/wiki/Richard_Mansfield", 48.612591780340104
"http://en.wikipedia.org/wiki/Les_deux_aveugles", 48.612591780340104
"http://en.wikipedia.org/wiki/Micaela_Villegas", 48.53406592853679
"http://en.wikipedia.org/wiki/Marie_Cico", 48.46641402652567
"http://en.wikipedia.org/wiki/Clorinda", 48.43221048378526
"http://en.wikipedia.org/wiki/Christopher_Alden_(director)", 48.35605916233706
"http://en.wikipedia.org/wiki/Richard_Temple_(bass-baritone)", 48.35605916233706
"http://en.wikipedia.org/wiki/Actaeon", 48.35605916233706
"http://en.wikipedia.org/wiki/Alice_May", 48.35605916233706
"http://en.wikipedia.org/wiki/La_jolie_parfumeuse", 48.35605916233706
"http://en.wikipedia.org/wiki/Jennifer_Johnson_Cano", 48.27863986971022
"http://en.wikipedia.org/wiki/Philippe_Muller", 48.27863986971022
"http://en.wikipedia.org/wiki/Le_mariage_aux_lanternes", 48.195794896124404
"http://en.wikipedia.org/wiki/Dick_Whittington_and_His_Cat", 48.098158341259754
"http://en.wikipedia.org/wiki/Fantasio_(opera)", 48.098158341259754
"http://en.wikipedia.org/wiki/Claude_Terrasse", 47.891314261057566
"http://en.wikipedia.org/wiki/Albin_Swoboda,_Sr.", 47.8451316907585
"http://en.wikipedia.org/wiki/The_Tales_of_Hoffmann_(film)", 47.83886718903729
"http://en.wikipedia.org/wiki/Taiko_no_Tatsujin_14", 47.83886718903729
"http://en.wikipedia.org/wiki/Opera_Company_of_Boston", 47.83886718903729
"http://en.wikipedia.org/wiki/Can-can", 47.83886718903729
"http://en.wikipedia.org/wiki/Frank_Desprez", 47.70969328930538
"http://en.wikipedia.org/wiki/Mazurka", 47.57816297462315
"http://en.wikipedia.org/wiki/W._S._Gilbert_bibliography", 47.57816297462315
"http://en.wikipedia.org/wiki/Henry_Leslie_(playwright)", 47.434164902525694
"http://en.wikipedia.org/wiki/Apothicaire_et_perruquier", 47.366546671567086
"http://en.wikipedia.org/wiki/Op%C3%A9ra_f%C3%A9erie", 47.34320764739993
"http://en.wikipedia.org/wiki/Los_Angeles_Opera", 47.31602234073838
"http://en.wikipedia.org/wiki/Southern_Connecticut_State_University", 47.31602234073838
"http://en.wikipedia.org/wiki/Daphnis_and_Chloe", 47.31602234073838
"http://en.wikipedia.org/wiki/Playhouse_Theatre", 47.31602234073838
"http://en.wikipedia.org/wiki/Madame_l%27archiduc", 47.30499167912661
"http://en.wikipedia.org/wiki/Nelly_Bromley", 47.14045207910317
"http://en.wikipedia.org/wiki/Charles_Burles", 47.082361543075834
"http://en.wikipedia.org/wiki/Johann_Nestroy", 47.052421279448595
"http://en.wikipedia.org/wiki/Offenbach_am_Main", 47.052421279448595
"http://en.wikipedia.org/wiki/List_of_historical_opera_characters", 47.052421279448595
"http://en.wikipedia.org/wiki/Arthur_Fiedler", 47.052421279448595
"http://en.wikipedia.org/wiki/Marguerite_Mac%C3%A9-Montrouge", 46.85212856658181
"http://en.wikipedia.org/wiki/Anna_Judic", 46.81062977317178
"http://en.wikipedia.org/wiki/La_chanson_de_Fortunio", 46.787335106502475
"http://en.wikipedia.org/wiki/Plays_with_incidental_music", 46.787335106502475
"http://en.wikipedia.org/wiki/Laurance_Rudic", 46.787335106502475
"http://en.wikipedia.org/wiki/Kate_Santley", 46.787335106502475
"http://en.wikipedia.org/wiki/Doctor_Ox", 46.69530091796763
"http://en.wikipedia.org/wiki/Pike%27s_Opera_House", 46.69296047735176
"http://en.wikipedia.org/wiki/Philippe_Gille", 46.66282626286914
"http://en.wikipedia.org/wiki/Cogniard_brothers", 46.58908279478053
"http://en.wikipedia.org/wiki/Morgenbl%C3%A4tter", 46.58908279478053
"http://en.wikipedia.org/wiki/Mimi_Coertse", 46.52073843435432
"http://en.wikipedia.org/wiki/Pierre-Eug%C3%A8ne_Grenier", 46.418704555348
"http://en.wikipedia.org/wiki/Th%C3%A9%C3%A2tre_Antoine-Simone_Berriau", 46.35863249727654
"http://en.wikipedia.org/wiki/Pierrette_et_Jacquot", 46.29100498862757
"http://en.wikipedia.org/wiki/Un_mari_%C3%A0_la_porte", 46.26740518847602
"http://en.wikipedia.org/wiki/Schatz-Walzer", 46.25730203185628
"http://en.wikipedia.org/wiki/Salle_Le_Peletier", 46.25260514378692
"http://en.wikipedia.org/wiki/Mirai_Nagasu", 46.25260514378692
"http://en.wikipedia.org/wiki/Fortunio_(opera)", 46.25260514378692
"http://en.wikipedia.org/wiki/Jules_Barbier", 46.20423639315076
"http://en.wikipedia.org/wiki/Phil%C3%A9mon_et_Baucis", 46.188021535170066
"http://en.wikipedia.org/wiki/Pierre_Grivot", 46.17336564981452
"http://en.wikipedia.org/wiki/Emma_Livry", 46.16435357484826
"http://en.wikipedia.org/wiki/Seguidilla", 46.085722358554115
"http://en.wikipedia.org/wiki/Walter_Cassel", 45.98290835404517
"http://en.wikipedia.org/wiki/Ernest_Guiraud", 45.98290835404517
"http://en.wikipedia.org/wiki/Fisch-Ton-Kan", 45.90117905886199
"http://en.wikipedia.org/wiki/Ernst_M%C3%A4rzendorfer", 45.86038162918624
"http://en.wikipedia.org/wiki/La_fille_du_tambour-major", 45.844246261163875
"http://en.wikipedia.org/wiki/Daphnis_et_Chlo%C3%A9_(Offenbach)", 45.84156711285423
"http://en.wikipedia.org/wiki/National_Opera_and_Ballet_of_Belarus", 45.72645941803379
"http://en.wikipedia.org/wiki/Richard_Suart", 45.71162039138375
"http://en.wikipedia.org/wiki/Canterbury_Music_Hall", 45.71162039138375
"http://en.wikipedia.org/wiki/Le_Bananier_(Gottschalk)", 45.58852106629528
"http://en.wikipedia.org/wiki/Th%C3%A9%C3%A2tre_D%C3%A9jazet", 45.50257774563764
"http://en.wikipedia.org/wiki/Louie_Henri", 45.43871275592457
"http://en.wikipedia.org/wiki/Honor_Blackman", 45.43871275592457
"http://en.wikipedia.org/wiki/Boston_Pops_Orchestra", 45.43871275592457
"http://en.wikipedia.org/wiki/It%27s_My_Life_Tour", 45.43871275592457
"http://en.wikipedia.org/wiki/IllumiNations", 45.43871275592457
"http://en.wikipedia.org/wiki/Vocal_range", 45.43871275592457
"http://en.wikipedia.org/wiki/Genevi%C3%A8ve_de_Brabant", 45.43871275592457
"http://en.wikipedia.org/wiki/Ilka_P%C3%A1lmay", 45.43871275592457
"http://en.wikipedia.org/wiki/Arthur_Cecil", 45.43871275592457
"http://en.wikipedia.org/wiki/Yip_Harburg", 45.43871275592457
"http://en.wikipedia.org/wiki/Fife_Opera", 45.362558711474655
"http://en.wikipedia.org/wiki/Le_timbre_d%27argent", 45.35126887588133
"http://en.wikipedia.org/wiki/Ma%C3%AEtre_P%C3%A9ronilla", 45.29108136578384
"http://en.wikipedia.org/wiki/The_New_Babylon", 45.27349601029049
"http://en.wikipedia.org/wiki/Hans_Haug", 45.23971843803111
"http://en.wikipedia.org/wiki/Barbe-bleue_(opera)", 45.16784009961307
"http://en.wikipedia.org/wiki/La_Ga%C3%AEt%C3%A9_Lyrique", 45.1641560867119
"http://en.wikipedia.org/wiki/Antal_Dor%C3%A1ti", 45.1641560867119
"http://en.wikipedia.org/wiki/List_of_Romantic-era_composers", 45.1641560867119
"http://en.wikipedia.org/wiki/Il_signor_Fagotto", 45.15346001644071
"http://en.wikipedia.org/wiki/La_cr%C3%A9ole", 45.144694907163455
"http://en.wikipedia.org/wiki/Arthur_Newman", 45.11538795232172
"http://en.wikipedia.org/wiki/The_Gay_Parisian", 45.08348173337161
"http://en.wikipedia.org/wiki/J%C3%BCrgen_Flimm", 45.06405697192864
"http://en.wikipedia.org/wiki/Le_pont_des_soupirs", 45.00351603704096
"http://en.wikipedia.org/wiki/Grand_Prix_du_Disque_for_Lyric_Music", 44.98677054212187
"http://en.wikipedia.org/wiki/Maria_Murano", 44.89436352114809
"http://en.wikipedia.org/wiki/The_Princess_(play)", 44.88792012484348
"http://en.wikipedia.org/wiki/Adolf_%C4%8Cech", 44.88792012484348
"http://en.wikipedia.org/wiki/Jerzy_Jeszke", 44.88792012484348
"http://en.wikipedia.org/wiki/Jean-Fran%C3%A7ois_Berthelier", 44.881939454625105
"http://en.wikipedia.org/wiki/Lischen_et_Fritzchen", 44.80761104680775
"http://en.wikipedia.org/wiki/Michel_S%C3%A9n%C3%A9chal", 44.721359549995796
"http://en.wikipedia.org/wiki/The_Realm_of_Joy", 44.721359549995796
"http://en.wikipedia.org/wiki/Offenbach", 44.721359549995796
"http://en.wikipedia.org/wiki/Greek_mythology_in_western_art_and_literature", 44.721359549995796
"http://en.wikipedia.org/wiki/Eric_Shilling", 44.62445508173731
"http://en.wikipedia.org/wiki/All_Angels", 44.60997367454705
"http://en.wikipedia.org/wiki/Le_violoneux", 44.47495899966608
"http://en.wikipedia.org/wiki/Robert_Rounseville", 44.471517597641366
"http://en.wikipedia.org/wiki/Charles-Louis-%C3%89tienne_Nuitter", 44.35327625727437
"http://en.wikipedia.org/wiki/Moritz_Henle", 44.330284562060214
"http://en.wikipedia.org/wiki/List_of_French_Jews", 44.330284562060214
"http://en.wikipedia.org/wiki/Marc_Minkowski", 44.327331080291245
"http://en.wikipedia.org/wiki/Washington_Savoyards", 44.273388060610955
"http://en.wikipedia.org/wiki/Josef_Franti%C5%A1ek_Munclinger", 44.172610429938615
"http://en.wikipedia.org/wiki/Une_demoiselle_en_loterie", 44.069816885603
"http://en.wikipedia.org/wiki/Alberto_Mantelli", 44.048819592160314
"http://en.wikipedia.org/wiki/Marcello_Giordani", 44.048819592160314
"http://en.wikipedia.org/wiki/The_opera_corpus", 44.048819592160314
"http://en.wikipedia.org/wiki/Chinoiserie", 44.048819592160314
"http://en.wikipedia.org/wiki/Th%C3%A9%C3%A2tre_de_la_Renaissance", 44.048819592160314
"http://en.wikipedia.org/wiki/Richard_Bonynge", 44.048819592160314
"http://en.wikipedia.org/wiki/Nora_Gubisch", 44.031528592635546
"http://en.wikipedia.org/wiki/Le_d%C3%A9sert", 43.96968652757639
"http://en.wikipedia.org/wiki/Mouche", 43.96331549421288
"http://en.wikipedia.org/wiki/Le_66", 43.87124562248739
"http://en.wikipedia.org/wiki/Albert_Vizentini", 43.808582711518056
"http://en.wikipedia.org/wiki/Bernhard_B%C3%B6tel", 43.799170619302544
"http://en.wikipedia.org/wiki/Laura_Claycomb", 43.76554450217818
"http://en.wikipedia.org/wiki/La_belle_H%C3%A9l%C3%A8ne", 43.76554450217818
"http://en.wikipedia.org/wiki/Musical_quotation", 43.76554450217818
"http://en.wikipedia.org/wiki/Patricia_Routledge", 43.76554450217818
"http://en.wikipedia.org/wiki/March_1", 43.76554450217818
"http://en.wikipedia.org/wiki/Remember..._Dreams_Come_True", 43.76554450217818
"http://en.wikipedia.org/wiki/Le_ch%C3%A2teau_%C3%A0_Toto", 43.752550946038724
"http://en.wikipedia.org/wiki/P%C3%A9pito_(opera)", 43.744488188954506
"http://en.wikipedia.org/wiki/Wilma_Driessen", 43.68882801067177
"http://en.wikipedia.org/wiki/Christian_(French_actor)", 43.6771371279335
"http://en.wikipedia.org/wiki/Bluebeard_(disambiguation)", 43.643578047198474
"http://en.wikipedia.org/wiki/Lawrence_Winters", 43.643578047198474
"http://en.wikipedia.org/wiki/Charles_Dalmor%C3%A8s", 43.62972953723625
"http://en.wikipedia.org/wiki/Chapeaumelon", 43.610096202571555
"http://en.wikipedia.org/wiki/Mikhaylovsky_Theatre", 43.55578158321533
"http://en.wikipedia.org/wiki/A_Journey_Through_Fairyland", 43.54336303998354
"http://en.wikipedia.org/wiki/%C5%A0tefan_Margita", 43.532100015717425
"http://en.wikipedia.org/wiki/Madame_Favart", 43.51245032554859
"http://en.wikipedia.org/wiki/A_Pretty_Girl_Is_Like_a_Melody", 43.48042391331519
"http://en.wikipedia.org/wiki/Apache_(dance)", 43.48042391331519
"http://en.wikipedia.org/wiki/List_of_musicals:_A_to_L", 43.48042391331519
"http://en.wikipedia.org/wiki/Jean-Pierre_Wallez", 43.40573661412156
"http://en.wikipedia.org/wiki/David_Cantor", 43.38609156373124
"http://en.wikipedia.org/wiki/Robinson_Cruso%C3%A9", 43.341124104873344
"http://en.wikipedia.org/wiki/Ernst_Kunwald", 43.2546846241593
"http://en.wikipedia.org/wiki/Eisb%C3%A4ren_Berlin", 43.193421279068
"http://en.wikipedia.org/wiki/Hong_Hei-Kyung", 43.193421279068
"http://en.wikipedia.org/wiki/Bruniquel", 43.163849118474516
"http://en.wikipedia.org/wiki/M._Choufleuri_restera_chez_lui_le_._._.", 43.13310928137537
"http://en.wikipedia.org/wiki/The_Bridge_of_San_Luis_Rey_(1944_film)", 43.04819221694278
"http://en.wikipedia.org/wiki/Alexander_Faris", 42.966892442365975
"http://en.wikipedia.org/wiki/D%C3%A9sir%C3%A9_(baritone)", 42.956234649211225
"http://en.wikipedia.org/wiki/October_5", 42.904498830548036
"http://en.wikipedia.org/wiki/John_Lanchbery", 42.904498830548036
"http://en.wikipedia.org/wiki/George_Britton_(musician)", 42.904498830548036
"http://en.wikipedia.org/wiki/Th%C3%A9%C3%A2tre_de_la_Ga%C3%AEt%C3%A9_(rue_Papin)", 42.904498830548036
"http://en.wikipedia.org/wiki/Marines%27_Hymn", 42.904498830548036
"http://en.wikipedia.org/wiki/Le_papillon_(ballet)", 42.904498830548036
"http://en.wikipedia.org/wiki/The_Hotel_New_Hampshire_(film)", 42.904498830548036
"http://en.wikipedia.org/wiki/List_of_Edison_Blue_Amberol_Records:_Popular_Series", 42.904498830548036
"http://en.wikipedia.org/wiki/Carr%C3%A9_Marigny", 42.88112559145253
"http://en.wikipedia.org/wiki/Pomme_d%27api", 42.8700109381586
"http://en.wikipedia.org/wiki/Jamie_Barton", 42.805351729029894
"http://en.wikipedia.org/wiki/Le_financier_et_le_savetier", 42.702803324427144
"http://en.wikipedia.org/wiki/Mesdames_de_la_Halle", 42.640143271122085
"http://en.wikipedia.org/wiki/Pafos_Aphrodite_Festival_Cyprus", 42.640143271122085
"http://en.wikipedia.org/wiki/Paul_Lac%C3%B4me", 42.6136175184641
"http://en.wikipedia.org/wiki/%C3%89ditions_Alphonse_Leduc", 42.6136175184641
"http://en.wikipedia.org/wiki/Alice_Zeppilli", 42.6136175184641
"http://en.wikipedia.org/wiki/Maggie_Teyte", 42.6136175184641
"http://en.wikipedia.org/wiki/J._H._Ryley", 42.6136175184641
"http://en.wikipedia.org/wiki/RCA_Victrola", 42.6136175184641
"http://en.wikipedia.org/wiki/Michel_Plasson", 42.60618058690338
"http://en.wikipedia.org/wiki/Cologne_Opera", 42.47683304538781
"http://en.wikipedia.org/wiki/Giorgio_Madia", 42.3207369515159
"http://en.wikipedia.org/wiki/Patricia_Neway", 42.3207369515159
"http://en.wikipedia.org/wiki/Tromb-al-ca-zar,_ou_Les_criminels_dramatiques", 42.279602254980816
"http://en.wikipedia.org/wiki/Belle_nuit,_%C3%B4_nuit_d%27amour", 42.24574001689484
"http://en.wikipedia.org/wiki/Hector-Jonathan_Cr%C3%A9mieux", 42.22494211285681
"http://en.wikipedia.org/wiki/List_of_compositions_by_Jacques_Offenbach", 42.21939532240754
"http://en.wikipedia.org/wiki/Ludwig_Engl%C3%A4nder", 42.1433479455747
"http://en.wikipedia.org/wiki/Draner", 42.02581533092315
"http://en.wikipedia.org/wiki/Gabriel_Bacquier", 42.02581533092315
"http://en.wikipedia.org/wiki/List_of_variations_on_a_theme_by_another_composer", 42.02581533092315
"http://en.wikipedia.org/wiki/Blanche_d%27Antigny", 42.02581533092315
"http://en.wikipedia.org/wiki/List_of_Germans", 42.02581533092315
"http://en.wikipedia.org/wiki/June_23", 41.728809380790004
"http://en.wikipedia.org/wiki/Die_Rheinnixen", 41.728809380790004
"http://en.wikipedia.org/wiki/Ann_Marie_DeAngelo", 41.728809380790004
"http://en.wikipedia.org/wiki/La_vie_parisienne", 41.63734311538793
"http://en.wikipedia.org/wiki/Marie_Heilbron", 41.61542472952781
"http://en.wikipedia.org/wiki/Clara_T._Bracy", 41.595736303044035
"http://en.wikipedia.org/wiki/Frances_Ingram", 41.560470729681676
"http://en.wikipedia.org/wiki/L%27%C3%AEle_de_Tulipatan", 41.499665326629106
"http://en.wikipedia.org/wiki/Repertory_of_the_Vienna_Court_Opera_under_Gustav_Mahler", 41.429674273976154
"http://en.wikipedia.org/wiki/Saint-Jean-sur-Richelieu", 41.429674273976154
"http://en.wikipedia.org/wiki/George_Cehanovsky", 41.429674273976154
"http://en.wikipedia.org/wiki/Antonio_de_Almeida_(conductor)", 41.28964283689027
"http://en.wikipedia.org/wiki/Robin_Hoffmann", 41.23930494211612
"http://en.wikipedia.org/wiki/List_of_fictional_female_robots_and_cyborgs", 41.128363553115186
"http://en.wikipedia.org/wiki/List_of_operettas_by_Offenbach", 41.128363553115186
"http://en.wikipedia.org/wiki/Laurence_Dale", 41.128363553115186
"http://en.wikipedia.org/wiki/Ruth_Is_Stranger_Than_Richard", 41.128363553115186
"http://en.wikipedia.org/wiki/Th%C3%A9%C3%A2tre_des_Vari%C3%A9t%C3%A9s", 41.09430279070694
"http://en.wikipedia.org/wiki/Mara_Carlyle", 40.97037257057139
"http://en.wikipedia.org/wiki/Le_roi_Carotte", 40.9299124352687
"http://en.wikipedia.org/wiki/Joseph_Calleja", 40.8248290463863
"http://en.wikipedia.org/wiki/Marta_Wittkowska", 40.8248290463863
"http://en.wikipedia.org/wiki/List_of_French_people", 40.8248290463863
"http://en.wikipedia.org/wiki/My_Love_Came_Back", 40.8248290463863
"http://en.wikipedia.org/wiki/Marguerite_B%C3%A9riza", 40.8248290463863
"http://en.wikipedia.org/wiki/Beverly_Bower", 40.8248290463863
"http://en.wikipedia.org/wiki/J%C3%A9r%C3%B4me_Deschamps", 40.8248290463863
"http://en.wikipedia.org/wiki/Les_Musiciens_du_Louvre", 40.8248290463863
"http://en.wikipedia.org/wiki/La_chatte_m%C3%A9tamorphos%C3%A9e_en_femme", 40.8248290463863
"http://en.wikipedia.org/wiki/The_Happiest_Girl_in_the_World", 40.733190706254625
"http://en.wikipedia.org/wiki/Minna_de_Kitaeru_Zenno_Training", 40.59482817929357
"http://en.wikipedia.org/wiki/Th%C3%A9%C3%A2tre_Marigny", 40.57513356003445
"http://en.wikipedia.org/wiki/Club_Brugge_K.V.", 40.51902077760665
"http://en.wikipedia.org/wiki/Boston_Metro_Opera", 40.51902077760665
"http://en.wikipedia.org/wiki/Th%C3%A9%C3%A2tre_de_Paris", 40.51902077760665
"http://en.wikipedia.org/wiki/Les_bavards", 40.51902077760665
"http://en.wikipedia.org/wiki/Croquefer,_ou_Le_dernier_des_paladins", 40.50957468334666
"http://en.wikipedia.org/wiki/Looney_Tunes:_Cartoon_Conductor", 40.3238919272756
"http://en.wikipedia.org/wiki/Barcarolle", 40.31128874149275
"http://en.wikipedia.org/wiki/Gabriela_Scherer", 40.26936331284146
"http://en.wikipedia.org/wiki/Pierre_Fresnay", 40.210886870169524
"http://en.wikipedia.org/wiki/Graeme_Murphy", 40.210886870169524
"http://en.wikipedia.org/wiki/List_of_minor_planets_named_after_people", 40.210886870169524
"http://en.wikipedia.org/wiki/Philippe_Cuper", 40.210886870169524
"http://en.wikipedia.org/wiki/William_Chapman_(baritone)", 40.210886870169524
"http://en.wikipedia.org/wiki/Patrice_Ch%C3%A9reau", 40.210886870169524
"http://en.wikipedia.org/wiki/La_rose_de_Saint-Flour", 40.20151261036848
"http://en.wikipedia.org/wiki/Opera_Boston", 40.0195264839553
"http://en.wikipedia.org/wiki/Grahame_Clifford", 39.900373444305316
"http://en.wikipedia.org/wiki/June_20", 39.900373444305316
"http://en.wikipedia.org/wiki/Anna_Prucnal", 39.900373444305316
"http://en.wikipedia.org/wiki/Stefan_Anton_Reck", 39.900373444305316
"http://en.wikipedia.org/wiki/Synagogue_de_Nazareth", 39.82721301511975
"http://en.wikipedia.org/wiki/Mady_Mespl%C3%A9", 39.75401201626882
"http://en.wikipedia.org/wiki/James_Dacre", 39.73597071195131
"http://en.wikipedia.org/wiki/Wild_%27N_Free", 39.73597071195131
"http://en.wikipedia.org/wiki/Clamma_Dale", 39.65053528583957
"http://en.wikipedia.org/wiki/Olivier_Schoenfelder", 39.58742450708909
"http://en.wikipedia.org/wiki/Vittorio_Grigolo", 39.58742450708909
"http://en.wikipedia.org/wiki/Hermann_Spiess", 39.58742450708909
"http://en.wikipedia.org/wiki/Pasdeloup_Orchestra", 39.54873656771559
"http://en.wikipedia.org/wiki/Azusa_Plane", 39.50755068144014
"http://en.wikipedia.org/wiki/Helmuth_Lohner", 39.4711415402792
"http://en.wikipedia.org/wiki/Olivier_Py", 39.45739762763011
"http://en.wikipedia.org/wiki/Albert_Wolff_(journalist)", 39.44053188733077
"http://en.wikipedia.org/wiki/Leben_ohne_Chris", 39.4305759280942
"http://en.wikipedia.org/wiki/Cyril_Ritchard", 39.41934438545939
"http://en.wikipedia.org/wiki/La_permission_de_dix_heures", 39.398461974678014
"http://en.wikipedia.org/wiki/Shirlee_Emmons", 39.27198183455897
"http://en.wikipedia.org/wiki/Ballet_Fantastique", 39.27198183455897
"http://en.wikipedia.org/wiki/1950_in_music", 39.27198183455897
"http://en.wikipedia.org/wiki/Opera_Theater_of_Pittsburgh", 39.27198183455897
"http://en.wikipedia.org/wiki/Popstar_to_Operastar_(series_2)", 39.27198183455897
"http://en.wikipedia.org/wiki/Bonaventura_Bottone", 39.27198183455897
"http://en.wikipedia.org/wiki/Lyric_soprano", 39.11591293589788
"http://en.wikipedia.org/wiki/List_of_compositions_by_Carlos_Salzedo", 38.95398484524251
"http://en.wikipedia.org/wiki/Opera_North:_history_and_repertoire,_seasons_1990%E2%80%9391_to_1996%E2%80%9397", 38.95398484524251
"http://en.wikipedia.org/wiki/Theater_am_K%C3%A4rntnertor", 38.95398484524251
"http://en.wikipedia.org/wiki/Milada_%C5%A0ubrtov%C3%A1", 38.76712748464096
"http://en.wikipedia.org/wiki/Boulevard_des_Capucines", 38.64367132317184
"http://en.wikipedia.org/wiki/Andr%C3%A9e_Marli%C3%A8re", 38.63337046431278
"http://en.wikipedia.org/wiki/Fernando_del_Valle", 38.63337046431278
"http://en.wikipedia.org/wiki/Parodius_music", 38.63337046431278
"http://en.wikipedia.org/wiki/Stratford_Shakespeare_Festival_production_history", 38.63337046431278
"http://en.wikipedia.org/wiki/Eva_Likova", 38.41106397986879
"http://en.wikipedia.org/wiki/Arthur_Moss", 38.32657764100934
"http://en.wikipedia.org/wiki/1859_in_music", 38.31007297751191
"http://en.wikipedia.org/wiki/List_of_musicals_by_composer:_M_to_Z", 38.31007297751191
"http://en.wikipedia.org/wiki/Radmila_Bako%C4%8Devi%C4%87", 38.31007297751191
"http://en.wikipedia.org/wiki/Private_Passions", 38.31007297751191
"http://en.wikipedia.org/wiki/Brown_Opera_Productions", 38.22246955445592
"http://en.wikipedia.org/wiki/1858_in_music", 38.08084895852261
"http://en.wikipedia.org/wiki/Monsieur_et_Madame_Denis", 38.07498052542949
"http://en.wikipedia.org/wiki/Ren%C3%A9_Leibowitz", 37.98402387388336
"http://en.wikipedia.org/wiki/Taganrog_Theatre", 37.98402387388336
"http://en.wikipedia.org/wiki/Marc-Andr%C3%A9_Hamelin_discography", 37.98402387388336
"http://en.wikipedia.org/wiki/List_of_compositions_for_cello_and_orchestra", 37.98402387388336
"http://en.wikipedia.org/wiki/Ludv%C3%ADk_%C4%8Celansk%C3%BD", 37.98402387388336
"http://en.wikipedia.org/wiki/La_Valse_de_Paris", 37.94733192202055
"http://en.wikipedia.org/wiki/Classic_100_Music_of_France_(ABC)", 37.65515167624736
"http://en.wikipedia.org/wiki/Isabelle_Delobel", 37.65515167624736
"http://en.wikipedia.org/wiki/Grammy_Award_for_Video_of_the_Year", 37.650043468711644
"http://en.wikipedia.org/wiki/Indianapolis_Opera", 37.647348308289516
"http://en.wikipedia.org/wiki/Michel_Trempont", 37.594325812991165
"http://en.wikipedia.org/wiki/The_Eternal_Waltz", 37.5
"http://en.wikipedia.org/wiki/Orpheus_(disambiguation)", 37.5
"http://en.wikipedia.org/wiki/The_Financier", 37.47014093005324
"http://en.wikipedia.org/wiki/Mozart_(disambiguation)", 37.43359300615315
"http://en.wikipedia.org/wiki/El_Gran_Show_(season_1)", 37.32338175823095
"http://en.wikipedia.org/wiki/List_of_opera_librettists", 37.32338175823095
"http://en.wikipedia.org/wiki/1880", 37.32338175823095
"http://en.wikipedia.org/wiki/10820_Offenbach", 37.23088252863994
"http://en.wikipedia.org/wiki/Richard_Jones_(director)", 37.127430766055184
"http://en.wikipedia.org/wiki/The_Bridge_of_San_Luis_Rey_(1929_film)", 37.03621762449838
"http://en.wikipedia.org/wiki/1863_in_music", 36.988636146526126
"http://en.wikipedia.org/wiki/Janet_Maguire", 36.988636146526126
"http://en.wikipedia.org/wiki/Benedicta_Boccoli", 36.95015092170168
"http://en.wikipedia.org/wiki/1819_in_music", 36.760731104690386
"http://en.wikipedia.org/wiki/Light_Opera_Works", 36.65083330689157
"http://en.wikipedia.org/wiki/Montmartre_Cemetery", 36.30988791223411
"http://en.wikipedia.org/wiki/List_of_fictional_literature_featuring_opera", 36.30988791223411
"http://en.wikipedia.org/wiki/1855_in_music", 36.27381250550059
"http://en.wikipedia.org/wiki/Can_(album)", 36.2284418654736
"http://en.wikipedia.org/wiki/Hibla_Gerzmava", 36.191486258260575
"http://en.wikipedia.org/wiki/List_of_composers_depicted_on_film", 35.96571059090113
"http://en.wikipedia.org/wiki/D%C3%A9sir%C3%A9_Magnus", 35.96571059090113
"http://en.wikipedia.org/wiki/1864_in_music", 35.81925275497143
"http://en.wikipedia.org/wiki/Deaths_in_January_2012", 35.61820765307977
"http://en.wikipedia.org/wiki/Asher_Hill", 35.56270352986316
"http://en.wikipedia.org/wiki/Sigut%C4%97_Stonyt%C4%97", 35.41071158982555
"http://en.wikipedia.org/wiki/Impressions_de_France", 35.26728079292991
"http://en.wikipedia.org/wiki/Andrew_Lamb_(writer)", 35.26728079292991
"http://en.wikipedia.org/wiki/Germaine_Cernay", 35.26728079292991
"http://en.wikipedia.org/wiki/Desir%C3%A9e_Rancatore", 35.20563335204054
"http://en.wikipedia.org/wiki/G.I._Blues_(album)", 34.91282676376714
"http://en.wikipedia.org/wiki/List_of_German_composers", 34.91282676376714
"http://en.wikipedia.org/wiki/Patricia_Petibon", 34.91282676376714
"http://en.wikipedia.org/wiki/Kathleen_Howard", 34.83848901176243
"http://en.wikipedia.org/wiki/Kharis_Ralph", 34.71050672503116
"http://en.wikipedia.org/wiki/Earthling_Tour", 34.554737023254404
"http://en.wikipedia.org/wiki/La_Grande-Duchesse_de_G%C3%A9rolstein_discography", 34.539578111788664
"http://en.wikipedia.org/wiki/The_Ultimate_Vanessa-Mae", 34.240528516707336
"http://en.wikipedia.org/wiki/Alexandra_Zvorigina", 34.199278402838466
"http://en.wikipedia.org/wiki/Didd%C3%BA", 34.19289734514642
"http://en.wikipedia.org/wiki/66_(number)", 34.19289734514642
"http://en.wikipedia.org/wiki/Fall_for_Dance_Festival", 34.19289734514642
"http://en.wikipedia.org/wiki/Madlenianum_Opera_and_Theatre", 34.09971697352367
"http://en.wikipedia.org/wiki/French_pop_music", 34.02785236893603
"http://en.wikipedia.org/wiki/Michel_Boisrond", 34.027852368936024
"http://en.wikipedia.org/wiki/Daniel_Pr%C3%A9vost", 33.827187393650895
"http://en.wikipedia.org/wiki/Deaths_in_December_2009", 33.827187393650895
"http://en.wikipedia.org/wiki/Motto_Hashire!!", 33.75263702778072
"http://en.wikipedia.org/wiki/1868_in_music", 33.68329918222786
"http://en.wikipedia.org/wiki/St%C3%A9phane_Bernadis", 33.56725433186756
"http://en.wikipedia.org/wiki/Orpheus_and_Eurydice", 33.54101966249684
"http://en.wikipedia.org/wiki/Sarah_Abitbol", 33.52007615769955
"http://en.wikipedia.org/wiki/Gianluigi_Trovesi", 33.45748025591029
"http://en.wikipedia.org/wiki/List_of_French_composers", 33.45748025591029
"http://en.wikipedia.org/wiki/1867_in_music", 33.166247903554
"http://en.wikipedia.org/wiki/List_of_2009%E2%80%9310_figure_skating_season_music", 33.08364192745532
"http://en.wikipedia.org/wiki/Saints_Row_IV_soundtrack", 33.08364192745532
"http://en.wikipedia.org/wiki/1866_in_music", 32.95848875222696
"http://en.wikipedia.org/wiki/List_of_composers_by_name", 32.705530744715524
"http://en.wikipedia.org/wiki/List_of_operas_performed_at_the_Santa_Fe_Opera", 32.705530744715524
"http://en.wikipedia.org/wiki/List_of_operas_by_title", 32.705530744715524
"http://en.wikipedia.org/wiki/Catherine_Malfitano", 32.705530744715524
"http://en.wikipedia.org/wiki/1881_in_music", 32.625538620965685
"http://en.wikipedia.org/wiki/List_of_people_on_stamps_of_Gabon", 32.32299675777271
"http://en.wikipedia.org/wiki/1880_in_music", 31.970290075534386
"http://en.wikipedia.org/wiki/Charles_Munch_discography", 31.93588103548167
"http://en.wikipedia.org/wiki/List_of_2012%E2%80%9313_figure_skating_season_music", 31.93588103548167
"http://en.wikipedia.org/wiki/List_of_songs_about_Paris", 31.93588103548167
"http://en.wikipedia.org/wiki/Thomas_Dietz", 31.93588103548167
"http://en.wikipedia.org/wiki/Marc_Laho", 31.882338629459362
"http://en.wikipedia.org/wiki/Valerian_Ruminski", 31.544014893825583
"http://en.wikipedia.org/wiki/List_of_foreign_Bundesliga_players", 31.14721903687941
"http://en.wikipedia.org/wiki/Chloe", 31.017722762389106
"http://en.wikipedia.org/wiki/List_of_German_actors", 30.338062066490814
"http://en.wikipedia.org/wiki/List_of_operetta_composers", 30.338062066490814
"http://en.wikipedia.org/wiki/1878_in_music", 30.338062066490814
"http://en.wikipedia.org/wiki/Jacques", 30.284645669276202
"http://en.wikipedia.org/wiki/Bergen_National_Opera", 29.422298377099043
"http://en.wikipedia.org/wiki/List_of_ballets_choreographed_by_Frederick_Ashton", 28.474739872574972
"http://en.wikipedia.org/wiki/List_of_works_performed_by_American_Ballet_Theatre", 27.769484665851568
"http://en.wikipedia.org/wiki/List_of_people_with_gout", 26.846242208560973
"http://en.wikipedia.org/wiki/1958_FIFA_World_Cup_squads", 26.391616338059393
"http://en.wikipedia.org/wiki/The_Best_Classics..._Ever!", 26.391616338059393
"http://en.wikipedia.org/wiki/List_of_films_shot_at_the_Palace_of_Versailles", 26.391616338059393
"http://en.wikipedia.org/wiki/The_Best_Classics..._Ever!_vol._2", 25.9160527674408
"http://en.wikipedia.org/wiki/List_of_German_football_transfers_summer_2008", 24.937733402690824
"http://en.wikipedia.org/wiki/List_of_cultural_icons_of_Germany", 24.433888871261043
"http://en.wikipedia.org/wiki/List_of_German_football_transfers_summer_2013", 24.433888871261043
"http://en.wikipedia.org/wiki/List_of_composers_for_the_classical_guitar_(nationality)", 24.433888871261043
"http://en.wikipedia.org/wiki/Chronological_list_of_German_classical_composers", 24.343224778007382
"http://en.wikipedia.org/wiki/List_of_composers_for_the_classical_guitar_(chronological)", 23.919433594518644
"http://en.wikipedia.org/wiki/List_of_French_classical_composers_(chronological)", 23.919433594518644
"http://en.wikipedia.org/wiki/List_of_German_football_transfers_winter_2007%E2%80%9308", 23.919433594518644
"http://en.wikipedia.org/wiki/The_Tales_of_Hoffmann_discography", 23.393667553251237
"http://en.wikipedia.org/wiki/List_of_cultural_icons_of_France", 22.855810195691873
"http://en.wikipedia.org/wiki/2009_24_Hours_of_N%C3%BCrburgring", 22.304986837273525
"http://en.wikipedia.org/wiki/Alfredo_Kraus_discography", 19.31668523215639
