"http://en.wikipedia.org/wiki/Robert_Orme", 73.90910002211702
"http://en.wikipedia.org/wiki/Robert_Clive,_1st_Baron_Clive", 71.48518838605875
"http://en.wikipedia.org/wiki/Robert_Morrison_(missionary)", 69.61188819428452
"http://en.wikipedia.org/wiki/Thomas_Pennant", 68.6560732030692
"http://en.wikipedia.org/wiki/Impalement", 68.33449732184378
"http://en.wikipedia.org/wiki/Bront%C3%AB_family", 68.01140096184575
"http://en.wikipedia.org/wiki/Malvern,_Worcestershire", 67.68676234949363
"http://en.wikipedia.org/wiki/History_of_Afghanistan", 67.3605591865203
"http://en.wikipedia.org/wiki/Afghanistan", 67.3605591865203
"http://en.wikipedia.org/wiki/Henry_Every", 67.03276863209949
"http://en.wikipedia.org/wiki/Peterborough", 67.03276863209949
"http://en.wikipedia.org/wiki/Henry_James", 67.03276863209949
"http://en.wikipedia.org/wiki/Thomas_Gage", 66.3723311599972
"http://en.wikipedia.org/wiki/James_Tod", 66.03963567567746
"http://en.wikipedia.org/wiki/History_of_Mexico", 66.03963567567746
"http://en.wikipedia.org/wiki/Blowing_from_a_gun", 66.03963567567746
"http://en.wikipedia.org/wiki/William_Blake", 66.03963567567746
"http://en.wikipedia.org/wiki/Edmund_Sharpe", 65.7052556249505
"http://en.wikipedia.org/wiki/Gregory_Cromwell,_1st_Baron_Cromwell", 65.7052556249505
"http://en.wikipedia.org/wiki/Kerala", 65.36916515685331
"http://en.wikipedia.org/wiki/Belfast", 65.36916515685331
"http://en.wikipedia.org/wiki/Arkansas_Militia_in_the_Civil_War", 65.03133775240858
"http://en.wikipedia.org/wiki/Henry_Vane_the_Younger", 65.03133775240858
"http://en.wikipedia.org/wiki/Animal_rights", 65.03133775240858
"http://en.wikipedia.org/wiki/Rhondda", 65.03133775240858
"http://en.wikipedia.org/wiki/Battle_of_Plassey", 65.03133775240858
"http://en.wikipedia.org/wiki/Constitutional_status_of_Cornwall", 64.69174620020485
"http://en.wikipedia.org/wiki/John_Hulley", 64.69174620020485
"http://en.wikipedia.org/wiki/Transcendental_Meditation_movement", 64.69174620020485
"http://en.wikipedia.org/wiki/George_Washington_in_the_French_and_Indian_War", 64.69174620020485
"http://en.wikipedia.org/wiki/Battle_of_Camperdown", 64.35036257081691
"http://en.wikipedia.org/wiki/Falkland_Islands_sovereignty_dispute", 64.35036257081691
"http://en.wikipedia.org/wiki/Glorious_First_of_June", 64.35036257081691
"http://en.wikipedia.org/wiki/Music_of_Birmingham", 64.35036257081691
"http://en.wikipedia.org/wiki/List_of_unmade_Doctor_Who_serials_and_films", 64.00715818999834
"http://en.wikipedia.org/wiki/John_Bright", 64.00715818999834
"http://en.wikipedia.org/wiki/William_Kidd", 64.00715818999834
"http://en.wikipedia.org/wiki/52nd_(Oxfordshire)_Regiment_of_Foot", 63.66210361057314
"http://en.wikipedia.org/wiki/John_Lilburne", 63.66210361057314
"http://en.wikipedia.org/wiki/HMS_Bellerophon_(1786)", 63.66210361057314
"http://en.wikipedia.org/wiki/Edward_Nicolls", 63.66210361057314
"http://en.wikipedia.org/wiki/Mutiny_on_the_Bounty", 63.66210361057314
"http://en.wikipedia.org/wiki/Sea_shanty", 63.66210361057314
"http://en.wikipedia.org/wiki/John_Prescott", 63.66210361057314
"http://en.wikipedia.org/wiki/Colorado_State_University", 63.31516858294878
"http://en.wikipedia.org/wiki/Timbuktu", 63.31516858294878
"http://en.wikipedia.org/wiki/History_of_banking", 63.31516858294878
"http://en.wikipedia.org/wiki/List_of_former_United_States_citizens_who_relinquished_their_nationality", 62.96632202416702
"http://en.wikipedia.org/wiki/Catherine_of_Aragon", 62.96632202416702
"http://en.wikipedia.org/wiki/Golding_Bird", 62.96632202416702
"http://en.wikipedia.org/wiki/Tecumseh", 62.96632202416702
"http://en.wikipedia.org/wiki/Marshalsea", 62.61553198540262
"http://en.wikipedia.org/wiki/Reform_Act_1832", 62.61553198540262
"http://en.wikipedia.org/wiki/James_Hall_(historian)", 62.61553198540262
"http://en.wikipedia.org/wiki/Cornish_people", 62.61553198540262
"http://en.wikipedia.org/wiki/Aga_Khan_IV", 62.61553198540262
"http://en.wikipedia.org/wiki/Calais", 62.61553198540262
"http://en.wikipedia.org/wiki/Cornwall", 62.61553198540262
"http://en.wikipedia.org/wiki/Paul_Foley_(politician)", 62.436408326758865
"http://en.wikipedia.org/wiki/Laudabiliter", 62.26276561781411
"http://en.wikipedia.org/wiki/Timeline_of_Cornish_history", 62.26276561781411
"http://en.wikipedia.org/wiki/Muhammad_al-Durrah_incident", 62.26276561781411
"http://en.wikipedia.org/wiki/Ethnic_Malays", 62.26276561781411
"http://en.wikipedia.org/wiki/Music_of_Italy", 62.26276561781411
"http://en.wikipedia.org/wiki/Lives_of_the_Most_Eminent_Literary_and_Scientific_Men", 62.26276561781411
"http://en.wikipedia.org/wiki/Christianity_in_Cornwall", 61.907989136643195
"http://en.wikipedia.org/wiki/Pitcairn_Islands", 61.907989136643195
"http://en.wikipedia.org/wiki/Battle_of_Thermopylae", 61.907989136643195
"http://en.wikipedia.org/wiki/Comma_Johanneum", 61.551167783451575
"http://en.wikipedia.org/wiki/Siraj_ud-Daulah", 61.551167783451575
"http://en.wikipedia.org/wiki/Records_of_members_of_parliament_of_the_United_Kingdom", 61.551167783451575
"http://en.wikipedia.org/wiki/Thomas_Wolsey", 61.551167783451575
"http://en.wikipedia.org/wiki/United_Kingdom_by-election_records", 61.19226578637601
"http://en.wikipedia.org/wiki/Rebecca_West", 61.19226578637601
"http://en.wikipedia.org/wiki/Transcendental_Meditation_technique", 60.83124631827266
"http://en.wikipedia.org/wiki/Thomas_Johnes", 60.83124631827266
"http://en.wikipedia.org/wiki/Hanwell", 60.83124631827266
"http://en.wikipedia.org/wiki/An_Essay_on_the_Principle_of_Population", 60.83124631827266
"http://en.wikipedia.org/wiki/Blade_Runner", 60.83124631827266
"http://en.wikipedia.org/wiki/Peter_Nicholson_(architect)", 60.83124631827266
"http://en.wikipedia.org/wiki/Robert_Palk", 60.83124631827266
"http://en.wikipedia.org/wiki/Captain_John_Underhill", 60.46807145261239
"http://en.wikipedia.org/wiki/Paddington_South_(UK_Parliament_constituency)", 60.46807145261239
"http://en.wikipedia.org/wiki/Magdalen_College_School,_Oxford", 60.46807145261239
"http://en.wikipedia.org/wiki/Timeline_of_European_exploration", 60.46807145261239
"http://en.wikipedia.org/wiki/History_of_scientific_method", 60.102702116977355
"http://en.wikipedia.org/wiki/Rob_Roy_(novel)", 60.102702116977355
"http://en.wikipedia.org/wiki/HMS_Centaur_(1797)", 60.102702116977355
"http://en.wikipedia.org/wiki/Sir_John_Duckworth,_1st_Baronet", 60.102702116977355
"http://en.wikipedia.org/wiki/Francis_Drake", 59.73509804399748
"http://en.wikipedia.org/wiki/Charles_Dashwood_(Royal_Navy_officer)", 59.73509804399748
"http://en.wikipedia.org/wiki/William_Priestley_(Louisiana_planter)", 59.73509804399748
"http://en.wikipedia.org/wiki/List_of_Governors_of_Bombay", 59.73509804399748
"http://en.wikipedia.org/wiki/Wisbech_Grammar_School", 59.73509804399748
"http://en.wikipedia.org/wiki/John_MacBride_(Royal_Navy_officer)", 59.365217719552476
"http://en.wikipedia.org/wiki/Indian_termination_policy", 59.365217719552476
"http://en.wikipedia.org/wiki/William_Cobbett", 59.365217719552476
"http://en.wikipedia.org/wiki/John_Fraser_(botanist)", 59.365217719552476
"http://en.wikipedia.org/wiki/Maharishi_University_of_Management", 59.365217719552476
"http://en.wikipedia.org/wiki/Sacred_Band_of_Thebes", 59.365217719552476
"http://en.wikipedia.org/wiki/Battle_of_Panipat_(1761)", 59.365217719552476
"http://en.wikipedia.org/wiki/Camp_Douglas_(Chicago)", 59.365217719552476
"http://en.wikipedia.org/wiki/John_Bligh_(Royal_Navy_officer)", 59.365217719552476
"http://en.wikipedia.org/wiki/Great_Malvern", 59.365217719552476
"http://en.wikipedia.org/wiki/William_Howard_(1781%E2%80%931843)", 59.03260526902472
"http://en.wikipedia.org/wiki/Pibroch", 58.99301832805086
"http://en.wikipedia.org/wiki/Samuel_Wilberforce", 58.99301832805086
"http://en.wikipedia.org/wiki/Progressive_rock", 58.99301832805086
"http://en.wikipedia.org/wiki/Oflag_IV-C", 58.99301832805086
"http://en.wikipedia.org/wiki/Harry_Crosby", 58.99301832805086
"http://en.wikipedia.org/wiki/Hundred_Days", 58.99301832805086
"http://en.wikipedia.org/wiki/George_Eyre", 58.99301832805086
"http://en.wikipedia.org/wiki/Irish_Volunteers_(18th_century)", 58.99301832805086
"http://en.wikipedia.org/wiki/Music_hall", 58.99301832805086
"http://en.wikipedia.org/wiki/Alderley_Edge", 58.99301832805086
"http://en.wikipedia.org/wiki/Earle_C._Clements", 58.61845569458155
"http://en.wikipedia.org/wiki/Spencer_(surname)", 58.61845569458155
"http://en.wikipedia.org/wiki/Devon", 58.61845569458155
"http://en.wikipedia.org/wiki/HMS_Cambrian_(1797)", 58.24148422371718
"http://en.wikipedia.org/wiki/Tiberias", 58.24148422371718
"http://en.wikipedia.org/wiki/Maharishi_Vedic_Approach_to_Health", 58.24148422371718
"http://en.wikipedia.org/wiki/Early_music_of_the_British_Isles", 58.24148422371718
"http://en.wikipedia.org/wiki/Bruno_Rossi", 58.24148422371718
"http://en.wikipedia.org/wiki/Richard_Goodwin_Keats", 57.86205683472869
"http://en.wikipedia.org/wiki/Bath_(UK_Parliament_constituency)", 57.86205683472869
"http://en.wikipedia.org/wiki/List_of_Arkansas_Civil_War_Confederate_units", 57.86205683472869
"http://en.wikipedia.org/wiki/William_John_Swainson", 57.86205683472869
"http://en.wikipedia.org/wiki/HMS_Spitfire_(1782)", 57.86205683472869
"http://en.wikipedia.org/wiki/List_of_songs_about_abortion", 57.86205683472869
"http://en.wikipedia.org/wiki/London_and_South_Western_Railway", 57.86205683472869
"http://en.wikipedia.org/wiki/Walloons", 57.86205683472869
"http://en.wikipedia.org/wiki/Skew_arch", 57.86205683472869
"http://en.wikipedia.org/wiki/Yavapai_people", 57.86205683472869
"http://en.wikipedia.org/wiki/Johann_Friedrich_Blumenbach", 57.86205683472869
"http://en.wikipedia.org/wiki/John_Herschel", 57.480124892951046
"http://en.wikipedia.org/wiki/Orange_(fruit)", 57.480124892951046
"http://en.wikipedia.org/wiki/Battle_of_San_Domingo", 57.480124892951046
"http://en.wikipedia.org/wiki/Madoc", 57.480124892951046
"http://en.wikipedia.org/wiki/Richard_Levett", 57.480124892951046
"http://en.wikipedia.org/wiki/History_of_optics", 57.480124892951046
"http://en.wikipedia.org/wiki/Robert_Wornum", 57.480124892951046
"http://en.wikipedia.org/wiki/Bronze_Age", 57.480124892951046
"http://en.wikipedia.org/wiki/Battle_of_Cape_St_Vincent_(1797)", 57.480124892951046
"http://en.wikipedia.org/wiki/Caroline_Mary_Luard", 57.095638137016444
"http://en.wikipedia.org/wiki/Fox_family_of_Falmouth", 57.095638137016444
"http://en.wikipedia.org/wiki/Hugh_Roe_O%27Donnell", 57.095638137016444
"http://en.wikipedia.org/wiki/Registrar_of_the_University_of_Oxford", 57.095638137016444
"http://en.wikipedia.org/wiki/Christopher_Plummer", 57.095638137016444
"http://en.wikipedia.org/wiki/Max_Beerbohm", 57.095638137016444
"http://en.wikipedia.org/wiki/Edm%C3%A9_Boursault", 57.095638137016444
"http://en.wikipedia.org/wiki/John_Horsefield", 57.095638137016444
"http://en.wikipedia.org/wiki/Fox_hunting", 56.70854460164716
"http://en.wikipedia.org/wiki/Miguel_Ortiz_Berrocal", 56.70854460164716
"http://en.wikipedia.org/wiki/Congreve_rocket", 56.70854460164716
"http://en.wikipedia.org/wiki/Henry_Heathcote", 56.70854460164716
"http://en.wikipedia.org/wiki/Melbourne_Rebels", 56.70854460164716
"http://en.wikipedia.org/wiki/Banksia_sessilis", 56.70854460164716
"http://en.wikipedia.org/wiki/Brazilian_presidential_election,_2010", 56.70854460164716
"http://en.wikipedia.org/wiki/Trial_of_Archbishop_Laud", 56.70854460164716
"http://en.wikipedia.org/wiki/Hindon_(UK_Parliament_constituency)", 56.70854460164716
"http://en.wikipedia.org/wiki/Exeter_Cathedral", 56.70854460164716
"http://en.wikipedia.org/wiki/Coast_(TV_series)", 56.70854460164716
"http://en.wikipedia.org/wiki/Sudbury,_Suffolk", 56.70854460164716
"http://en.wikipedia.org/wiki/Robert_and_Thomas_Wintour", 56.70854460164716
"http://en.wikipedia.org/wiki/Urmston", 56.70854460164716
"http://en.wikipedia.org/wiki/William_Miller_(engraver)", 56.70854460164716
"http://en.wikipedia.org/wiki/HMS_Phoenix_(1783)", 56.318790535671845
"http://en.wikipedia.org/wiki/Culford_School", 56.318790535671845
"http://en.wikipedia.org/wiki/Optics", 56.318790535671845
"http://en.wikipedia.org/wiki/Monkland_and_Kirkintilloch_Railway", 56.318790535671845
"http://en.wikipedia.org/wiki/Ulster_Workers%27_Council_strike", 56.318790535671845
"http://en.wikipedia.org/wiki/First_Messenian_War", 56.318790535671845
"http://en.wikipedia.org/wiki/Christopher_Cole_(Royal_Navy_officer)", 56.318790535671845
"http://en.wikipedia.org/wiki/List_of_Doctor_Who_serials", 56.318790535671845
"http://en.wikipedia.org/wiki/Order_of_Saint_Hubert", 56.318790535671845
"http://en.wikipedia.org/wiki/Red_Dragon_(1595)", 56.318790535671845
"http://en.wikipedia.org/wiki/Bibliography_of_fly_fishing", 56.318790535671845
"http://en.wikipedia.org/wiki/Fly_tying", 56.318790535671845
"http://en.wikipedia.org/wiki/Edinburgh_and_Dalkeith_Railway", 55.926320314899655
"http://en.wikipedia.org/wiki/Joseph_Spear", 55.926320314899655
"http://en.wikipedia.org/wiki/Hugh_Oldham", 55.926320314899655
"http://en.wikipedia.org/wiki/Alexander_McQueen", 55.926320314899655
"http://en.wikipedia.org/wiki/Tomorrow%27s_Pioneers", 55.926320314899655
"http://en.wikipedia.org/wiki/James_Hamilton_(assassin)", 55.926320314899655
"http://en.wikipedia.org/wiki/Jeremiah_Coghlan_(Royal_Navy_officer)", 55.926320314899655
"http://en.wikipedia.org/wiki/John_Oswald_(bishop)", 55.7773351022717
"http://en.wikipedia.org/wiki/Prehistoric_Britain", 55.5310763494517
"http://en.wikipedia.org/wiki/Hugh_Downman", 55.5310763494517
"http://en.wikipedia.org/wiki/Middle_name", 55.5310763494517
"http://en.wikipedia.org/wiki/O%27Donnell_dynasty", 55.5310763494517
"http://en.wikipedia.org/wiki/Robert_Murray_(Royal_Navy_officer)", 55.5310763494517
"http://en.wikipedia.org/wiki/Floodland", 55.5310763494517
"http://en.wikipedia.org/wiki/French_frigate_Franchise_(1798)", 55.5310763494517
"http://en.wikipedia.org/wiki/HMS_Owen_Glendower_(1808)", 55.5310763494517
"http://en.wikipedia.org/wiki/List_of_British_politicians_who_have_crossed_the_floor", 55.13299898511336
"http://en.wikipedia.org/wiki/Battle_of_Worcester", 55.13299898511336
"http://en.wikipedia.org/wiki/James_Macnamara", 55.13299898511336
"http://en.wikipedia.org/wiki/East_Retford_(UK_Parliament_constituency)", 55.13299898511336
"http://en.wikipedia.org/wiki/Joshua_Toulmin", 55.13299898511336
"http://en.wikipedia.org/wiki/George_Edwardes", 55.13299898511336
"http://en.wikipedia.org/wiki/History_of_surgery", 55.13299898511336
"http://en.wikipedia.org/wiki/Herman_Melville_bibliography", 55.13299898511336
"http://en.wikipedia.org/wiki/Liskeard_and_Looe_Union_Canal", 55.13299898511336
"http://en.wikipedia.org/wiki/HMS_Calcutta_(1795)", 55.13299898511336
"http://en.wikipedia.org/wiki/St_Ives_(UK_Parliament_constituency)", 55.13299898511336
"http://en.wikipedia.org/wiki/Pringle_Stokes", 54.73202639822855
"http://en.wikipedia.org/wiki/Battle_of_Ridgefield", 54.73202639822855
"http://en.wikipedia.org/wiki/William_Kiffin", 54.73202639822855
"http://en.wikipedia.org/wiki/William_Sharington", 54.73202639822855
"http://en.wikipedia.org/wiki/Stockbridge_(UK_Parliament_constituency)", 54.73202639822855
"http://en.wikipedia.org/wiki/Melanoma", 54.73202639822855
"http://en.wikipedia.org/wiki/Lord_Henry_Paulet", 54.73202639822855
"http://en.wikipedia.org/wiki/Flowering_plant", 54.73202639822855
"http://en.wikipedia.org/wiki/Persian_Gulf_campaign_of_1809", 54.73202639822855
"http://en.wikipedia.org/wiki/Obelisk", 54.73202639822855
"http://en.wikipedia.org/wiki/Raleigh,_Pilton", 54.73202639822855
"http://en.wikipedia.org/wiki/HMS_St_Fiorenzo_(1794)", 54.73202639822855
"http://en.wikipedia.org/wiki/John_Astley_(painter)", 54.32809448361192
"http://en.wikipedia.org/wiki/Stephen_Lushington_(Royal_Navy_officer)", 54.32809448361192
"http://en.wikipedia.org/wiki/Boeing_AH-64_Apache", 54.32809448361192
"http://en.wikipedia.org/wiki/Stephen_Roche", 54.32809448361192
"http://en.wikipedia.org/wiki/Maharishi_Effect", 54.32809448361192
"http://en.wikipedia.org/wiki/HMS_Boadicea_(1797)", 54.32809448361192
"http://en.wikipedia.org/wiki/Richard_Jackson_(colonial_agent)", 54.17363388859614
"http://en.wikipedia.org/wiki/John_Gordon_(bishop)", 53.92113673490332
"http://en.wikipedia.org/wiki/HMS_Pomone_(1805)", 53.92113673490332
"http://en.wikipedia.org/wiki/Preston_(UK_Parliament_constituency)", 53.92113673490332
"http://en.wikipedia.org/wiki/The_Gentleman%27s_Magazine", 53.92113673490332
"http://en.wikipedia.org/wiki/French_corvette_Per%C3%A7ante_(1795)", 53.92113673490332
"http://en.wikipedia.org/wiki/French_frigate_Sibylle_(1792)", 53.92113673490332
"http://en.wikipedia.org/wiki/HMS_Scorpion_(1803)", 53.92113673490332
"http://en.wikipedia.org/wiki/Robert_Ker_Porter", 53.92113673490332
"http://en.wikipedia.org/wiki/HMS_Arab_(1798)", 53.92113673490332
"http://en.wikipedia.org/wiki/Belva_Ann_Lockwood", 53.92113673490332
"http://en.wikipedia.org/wiki/British_narrow_gauge_railways", 53.92113673490332
"http://en.wikipedia.org/wiki/Anne_Hyde", 53.92113673490332
"http://en.wikipedia.org/wiki/Freddie_Bartholomew", 53.92113673490332
"http://en.wikipedia.org/wiki/River_Avon_(Bristol)", 53.92113673490332
"http://en.wikipedia.org/wiki/Edward_Sneyd_Clay", 53.51108411673246
"http://en.wikipedia.org/wiki/William_de_Lancaster_I", 53.51108411673246
"http://en.wikipedia.org/wiki/List_of_book-based_war_films_(1927%E2%80%9345_wars)", 53.51108411673246
"http://en.wikipedia.org/wiki/Frederick_Sykes", 53.51108411673246
"http://en.wikipedia.org/wiki/Haida_Gwaii", 53.51108411673246
"http://en.wikipedia.org/wiki/Stamford_(UK_Parliament_constituency)", 53.51108411673246
"http://en.wikipedia.org/wiki/Richard_Child,_1st_Earl_Tylney", 53.51108411673246
"http://en.wikipedia.org/wiki/1973_in_music", 53.51108411673246
"http://en.wikipedia.org/wiki/HMS_Hazard_(1794)", 53.51108411673246
"http://en.wikipedia.org/wiki/HMS_Racoon_(1795)", 53.51108411673246
"http://en.wikipedia.org/wiki/List_of_disasters_in_Great_Britain_and_Ireland", 53.51108411673246
"http://en.wikipedia.org/wiki/Corps_of_Colonial_Marines", 53.09786492799776
"http://en.wikipedia.org/wiki/HMS_Amethyst_(1799)", 53.09786492799776
"http://en.wikipedia.org/wiki/20_Frith_Street", 53.09786492799776
"http://en.wikipedia.org/wiki/HMS_Favourite_(1794)", 53.09786492799776
"http://en.wikipedia.org/wiki/Peterborough_(UK_Parliament_constituency)", 53.09786492799776
"http://en.wikipedia.org/wiki/Karmichael_Hunt", 53.09786492799776
"http://en.wikipedia.org/wiki/Glasgow,_Paisley_and_Johnstone_Canal", 53.09786492799776
"http://en.wikipedia.org/wiki/List_of_people_from_the_Pittsburgh_metropolitan_area", 53.09786492799776
"http://en.wikipedia.org/wiki/Battle_of_Chelsea_Creek", 53.09786492799776
"http://en.wikipedia.org/wiki/A1_in_London", 53.09786492799776
"http://en.wikipedia.org/wiki/Maldon_(UK_Parliament_constituency)", 53.09786492799776
"http://en.wikipedia.org/wiki/William_Windham_(of_Earsham,_senior)", 52.80588545286916
"http://en.wikipedia.org/wiki/Baccio_Baldini", 52.704627669472984
"http://en.wikipedia.org/wiki/Lord_High_Steward_of_Ireland", 52.68140465549273
"http://en.wikipedia.org/wiki/List_of_politicians,_lawyers,_and_civil_servants_educated_at_Jesus_College,_Oxford", 52.68140465549273
"http://en.wikipedia.org/wiki/HMS_Phoebe_(1795)", 52.68140465549273
"http://en.wikipedia.org/wiki/Stanzaic_Morte_Arthur", 52.68140465549273
"http://en.wikipedia.org/wiki/Bibliography_of_the_1837%E2%80%9338_insurrections_in_Lower_Canada", 52.68140465549273
"http://en.wikipedia.org/wiki/Timeline_of_medicine_and_medical_technology", 52.68140465549273
"http://en.wikipedia.org/wiki/35th_(Royal_Sussex)_Regiment_of_Foot", 52.68140465549273
"http://en.wikipedia.org/wiki/Merlin_(TV_series)", 52.68140465549273
"http://en.wikipedia.org/wiki/Transcendental_Meditation_research", 52.68140465549273
"http://en.wikipedia.org/wiki/List_of_Doctor_Who_writers", 52.68140465549273
"http://en.wikipedia.org/wiki/Dutch_elm_disease", 52.68140465549273
"http://en.wikipedia.org/wiki/Charles_Bray", 52.68140465549273
"http://en.wikipedia.org/wiki/HMS_Zebra_(1815)", 52.68140465549273
"http://en.wikipedia.org/wiki/Shaftesbury_(UK_Parliament_constituency)", 52.68140465549273
"http://en.wikipedia.org/wiki/John_Hagelin", 52.68140465549273
"http://en.wikipedia.org/wiki/William_Thompson_(philosopher)", 52.68140465549273
"http://en.wikipedia.org/wiki/Alexander_Cadogan", 52.68140465549273
"http://en.wikipedia.org/wiki/Life_on_Mars", 52.68140465549273
"http://en.wikipedia.org/wiki/Phillips_Gybbon", 52.3148363780597
"http://en.wikipedia.org/wiki/HMS_Pelorus_(1808)", 52.26162581703374
"http://en.wikipedia.org/wiki/Grand_Junction_Canal", 52.26162581703374
"http://en.wikipedia.org/wiki/List_of_musicians_at_English_cathedrals", 52.26162581703374
"http://en.wikipedia.org/wiki/Transcendental_Meditation_in_education", 52.26162581703374
"http://en.wikipedia.org/wiki/Gatton_(UK_Parliament_constituency)", 52.26162581703374
"http://en.wikipedia.org/wiki/Omichund", 52.26162581703374
"http://en.wikipedia.org/wiki/Signing_Off", 52.26162581703374
"http://en.wikipedia.org/wiki/Charles_Inglis_(d._1833)", 52.26162581703374
"http://en.wikipedia.org/wiki/Brightley,_Chittlehampton", 52.26162581703374
"http://en.wikipedia.org/wiki/Maelgwn_Gwynedd", 52.26162581703374
"http://en.wikipedia.org/wiki/Hearth_tax", 52.26162581703374
"http://en.wikipedia.org/wiki/Plymouth_(UK_Parliament_constituency)", 52.26162581703374
"http://en.wikipedia.org/wiki/Llanelli_A.F.C.", 52.26162581703374
"http://en.wikipedia.org/wiki/George_Edmund_Byron_Bettesworth", 52.26162581703374
"http://en.wikipedia.org/wiki/Murder_of_Sophie_Hook", 52.26162581703374
"http://en.wikipedia.org/wiki/7th_Arkansas_Infantry_Regiment", 52.26162581703374
"http://en.wikipedia.org/wiki/Humphrey_Orme", 52.041649986653326
"http://en.wikipedia.org/wiki/List_of_places_named_after_people", 51.83844779315373
"http://en.wikipedia.org/wiki/New_Zealand_general_election,_2005", 51.83844779315373
"http://en.wikipedia.org/wiki/Nancy_Brinker", 51.83844779315373
"http://en.wikipedia.org/wiki/HMS_Carysfort_(1766)", 51.83844779315373
"http://en.wikipedia.org/wiki/Green_children_of_Woolpit", 51.83844779315373
"http://en.wikipedia.org/wiki/Diazepam", 51.83844779315373
"http://en.wikipedia.org/wiki/Wigan_(UK_Parliament_constituency)", 51.83844779315373
"http://en.wikipedia.org/wiki/List_of_regicides_of_Charles_I", 51.83844779315373
"http://en.wikipedia.org/wiki/Gregory_K._Orme", 51.83844779315373
"http://en.wikipedia.org/wiki/Downton_(UK_Parliament_constituency)", 51.83844779315373
"http://en.wikipedia.org/wiki/Suspension_bridge", 51.83844779315373
"http://en.wikipedia.org/wiki/Richard_Owen_Cambridge", 51.63977794943223
"http://en.wikipedia.org/wiki/Sir_Thomas_Hales,_2nd_Baronet", 51.525403992954466
"http://en.wikipedia.org/wiki/Charles_Brett_(MP)", 51.49286505444371
"http://en.wikipedia.org/wiki/Andrew_Stone_(MP)", 51.43113152870138
"http://en.wikipedia.org/wiki/Longman", 51.411786646326554
"http://en.wikipedia.org/wiki/Charles_Turner_(merchant)", 51.411786646326554
"http://en.wikipedia.org/wiki/List_of_American_Civil_War_Generals_(Union)", 51.411786646326554
"http://en.wikipedia.org/wiki/Llandudno", 51.411786646326554
"http://en.wikipedia.org/wiki/Empire_of_the_Sun_(band)", 51.411786646326554
"http://en.wikipedia.org/wiki/Pashtun_diaspora", 51.411786646326554
"http://en.wikipedia.org/wiki/Fort_Bowyer", 51.411786646326554
"http://en.wikipedia.org/wiki/HMS_Topaze_(1793)", 51.411786646326554
"http://en.wikipedia.org/wiki/Scouts_Australia", 51.411786646326554
"http://en.wikipedia.org/wiki/Holywell_Town_F.C.", 51.411786646326554
"http://en.wikipedia.org/wiki/0.999...", 51.411786646326554
"http://en.wikipedia.org/wiki/The_Lost_World_(2001_film)", 51.411786646326554
"http://en.wikipedia.org/wiki/Okehampton_(UK_Parliament_constituency)", 51.411786646326554
"http://en.wikipedia.org/wiki/Henry_Chorley", 51.411786646326554
"http://en.wikipedia.org/wiki/Robert_Liston", 51.411786646326554
"http://en.wikipedia.org/wiki/Charlwood_Lawton", 51.411786646326554
"http://en.wikipedia.org/wiki/Symphonic_rock", 50.98155492657397
"http://en.wikipedia.org/wiki/Doom_Bar", 50.98155492657397
"http://en.wikipedia.org/wiki/Pamela_C._Rasmussen", 50.98155492657397
"http://en.wikipedia.org/wiki/Cosmic_ray", 50.98155492657397
"http://en.wikipedia.org/wiki/Thomas_Eyles", 50.98155492657397
"http://en.wikipedia.org/wiki/History_of_Colorado", 50.98155492657397
"http://en.wikipedia.org/wiki/Dule_Tree", 50.98155492657397
"http://en.wikipedia.org/wiki/1972_in_music", 50.98155492657397
"http://en.wikipedia.org/wiki/Ormskirk", 50.98155492657397
"http://en.wikipedia.org/wiki/Wilts_%26_Berks_Canal", 50.98155492657397
"http://en.wikipedia.org/wiki/Thomas_Holloway_(painter)", 50.98155492657397
"http://en.wikipedia.org/wiki/Cromwell%27s_Other_House", 50.98155492657397
"http://en.wikipedia.org/wiki/Flight_of_the_Earls", 50.98155492657397
"http://en.wikipedia.org/wiki/Alexander,_son_of_Heraclius_II_of_Georgia", 50.98155492657397
"http://en.wikipedia.org/wiki/Affair_of_Fielding_and_Bylandt", 50.98155492657397
"http://en.wikipedia.org/wiki/List_of_book-based_war_films_(1945%E2%80%932000_wars)", 50.98155492657397
"http://en.wikipedia.org/wiki/Kent_(UK_Parliament_constituency)", 50.98155492657397
"http://en.wikipedia.org/wiki/Lord_William_Cecil_(bishop)", 50.98155492657397
"http://en.wikipedia.org/wiki/Wishaw_and_Coltness_Railway", 50.98155492657397
"http://en.wikipedia.org/wiki/Edward_Littleton,_2nd_Baron_Hatherton", 50.91750772173156
"http://en.wikipedia.org/wiki/Peter_Mews_of_Hinton_Admiral", 50.91750772173156
"http://en.wikipedia.org/wiki/Sir_John_Shelley,_5th_Baronet", 50.85476277156078
"http://en.wikipedia.org/wiki/Sir_Michael_Biddulph,_2nd_Baronet", 50.85476277156078
"http://en.wikipedia.org/wiki/Robert_Orme_(actor)", 50.737140496312705
"http://en.wikipedia.org/wiki/Great_Grimsby_(UK_Parliament_constituency)", 50.547661462179974
"http://en.wikipedia.org/wiki/James_Hawkins-Whitshed", 50.547661462179974
"http://en.wikipedia.org/wiki/HMS_Centurion_(1774)", 50.547661462179974
"http://en.wikipedia.org/wiki/Utah_Division_(D%26RGW)", 50.547661462179974
"http://en.wikipedia.org/wiki/Eyles_Irwin", 50.547661462179974
"http://en.wikipedia.org/wiki/List_of_United_Kingdom_by-elections_(1918%E2%80%931931)", 50.547661462179974
"http://en.wikipedia.org/wiki/The_Last_Train_(TV_series)", 50.547661462179974
"http://en.wikipedia.org/wiki/List_of_Protestant_martyrs_of_the_English_Reformation", 50.547661462179974
"http://en.wikipedia.org/wiki/Great_Orme", 50.547661462179974
"http://en.wikipedia.org/wiki/Winchelsea_(UK_Parliament_constituency)", 50.547661462179974
"http://en.wikipedia.org/wiki/Royal_Marines_Battalions_(Napoleonic_Wars)", 50.547661462179974
"http://en.wikipedia.org/wiki/Garnkirk_and_Glasgow_Railway", 50.547661462179974
"http://en.wikipedia.org/wiki/Battle_of_Cape_Henry", 50.547661462179974
"http://en.wikipedia.org/wiki/North_American_integration", 50.547661462179974
"http://en.wikipedia.org/wiki/1971_in_music", 50.547661462179974
"http://en.wikipedia.org/wiki/Ralph_Verney,_1st_Earl_Verney", 50.33222956847167
"http://en.wikipedia.org/wiki/Walter_Oudney", 50.21692075819447
"http://en.wikipedia.org/wiki/HMS_Egeria_(1807)", 50.11001113409406
"http://en.wikipedia.org/wiki/Richard_Wroughton", 50.11001113409406
"http://en.wikipedia.org/wiki/Norfolk_(UK_Parliament_constituency)", 50.11001113409406
"http://en.wikipedia.org/wiki/Stellenbosch", 50.11001113409406
"http://en.wikipedia.org/wiki/Warwickshire_(UK_Parliament_constituency)", 50.11001113409406
"http://en.wikipedia.org/wiki/HMS_Princess_(1740)", 50.11001113409406
"http://en.wikipedia.org/wiki/Ilchester_(UK_Parliament_constituency)", 50.11001113409406
"http://en.wikipedia.org/wiki/William_Kirby_(entomologist)", 50.11001113409406
"http://en.wikipedia.org/wiki/Orley_Farm_(novel)", 50.11001113409406
"http://en.wikipedia.org/wiki/United_Kingdom_eSports_Association", 50.11001113409406
"http://en.wikipedia.org/wiki/Carbon_monoxide_poisoning", 50.11001113409406
"http://en.wikipedia.org/wiki/Palaiologos", 50.11001113409406
"http://en.wikipedia.org/wiki/African-American_family_structure", 50.11001113409406
"http://en.wikipedia.org/wiki/Timeline_of_progressive_rock_(2000%E2%80%9309)", 50.11001113409406
"http://en.wikipedia.org/wiki/HMS_Scout_(1804)", 50.11001113409406
"http://en.wikipedia.org/wiki/Glastonbury_Canal", 50.11001113409406
"http://en.wikipedia.org/wiki/Queen_Elizabeth_Grammar_School,_Wakefield", 50.11001113409406
"http://en.wikipedia.org/wiki/Interpol_Calling", 50.11001113409406
"http://en.wikipedia.org/wiki/Samuel_Kent_(MP)", 49.999999999999986
"http://en.wikipedia.org/wiki/John_Comyns", 49.674263633520205
"http://en.wikipedia.org/wiki/Midhurst_(UK_Parliament_constituency)", 49.66850463244195
"http://en.wikipedia.org/wiki/Radnor_(UK_Parliament_constituency)", 49.66850463244195
"http://en.wikipedia.org/wiki/Miles_of_Gloucester,_1st_Earl_of_Hereford", 49.66850463244195
"http://en.wikipedia.org/wiki/Robert_Walpole_(1650%E2%80%931700)", 49.66850463244195
"http://en.wikipedia.org/wiki/Hired_armed_cutter_Admiral_Mitchell", 49.66850463244195
"http://en.wikipedia.org/wiki/Franklin_Simon", 49.66850463244195
"http://en.wikipedia.org/wiki/History_of_childhood", 49.66850463244195
"http://en.wikipedia.org/wiki/Maidstone_(UK_Parliament_constituency)", 49.66850463244195
"http://en.wikipedia.org/wiki/Forth_and_Clyde_Canal", 49.66850463244195
"http://en.wikipedia.org/wiki/16th_century_in_Wales", 49.66850463244195
"http://en.wikipedia.org/wiki/Joseph_Gurney_Bevan", 49.66850463244195
"http://en.wikipedia.org/wiki/Scouting_and_Guiding_in_Queensland", 49.66850463244195
"http://en.wikipedia.org/wiki/HMS_Curieux_(1804)", 49.66850463244195
"http://en.wikipedia.org/wiki/Rocking_stone", 49.66850463244195
"http://en.wikipedia.org/wiki/Thomas_Trotter_(physician)", 49.66850463244195
"http://en.wikipedia.org/wiki/Nicholas_Haddock", 49.656353316142074
"http://en.wikipedia.org/wiki/Isaac_Townsend", 49.472744491815355
"http://en.wikipedia.org/wiki/Sir_Philip_Hales,_5th_Baronet", 49.28053803045811
"http://en.wikipedia.org/wiki/HMS_Amboyna_(1796)", 49.22303819337836
"http://en.wikipedia.org/wiki/Bletchingley_(UK_Parliament_constituency)", 49.22303819337836
"http://en.wikipedia.org/wiki/Chester_and_Holyhead_Railway", 49.22303819337836
"http://en.wikipedia.org/wiki/Archibald_Montgomerie,_11th_Earl_of_Eglinton", 49.22303819337836
"http://en.wikipedia.org/wiki/Bristol_and_Gloucestershire_Railway", 49.22303819337836
"http://en.wikipedia.org/wiki/TM-Sidhi_program", 49.22303819337836
"http://en.wikipedia.org/wiki/HMS_Musquito_(1804)", 49.22303819337836
"http://en.wikipedia.org/wiki/Latin_school", 49.22303819337836
"http://en.wikipedia.org/wiki/Bossiney_(UK_Parliament_constituency)", 49.22303819337836
"http://en.wikipedia.org/wiki/William_Horman", 49.22303819337836
"http://en.wikipedia.org/wiki/August_1", 49.22303819337836
"http://en.wikipedia.org/wiki/Antibacterial", 49.22303819337836
"http://en.wikipedia.org/wiki/HMS_Clio_(1807)", 49.22303819337836
"http://en.wikipedia.org/wiki/Lactarius_torminosus", 49.22303819337836
"http://en.wikipedia.org/wiki/New_Waddell_Dam", 49.22303819337836
"http://en.wikipedia.org/wiki/Sir_John_Pelham,_3rd_Baronet", 49.15960401250876
"http://en.wikipedia.org/wiki/Bere_Alston_(UK_Parliament_constituency)", 48.77350331430643
"http://en.wikipedia.org/wiki/John_Vaughan_(British_Army_officer)", 48.77350331430643
"http://en.wikipedia.org/wiki/Sysonby", 48.77350331430643
"http://en.wikipedia.org/wiki/Bend_Or", 48.77350331430643
"http://en.wikipedia.org/wiki/Portsmouth_(UK_Parliament_constituency)", 48.77350331430643
"http://en.wikipedia.org/wiki/Pontefract_(UK_Parliament_constituency)", 48.77350331430643
"http://en.wikipedia.org/wiki/Robert_Fleming_the_younger", 48.77350331430643
"http://en.wikipedia.org/wiki/List_of_progressive_rock_bands", 48.77350331430643
"http://en.wikipedia.org/wiki/Cirencester_(UK_Parliament_constituency)", 48.77350331430643
"http://en.wikipedia.org/wiki/Powderham_Castle", 48.77350331430643
"http://en.wikipedia.org/wiki/HMS_Cydnus_(1813)", 48.77350331430643
"http://en.wikipedia.org/wiki/HMS_Entreprenante_(1799)", 48.77350331430643
"http://en.wikipedia.org/wiki/65th_(2nd_Yorkshire,_North_Riding)_Regiment_of_Foot", 48.31978644524971
"http://en.wikipedia.org/wiki/Unconditional_surrender", 48.31978644524971
"http://en.wikipedia.org/wiki/James_Edward_Smith", 48.31978644524971
"http://en.wikipedia.org/wiki/2012%E2%80%9313_Holywell_Town_F.C._season", 48.31978644524971
"http://en.wikipedia.org/wiki/Alfred_Fox", 48.31978644524971
"http://en.wikipedia.org/wiki/Ferdinand_von_Richthofen", 48.31978644524971
"http://en.wikipedia.org/wiki/Nottinghamshire_(UK_Parliament_constituency)", 48.31978644524971
"http://en.wikipedia.org/wiki/John_Pratt_(judge)", 48.31978644524971
"http://en.wikipedia.org/wiki/Robert_Levet", 48.31978644524971
"http://en.wikipedia.org/wiki/List_of_Stewards_of_the_Manor_of_Northstead", 48.31978644524971
"http://en.wikipedia.org/wiki/Bodysgallen_Hall", 48.31978644524971
"http://en.wikipedia.org/wiki/North_West_200", 48.31978644524971
"http://en.wikipedia.org/wiki/Hampshire_(UK_Parliament_constituency)", 48.31978644524971
"http://en.wikipedia.org/wiki/William_Orme_(minister)", 48.31978644524971
"http://en.wikipedia.org/wiki/Gordon_Riots", 48.31978644524971
"http://en.wikipedia.org/wiki/%C2%A1Forward,_Russia!", 48.31978644524971
"http://en.wikipedia.org/wiki/William_Evelyn_(British_Army_officer)", 48.15434123430768
"http://en.wikipedia.org/wiki/Porfirio_Salinas", 47.861768653889236
"http://en.wikipedia.org/wiki/List_of_shipwrecks_in_1817", 47.861768653889236
"http://en.wikipedia.org/wiki/Robert_Wood_(antiquarian)", 47.861768653889236
"http://en.wikipedia.org/wiki/St_Albans_(UK_Parliament_constituency)", 47.861768653889236
"http://en.wikipedia.org/wiki/Wootton_Bassett_(UK_Parliament_constituency)", 47.861768653889236
"http://en.wikipedia.org/wiki/List_of_Fellows_of_the_Royal_Society_M,N,O", 47.861768653889236
"http://en.wikipedia.org/wiki/Sir_Theodore_Janssen,_1st_Baronet", 47.861768653889236
"http://en.wikipedia.org/wiki/Harry_Rawson", 47.861768653889236
"http://en.wikipedia.org/wiki/George_Warren_(MP)", 47.861768653889236
"http://en.wikipedia.org/wiki/Gilbert_Hunter_Doble", 47.861768653889236
"http://en.wikipedia.org/wiki/Catherine_Arley", 47.861768653889236
"http://en.wikipedia.org/wiki/Derby_Playhouse", 47.861768653889236
"http://en.wikipedia.org/wiki/Steam_whistle", 47.861768653889236
"http://en.wikipedia.org/wiki/Astor_family", 47.861768653889236
"http://en.wikipedia.org/wiki/Scouting_and_Guiding_in_Australia", 47.861768653889236
"http://en.wikipedia.org/wiki/Bradninch", 47.861768653889236
"http://en.wikipedia.org/wiki/Swimfin", 47.861768653889236
"http://en.wikipedia.org/wiki/Organophosphate", 47.861768653889236
"http://en.wikipedia.org/wiki/William_Fairbairn", 47.861768653889236
"http://en.wikipedia.org/wiki/William_Lowth", 47.861768653889236
"http://en.wikipedia.org/wiki/List_of_mills_owned_by_the_Lancashire_Cotton_Corporation_Limited", 47.861768653889236
"http://en.wikipedia.org/wiki/William_Spence_(entomologist)", 47.553196871118104
"http://en.wikipedia.org/wiki/William_Henry_Foster_(Shropshire)", 47.49356901459776
"http://en.wikipedia.org/wiki/Richard_Keble", 47.399325261466444
"http://en.wikipedia.org/wiki/New_Romney_(UK_Parliament_constituency)", 47.399325261466444
"http://en.wikipedia.org/wiki/Hall_Place", 47.399325261466444
"http://en.wikipedia.org/wiki/Tavistock_Canal", 47.399325261466444
"http://en.wikipedia.org/wiki/Weymouth_and_Melcombe_Regis_(UK_Parliament_constituency)", 47.399325261466444
"http://en.wikipedia.org/wiki/HMS_Leda_(1800)", 47.399325261466444
"http://en.wikipedia.org/wiki/Sandwich_(UK_Parliament_constituency)", 47.399325261466444
"http://en.wikipedia.org/wiki/Lancaster_(UK_Parliament_constituency)", 47.399325261466444
"http://en.wikipedia.org/wiki/North_Wales", 47.399325261466444
"http://en.wikipedia.org/wiki/Saint_Winifred", 47.399325261466444
"http://en.wikipedia.org/wiki/1960_in_music", 47.399325261466444
"http://en.wikipedia.org/wiki/Bibliography_of_18th-_and_19th-century_Royal_Naval_history", 47.399325261466444
"http://en.wikipedia.org/wiki/The_Children%27s_Hour_(play)", 47.399325261466444
"http://en.wikipedia.org/wiki/Bridport_(UK_Parliament_constituency)", 47.399325261466444
"http://en.wikipedia.org/wiki/Surrey_(UK_Parliament_constituency)", 47.399325261466444
"http://en.wikipedia.org/wiki/Sir_John_Evelyn,_1st_Baronet_of_Wotton", 47.29526514634587
"http://en.wikipedia.org/wiki/Luke_Hansard", 47.14045207910317
"http://en.wikipedia.org/wiki/French_frigate_%C3%89gyptienne_(1799)", 46.93232544639321
"http://en.wikipedia.org/wiki/1848", 46.93232544639321
"http://en.wikipedia.org/wiki/Newport_(Isle_of_Wight)_(UK_Parliament_constituency)", 46.93232544639321
"http://en.wikipedia.org/wiki/William_Backhouse_Astor,_Jr.", 46.93232544639321
"http://en.wikipedia.org/wiki/Howard_Fox", 46.93232544639321
"http://en.wikipedia.org/wiki/Sydney_Dacres", 46.93232544639321
"http://en.wikipedia.org/wiki/Elizabeth_Claypole", 46.93232544639321
"http://en.wikipedia.org/wiki/Edward_Knowles_(Royal_Navy_officer)", 46.93232544639321
"http://en.wikipedia.org/wiki/Dartmouth_(UK_Parliament_constituency)", 46.93232544639321
"http://en.wikipedia.org/wiki/Tewkesbury_(UK_Parliament_constituency)", 46.93232544639321
"http://en.wikipedia.org/wiki/1999_Birthday_Honours", 46.93232544639321
"http://en.wikipedia.org/wiki/Hired_armed_ship_Countess_of_Scarborough", 46.93232544639321
"http://en.wikipedia.org/wiki/Gloucester_(UK_Parliament_constituency)", 46.93232544639321
"http://en.wikipedia.org/wiki/Blue-faced_Honeyeater", 46.93232544639321
"http://en.wikipedia.org/wiki/Eaton_Hodgkinson", 46.93232544639321
"http://en.wikipedia.org/wiki/Adam_Drummond", 46.86429005376045
"http://en.wikipedia.org/wiki/Minister_of_Shipping", 46.598589800857404
"http://en.wikipedia.org/wiki/Henry_Lumley", 46.569031542379975
"http://en.wikipedia.org/wiki/John_William_Wright", 46.53921590993472
"http://en.wikipedia.org/wiki/Sir_Thomas_Burdett,_1st_Baronet", 46.52073843435433
"http://en.wikipedia.org/wiki/Sir_Thomas_Hales,_4th_Baronet", 46.49905549752771
"http://en.wikipedia.org/wiki/Polymer_solar_cell", 46.460631811998034
"http://en.wikipedia.org/wiki/List_of_Inspector_Morse_episodes", 46.460631811998034
"http://en.wikipedia.org/wiki/East_Looe_(UK_Parliament_constituency)", 46.460631811998034
"http://en.wikipedia.org/wiki/1970_12_Hours_of_Sebring", 46.460631811998034
"http://en.wikipedia.org/wiki/List_of_Great_Britain_by-elections_(1734%E2%80%931754)", 46.460631811998034
"http://en.wikipedia.org/wiki/Rutland_(UK_Parliament_constituency)", 46.460631811998034
"http://en.wikipedia.org/wiki/George_Washington_University_Law_School", 46.460631811998034
"http://en.wikipedia.org/wiki/1991_New_Year_Honours", 46.460631811998034
"http://en.wikipedia.org/wiki/David_Orme-Johnson", 46.460631811998034
"http://en.wikipedia.org/wiki/Wye_Tour", 46.460631811998034
"http://en.wikipedia.org/wiki/James_St_Clair-Erskine,_2nd_Earl_of_Rosslyn", 46.460631811998034
"http://en.wikipedia.org/wiki/Staffordshire_(UK_Parliament_constituency)", 46.460631811998034
"http://en.wikipedia.org/wiki/HMS_Niemen_(1809)", 46.460631811998034
"http://en.wikipedia.org/wiki/Cable_car_(railway)", 46.460631811998034
"http://en.wikipedia.org/wiki/Voyage_of_the_Glorioso", 46.460631811998034
"http://en.wikipedia.org/wiki/Franklin_Rhoda", 46.37388957601682
"http://en.wikipedia.org/wiki/Sir_Robert_Burdett,_3rd_Baronet", 46.246387142126274
"http://en.wikipedia.org/wiki/Gloucester_Cathedral", 45.98409991436084
"http://en.wikipedia.org/wiki/Blackwater_River_(Virginia)", 45.98409991436084
"http://en.wikipedia.org/wiki/2012_Australia_Day_Honours", 45.98409991436084
"http://en.wikipedia.org/wiki/Markhor", 45.98409991436084
"http://en.wikipedia.org/wiki/Mary_Palmer", 45.98409991436084
"http://en.wikipedia.org/wiki/King%27s_Lynn_(UK_Parliament_constituency)", 45.98409991436084
"http://en.wikipedia.org/wiki/Tavistock_(UK_Parliament_constituency)", 45.98409991436084
"http://en.wikipedia.org/wiki/Truro_(UK_Parliament_constituency)", 45.98409991436084
"http://en.wikipedia.org/wiki/Alprazolam", 45.98409991436084
"http://en.wikipedia.org/wiki/Bramber_(UK_Parliament_constituency)", 45.98409991436084
"http://en.wikipedia.org/wiki/Bridgwater_(UK_Parliament_constituency)", 45.98409991436084
"http://en.wikipedia.org/wiki/Whitchurch_(UK_Parliament_constituency)", 45.98409991436084
"http://en.wikipedia.org/wiki/Beaumaris_(UK_Parliament_constituency)", 45.98409991436084
"http://en.wikipedia.org/wiki/Floater_(band)", 45.98409991436084
"http://en.wikipedia.org/wiki/List_of_people_from_Trafford", 45.98409991436084
"http://en.wikipedia.org/wiki/Guido_Boggiani", 45.98409991436084
"http://en.wikipedia.org/wiki/Neil_Loring", 45.98409991436084
"http://en.wikipedia.org/wiki/Boroughbridge_(UK_Parliament_constituency)", 45.98409991436084
"http://en.wikipedia.org/wiki/John_Frere", 45.98409991436084
"http://en.wikipedia.org/wiki/Wolf_hunting_with_dogs", 45.98409991436084
"http://en.wikipedia.org/wiki/List_of_military_figures_by_nickname", 45.98409991436084
"http://en.wikipedia.org/wiki/Chippenham_(UK_Parliament_constituency)", 45.98409991436084
"http://en.wikipedia.org/wiki/William_Strahan", 45.908858822515406
"http://en.wikipedia.org/wiki/Regius_Professor_of_Mathematics", 45.64354645876384
"http://en.wikipedia.org/wiki/Battle_of_Porto_Bello", 45.50257774563764
"http://en.wikipedia.org/wiki/Stafford_(UK_Parliament_constituency)", 45.50257774563764
"http://en.wikipedia.org/wiki/William_Miller_(Peruvian_general)", 45.50257774563764
"http://en.wikipedia.org/wiki/Saint_Afan", 45.50257774563764
"http://en.wikipedia.org/wiki/John_Filmore", 45.50257774563764
"http://en.wikipedia.org/wiki/John_Crewe,_1st_Baron_Crewe", 45.50257774563764
"http://en.wikipedia.org/wiki/Richard_Penn_(governor)", 45.50257774563764
"http://en.wikipedia.org/wiki/Number_1_(Goldfrapp_song)", 45.50257774563764
"http://en.wikipedia.org/wiki/Charles_Caesar", 45.50257774563764
"http://en.wikipedia.org/wiki/William_Davies_(priest)", 45.50257774563764
"http://en.wikipedia.org/wiki/Strange_Overtones", 45.50257774563764
"http://en.wikipedia.org/wiki/Grammarians%27_War", 45.50257774563764
"http://en.wikipedia.org/wiki/Hereford_(UK_Parliament_constituency)", 45.50257774563764
"http://en.wikipedia.org/wiki/Acropolis_of_Athens", 45.50257774563764
"http://en.wikipedia.org/wiki/HMS_Guachapin_(1801)", 45.50257774563764
"http://en.wikipedia.org/wiki/Goulstonian_Lectures", 45.50257774563764
"http://en.wikipedia.org/wiki/Homer%27s_Ithaca", 45.50257774563764
"http://en.wikipedia.org/wiki/Mademoiselle_Parisot", 45.50257774563764
"http://en.wikipedia.org/wiki/Stourton,_Staffordshire", 45.50257774563764
"http://en.wikipedia.org/wiki/William_Caulfeild,_1st_Viscount_Charlemont", 45.30597729822598
"http://en.wikipedia.org/wiki/Grey_Neville", 45.16053237297504
"http://en.wikipedia.org/wiki/William_Aislabie_(1700%E2%80%931781)", 45.10968544481587
"http://en.wikipedia.org/wiki/HMS_Hesper_(1809)", 45.01590516763685
"http://en.wikipedia.org/wiki/List_of_shipwrecks_in_1820", 45.01590516763685
"http://en.wikipedia.org/wiki/Johann_Friedrich_Schleusner", 45.01590516763685
"http://en.wikipedia.org/wiki/List_of_United_Kingdom_by-elections_(1900%E2%80%931918)", 45.01590516763685
"http://en.wikipedia.org/wiki/Antanaclasis", 45.01590516763685
"http://en.wikipedia.org/wiki/Dean_and_Chapter_of_Westminster", 45.01590516763685
"http://en.wikipedia.org/wiki/HMS_Manly_(1812)", 45.01590516763685
"http://en.wikipedia.org/wiki/Judkin-Fitzgerald_baronets", 45.01590516763685
"http://en.wikipedia.org/wiki/1936_in_Australia", 45.01590516763685
"http://en.wikipedia.org/wiki/Our_Miss_Gibbs", 45.01590516763685
"http://en.wikipedia.org/wiki/Sir_John_Borlase_Warren,_1st_Baronet", 45.01590516763685
"http://en.wikipedia.org/wiki/Liverpool_(UK_Parliament_constituency)", 45.01590516763685
"http://en.wikipedia.org/wiki/Rosaline_Masson", 45.01590516763685
"http://en.wikipedia.org/wiki/Reading_(UK_Parliament_constituency)", 45.01590516763685
"http://en.wikipedia.org/wiki/Lichfield_(UK_Parliament_constituency)", 45.01590516763685
"http://en.wikipedia.org/wiki/Salisbury_Cathedral_School", 45.01590516763685
"http://en.wikipedia.org/wiki/Siege_of_Charleston", 45.01590516763685
"http://en.wikipedia.org/wiki/1997_Prime_Minister%27s_Resignation_Honours", 45.01590516763685
"http://en.wikipedia.org/wiki/Steyning_(UK_Parliament_constituency)", 45.01590516763685
"http://en.wikipedia.org/wiki/HMS_Prince_William_(1780)", 45.01590516763685
"http://en.wikipedia.org/wiki/Acland_Hospital", 45.01590516763685
"http://en.wikipedia.org/wiki/Maria_Antonia_Ferdinanda_of_Spain", 45.01590516763685
"http://en.wikipedia.org/wiki/Thomas_Russell_(minister)", 44.82334681939005
"http://en.wikipedia.org/wiki/Henry_Stanhope,_Lord_Stanhope", 44.58225700602823
"http://en.wikipedia.org/wiki/List_of_shipwrecks_in_1813", 44.52391328966436
"http://en.wikipedia.org/wiki/Flemingston", 44.52391328966436
"http://en.wikipedia.org/wiki/Action_of_8_January_1780", 44.52391328966436
"http://en.wikipedia.org/wiki/John_Garrett_(British_politician)", 44.52391328966436
"http://en.wikipedia.org/wiki/Jamelia_discography", 44.52391328966436
"http://en.wikipedia.org/wiki/Namak_Haram_Deorhi", 44.52391328966436
"http://en.wikipedia.org/wiki/Deaths_in_April_2005", 44.52391328966436
"http://en.wikipedia.org/wiki/HMS_Recruit_(1806)", 44.52391328966436
"http://en.wikipedia.org/wiki/List_of_Great_Britain_by-elections_(1707%E2%80%931715)", 44.52391328966436
"http://en.wikipedia.org/wiki/Carmarthen_(UK_Parliament_constituency)", 44.52391328966436
"http://en.wikipedia.org/wiki/Wycombe_(UK_Parliament_constituency)", 44.52391328966436
"http://en.wikipedia.org/wiki/Timeline_of_progressive_rock_(1970%E2%80%9379)", 44.52391328966436
"http://en.wikipedia.org/wiki/Great_Yarmouth_(UK_Parliament_constituency)", 44.52391328966436
"http://en.wikipedia.org/wiki/John_Gaule", 44.52391328966436
"http://en.wikipedia.org/wiki/Carl_Blaurock", 44.52391328966436
"http://en.wikipedia.org/wiki/Economic_history_of_the_world", 44.52391328966436
"http://en.wikipedia.org/wiki/HMS_Zenobia_(1807)", 44.52391328966436
"http://en.wikipedia.org/wiki/George_Robinson_(swindler)", 44.28074427700476
"http://en.wikipedia.org/wiki/Thomas_Pitt_of_Boconnoc", 44.08092515006132
"http://en.wikipedia.org/wiki/Joseph_Sabine_(British_Army_officer)", 44.07785320154717
"http://en.wikipedia.org/wiki/County_Durham_(UK_Parliament_constituency)", 44.02642378378497
"http://en.wikipedia.org/wiki/List_of_shipwrecks_in_1808", 44.02642378378497
"http://en.wikipedia.org/wiki/Italian_popular_music", 44.02642378378497
"http://en.wikipedia.org/wiki/List_of_shipwrecks_in_1818", 44.02642378378497
"http://en.wikipedia.org/wiki/Hastings_(UK_Parliament_constituency)", 44.02642378378497
"http://en.wikipedia.org/wiki/Banbury_(UK_Parliament_constituency)", 44.02642378378497
"http://en.wikipedia.org/wiki/Dol-de-Bretagne", 44.02642378378497
"http://en.wikipedia.org/wiki/Cross_(Justice_album)", 44.02642378378497
"http://en.wikipedia.org/wiki/HMS_Atalanta_(1814)", 44.02642378378497
"http://en.wikipedia.org/wiki/List_of_Watford_F.C._players_(fewer_than_50_appearances)", 44.02642378378497
"http://en.wikipedia.org/wiki/Shadow_Cabinet_of_Neil_Kinnock", 44.02642378378497
"http://en.wikipedia.org/wiki/HMS_Sabrina_(1806)", 44.02642378378497
"http://en.wikipedia.org/wiki/Colchester_(UK_Parliament_constituency)", 44.02642378378497
"http://en.wikipedia.org/wiki/List_of_monastic_houses_in_Devon", 44.02642378378497
"http://en.wikipedia.org/wiki/1763_in_literature", 44.02642378378497
"http://en.wikipedia.org/wiki/High_Sheriff_of_Shropshire", 44.02642378378497
"http://en.wikipedia.org/wiki/Ian_Russell,_13th_Duke_of_Bedford", 44.02642378378497
"http://en.wikipedia.org/wiki/Michael_Henry_Herbert", 44.02642378378497
"http://en.wikipedia.org/wiki/The_Merveilleuses", 44.02642378378497
"http://en.wikipedia.org/wiki/British_industrial_narrow_gauge_railways", 44.02642378378497
"http://en.wikipedia.org/wiki/Edward_FitzGerald,_7th_Duke_of_Leinster", 43.52324812962957
"http://en.wikipedia.org/wiki/List_of_shipwrecks_in_1821", 43.52324812962957
"http://en.wikipedia.org/wiki/Berwick-upon-Tweed_(UK_Parliament_constituency)", 43.52324812962957
"http://en.wikipedia.org/wiki/List_of_MPs_elected_in_the_United_Kingdom_general_election,_1918", 43.52324812962957
"http://en.wikipedia.org/wiki/Devonshire_Association", 43.52324812962957
"http://en.wikipedia.org/wiki/Sade_(band)", 43.52324812962957
"http://en.wikipedia.org/wiki/High_Sheriff_of_Rutland", 43.52324812962957
"http://en.wikipedia.org/wiki/Eric_Thal", 43.52324812962957
"http://en.wikipedia.org/wiki/Aldborough_(UK_Parliament_constituency)", 43.52324812962957
"http://en.wikipedia.org/wiki/Battle_of_San_Fernando_de_Omoa", 43.52324812962957
"http://en.wikipedia.org/wiki/Frank_Delaney", 43.52324812962957
"http://en.wikipedia.org/wiki/Poole_(UK_Parliament_constituency)", 43.52324812962957
"http://en.wikipedia.org/wiki/James_Foster_(ironmaster)", 43.07207471099462
"http://en.wikipedia.org/wiki/Salting_the_earth", 43.014186779679804
"http://en.wikipedia.org/wiki/Orme_Mill,_Waterhead", 43.014186779679804
"http://en.wikipedia.org/wiki/List_of_University_of_Oxford_people_in_the_law", 43.014186779679804
"http://en.wikipedia.org/wiki/Current_senior_Australian_Defence_Organisation_personnel", 43.014186779679804
"http://en.wikipedia.org/wiki/Llandudno_Lifeboat_Station", 43.014186779679804
"http://en.wikipedia.org/wiki/Campbell_High_School_(Smyrna,_Georgia)", 43.014186779679804
"http://en.wikipedia.org/wiki/Associated_London_Scripts", 43.014186779679804
"http://en.wikipedia.org/wiki/Robert_Holding", 43.014186779679804
"http://en.wikipedia.org/wiki/Llanrhos", 42.640143271122085
"http://en.wikipedia.org/wiki/David_Turnbull_(abolitionist)", 42.640143271122085
"http://en.wikipedia.org/wiki/1938_in_Australia", 42.499028234549755
"http://en.wikipedia.org/wiki/Mark_Hallett", 42.499028234549755
"http://en.wikipedia.org/wiki/List_of_shipwrecks_in_1812", 42.499028234549755
"http://en.wikipedia.org/wiki/Sir_Thomas_Hales,_3rd_Baronet", 42.499028234549755
"http://en.wikipedia.org/wiki/Portsmouth_South_(UK_Parliament_constituency)", 42.499028234549755
"http://en.wikipedia.org/wiki/Labour_Government_1974%E2%80%931979", 42.499028234549755
"http://en.wikipedia.org/wiki/Lyme_Regis_(UK_Parliament_constituency)", 42.499028234549755
"http://en.wikipedia.org/wiki/Fowey_(UK_Parliament_constituency)", 42.499028234549755
"http://en.wikipedia.org/wiki/Rock_%27n%27_Roll_(Mot%C3%B6rhead_album)", 42.499028234549755
"http://en.wikipedia.org/wiki/An_Collins", 42.499028234549755
"http://en.wikipedia.org/wiki/Spanish_Ladies", 42.499028234549755
"http://en.wikipedia.org/wiki/Clarke_baronets", 42.499028234549755
"http://en.wikipedia.org/wiki/Knights_of_the_Royal_Oak", 42.499028234549755
"http://en.wikipedia.org/wiki/Sudbury_(UK_Parliament_constituency)", 42.499028234549755
"http://en.wikipedia.org/wiki/Majestic_Mill,_Waterhead", 42.499028234549755
"http://en.wikipedia.org/wiki/Bibliography_of_Colorado", 42.499028234549755
"http://en.wikipedia.org/wiki/List_of_monastic_houses_in_Cornwall", 42.499028234549755
"http://en.wikipedia.org/wiki/Charles_Royle,_Baron_Royle", 42.25771273642583
"http://en.wikipedia.org/wiki/Earl_of_Panmure", 42.09693455269845
"http://en.wikipedia.org/wiki/List_of_MPs_elected_in_the_United_Kingdom_general_election,_October_1974", 41.97754801611135
"http://en.wikipedia.org/wiki/Selworthy", 41.97754801611135
"http://en.wikipedia.org/wiki/So-Called_Chaos", 41.97754801611135
"http://en.wikipedia.org/wiki/Middle_Park_Stakes", 41.97754801611135
"http://en.wikipedia.org/wiki/HMS_Valeur_(1759)", 41.97754801611135
"http://en.wikipedia.org/wiki/Cricklade_(UK_Parliament_constituency)", 41.97754801611135
"http://en.wikipedia.org/wiki/Queenborough_(UK_Parliament_constituency)", 41.97754801611135
"http://en.wikipedia.org/wiki/List_of_works_by_Robert_Morrison_(missionary)", 41.97754801611135
"http://en.wikipedia.org/wiki/Action_of_8_April_1740", 41.97754801611135
"http://en.wikipedia.org/wiki/Lostwithiel_(UK_Parliament_constituency)", 41.97754801611135
"http://en.wikipedia.org/wiki/Edward_Carey_(novelist)", 41.97754801611135
"http://en.wikipedia.org/wiki/Black_wolf", 41.97754801611135
"http://en.wikipedia.org/wiki/List_of_mills_in_Oldham", 41.97754801611135
"http://en.wikipedia.org/wiki/John_Otto_(park_ranger)", 41.97754801611135
"http://en.wikipedia.org/wiki/Tiverton_(UK_Parliament_constituency)", 41.97754801611135
"http://en.wikipedia.org/wiki/Whiteworks", 41.97754801611135
"http://en.wikipedia.org/wiki/Dewhurst_Stakes", 41.97754801611135
"http://en.wikipedia.org/wiki/Taunton_(UK_Parliament_constituency)", 41.97754801611135
"http://en.wikipedia.org/wiki/Charles_Caesar_(Treasurer_of_the_Navy)", 41.75631381707135
"http://en.wikipedia.org/wiki/Orme_(name)", 41.5739709641549
"http://en.wikipedia.org/wiki/The_Sawtooth", 41.52273992686998
"http://en.wikipedia.org/wiki/Hired_armed_lugger_Daphne", 41.48869093391398
"http://en.wikipedia.org/wiki/Yarmouth_(Isle_of_Wight)_(UK_Parliament_constituency)", 41.44950752432181
"http://en.wikipedia.org/wiki/1960_Birthday_Honours", 41.44950752432181
"http://en.wikipedia.org/wiki/Timeline_of_Baghdad_history", 41.44950752432181
"http://en.wikipedia.org/wiki/Robert_of_Rhuddlan", 41.44950752432181
"http://en.wikipedia.org/wiki/Denise_Orme", 41.44950752432181
"http://en.wikipedia.org/wiki/Northumberland_(UK_Parliament_constituency)", 41.44950752432181
"http://en.wikipedia.org/wiki/Champion_Stakes", 41.44950752432181
"http://en.wikipedia.org/wiki/1942_in_Australia", 41.44950752432181
"http://en.wikipedia.org/wiki/Minehead_(UK_Parliament_constituency)", 41.44950752432181
"http://en.wikipedia.org/wiki/Castle_Rising_(UK_Parliament_constituency)", 41.44950752432181
"http://en.wikipedia.org/wiki/Evesham_(UK_Parliament_constituency)", 41.44950752432181
"http://en.wikipedia.org/wiki/Val_d%27Or_(horse)", 41.44950752432181
"http://en.wikipedia.org/wiki/Ivanhoe_(film)", 41.44950752432181
"http://en.wikipedia.org/wiki/Brychan", 41.44950752432181
"http://en.wikipedia.org/wiki/High_Sheriff_of_Cheshire", 41.44950752432181
"http://en.wikipedia.org/wiki/1944_in_Australia", 41.44950752432181
"http://en.wikipedia.org/wiki/Lloyd_George_ministry", 41.44950752432181
"http://en.wikipedia.org/wiki/List_of_horse_racing_venues", 41.44950752432181
"http://en.wikipedia.org/wiki/Underspanned_suspension_bridge", 41.3802944301184
"http://en.wikipedia.org/wiki/Sussex_(UK_Parliament_constituency)", 40.91465276123809
"http://en.wikipedia.org/wiki/1946_in_Australia", 40.91465276123809
"http://en.wikipedia.org/wiki/Loyalties_(1933_film)", 40.91465276123809
"http://en.wikipedia.org/wiki/List_of_victories_of_Manfred_von_Richthofen", 40.91465276123809
"http://en.wikipedia.org/wiki/1940_in_Australia", 40.91465276123809
"http://en.wikipedia.org/wiki/High_Sheriff_of_Sligo", 40.91465276123809
"http://en.wikipedia.org/wiki/Eclipse_Stakes", 40.91465276123809
"http://en.wikipedia.org/wiki/Corfe_Castle_(UK_Parliament_constituency)", 40.91465276123809
"http://en.wikipedia.org/wiki/List_of_Question_Time_episodes", 40.91465276123809
"http://en.wikipedia.org/wiki/Banksia_coccinea", 40.91465276123809
"http://en.wikipedia.org/wiki/Heytesbury_(UK_Parliament_constituency)", 40.91465276123809
"http://en.wikipedia.org/wiki/Oxford_(UK_Parliament_constituency)", 40.91465276123809
"http://en.wikipedia.org/wiki/St_Ive", 40.91465276123809
"http://en.wikipedia.org/wiki/Hired_armed_cutter_Norfolk", 40.824829046386306
"http://en.wikipedia.org/wiki/2009%E2%80%9310_Coupe_de_France_2nd_round", 40.8248290463863
"http://en.wikipedia.org/wiki/Balinger", 40.69460597442876
"http://en.wikipedia.org/wiki/Sheriff_of_Nottingham_(position)", 40.37271290285759
"http://en.wikipedia.org/wiki/List_of_songs_about_school", 40.37271290285759
"http://en.wikipedia.org/wiki/Irish_feudal_barony", 40.37271290285759
"http://en.wikipedia.org/wiki/St_Nonna%27s_Church,_Altarnun", 40.37271290285759
"http://en.wikipedia.org/wiki/The_Sisters_of_Mercy_discography", 40.37271290285759
"http://en.wikipedia.org/wiki/Cold_shoulder", 40.37271290285759
"http://en.wikipedia.org/wiki/1941_in_Australia", 40.37271290285759
"http://en.wikipedia.org/wiki/List_of_Australian_generals_and_brigadiers", 40.37271290285759
"http://en.wikipedia.org/wiki/2011_Wales_Rally_GB", 40.37271290285759
"http://en.wikipedia.org/wiki/Norwich_(UK_Parliament_constituency)", 40.37271290285759
"http://en.wikipedia.org/wiki/Australia_at_the_2000_Summer_Olympics", 40.37271290285759
"http://en.wikipedia.org/wiki/Truro_and_St_Austell_(UK_Parliament_constituency)", 40.37271290285759
"http://en.wikipedia.org/wiki/High_Sheriff_of_Wexford", 40.37271290285759
"http://en.wikipedia.org/wiki/Christchurch_(UK_Parliament_constituency)", 40.37271290285759
"http://en.wikipedia.org/wiki/Newcastle_(Staffs)_Volleyball_Club", 40.37271290285759
"http://en.wikipedia.org/wiki/1933_in_Australia", 40.37271290285759
"http://en.wikipedia.org/wiki/List_of_boarding_schools", 40.37271290285759
"http://en.wikipedia.org/wiki/Literary_and_Philosophical_Society_of_Newcastle_upon_Tyne", 40.37271290285759
"http://en.wikipedia.org/wiki/Dover_(UK_Parliament_constituency)", 40.37271290285759
"http://en.wikipedia.org/wiki/Experimental_archaeometallurgy", 40.37271290285759
"http://en.wikipedia.org/wiki/NEARfest", 40.37271290285759
"http://en.wikipedia.org/wiki/The_Puppet_Masters_(film)", 40.32389192727559
"http://en.wikipedia.org/wiki/Walter_Aston,_1st_Lord_Aston_of_Forfar", 40.26936331284146
"http://en.wikipedia.org/wiki/Richmond_Stakes", 39.82339869599832
"http://en.wikipedia.org/wiki/List_of_World_War_II_science_fiction,_fantasy,_and_horror_films", 39.82339869599832
"http://en.wikipedia.org/wiki/North_Country_Beagle", 39.82339869599832
"http://en.wikipedia.org/wiki/HMS_Garland_(1800)", 39.82339869599832
"http://en.wikipedia.org/wiki/Southwark_(UK_Parliament_constituency)", 39.82339869599832
"http://en.wikipedia.org/wiki/List_of_wine_personalities", 39.82339869599832
"http://en.wikipedia.org/wiki/Battle_of_Hehil", 39.82339869599832
"http://en.wikipedia.org/wiki/HMS_Persian_(1809)", 39.82339869599832
"http://en.wikipedia.org/wiki/List_of_science_fiction_films_of_the_1970s", 39.82339869599832
"http://en.wikipedia.org/wiki/1984_New_Year_Honours", 39.82339869599832
"http://en.wikipedia.org/wiki/Gordon_Brunton", 39.82339869599832
"http://en.wikipedia.org/wiki/Rye_(UK_Parliament_constituency)", 39.82339869599832
"http://en.wikipedia.org/wiki/Great_Bedwyn_(UK_Parliament_constituency)", 39.82339869599832
"http://en.wikipedia.org/wiki/Morpeth_(UK_Parliament_constituency)", 39.82339869599832
"http://en.wikipedia.org/wiki/Treasury", 39.82339869599832
"http://en.wikipedia.org/wiki/Exploding_tree", 39.82339869599832
"http://en.wikipedia.org/wiki/1820_in_the_United_Kingdom", 39.82339869599832
"http://en.wikipedia.org/wiki/1945_in_Australia", 39.82339869599832
"http://en.wikipedia.org/wiki/Archdeacon_of_Westminster", 39.52847075210474
"http://en.wikipedia.org/wiki/Wilton_(UK_Parliament_constituency)", 39.26640065328521
"http://en.wikipedia.org/wiki/Milner%27s_Kindergarten", 39.26640065328521
"http://en.wikipedia.org/wiki/Higham_Ferrers_(UK_Parliament_constituency)", 39.26640065328521
"http://en.wikipedia.org/wiki/Arundel_(UK_Parliament_constituency)", 39.26640065328521
"http://en.wikipedia.org/wiki/List_of_historic_places_in_New_Brunswick", 39.26640065328521
"http://en.wikipedia.org/wiki/Penrhyn_Bay", 39.26640065328521
"http://en.wikipedia.org/wiki/Party_lists_in_the_New_Zealand_general_election,_2005", 39.26640065328521
"http://en.wikipedia.org/wiki/Marc_Seguin", 39.26640065328521
"http://en.wikipedia.org/wiki/Rochester_(UK_Parliament_constituency)", 39.26640065328521
"http://en.wikipedia.org/wiki/St_Mawes_(UK_Parliament_constituency)", 39.26640065328521
"http://en.wikipedia.org/wiki/Tewkesbury_mustard", 39.26640065328521
"http://en.wikipedia.org/wiki/HMS_Ganges_(1782)", 39.26640065328521
"http://en.wikipedia.org/wiki/Hair%27s_breadth", 39.26640065328521
"http://en.wikipedia.org/wiki/Nottingham_(UK_Parliament_constituency)", 39.26640065328521
"http://en.wikipedia.org/wiki/Action_of_18_March_1748", 39.16302249939787
"http://en.wikipedia.org/wiki/Brackley_(UK_Parliament_constituency)", 38.70138701426854
"http://en.wikipedia.org/wiki/1939_in_Australia", 38.70138701426854
"http://en.wikipedia.org/wiki/2010%E2%80%9311_Bangor_City_F.C._season", 38.70138701426854
"http://en.wikipedia.org/wiki/Little_Orme", 38.70138701426854
"http://en.wikipedia.org/wiki/Cherubino_Alberti", 38.70138701426854
"http://en.wikipedia.org/wiki/List_of_MPs_elected_in_the_United_Kingdom_general_election,_February_1974", 38.70138701426854
"http://en.wikipedia.org/wiki/Ashburton_(UK_Parliament_constituency)", 38.70138701426854
"http://en.wikipedia.org/wiki/The_Keepsake", 38.70138701426854
"http://en.wikipedia.org/wiki/1943_in_Australia", 38.70138701426854
"http://en.wikipedia.org/wiki/Candidates_in_the_New_Zealand_general_election_2005_by_electorate", 38.70138701426854
"http://en.wikipedia.org/wiki/1587_in_literature", 38.70138701426854
"http://en.wikipedia.org/wiki/High_Sheriff_of_Mayo", 38.70138701426854
"http://en.wikipedia.org/wiki/Carmarthenshire_(UK_Parliament_constituency)", 38.70138701426854
"http://en.wikipedia.org/wiki/Golden_Domes", 38.70138701426854
"http://en.wikipedia.org/wiki/List_of_University_of_London_people", 38.70138701426854
"http://en.wikipedia.org/wiki/Hythe_(UK_Parliament_constituency)", 38.70138701426854
"http://en.wikipedia.org/wiki/Peter_Hammill_discography", 38.70138701426854
"http://en.wikipedia.org/wiki/List_of_Mayors_and_Lord_Mayors_of_Sydney", 38.70138701426854
"http://en.wikipedia.org/wiki/Bridgnorth_(UK_Parliament_constituency)", 38.70138701426854
"http://en.wikipedia.org/wiki/Delayed_Action", 38.67897351437838
"http://en.wikipedia.org/wiki/Cadeguala", 38.490017945975055
"http://en.wikipedia.org/wiki/Waterton,_Lincolnshire", 38.38859479749572
"http://en.wikipedia.org/wiki/Bert_Lee", 38.128001434537204
"http://en.wikipedia.org/wiki/Teddy_(horse)", 38.128001434537204
"http://en.wikipedia.org/wiki/1873_in_Wales", 38.128001434537204
"http://en.wikipedia.org/wiki/Great_Marlow_(UK_Parliament_constituency)", 38.128001434537204
"http://en.wikipedia.org/wiki/List_of_American_films_of_1994", 38.128001434537204
"http://en.wikipedia.org/wiki/Comte_de_Maurepas_(ship)", 38.128001434537204
"http://en.wikipedia.org/wiki/Northampton_(UK_Parliament_constituency)", 38.128001434537204
"http://en.wikipedia.org/wiki/Barnstaple_(UK_Parliament_constituency)", 38.128001434537204
"http://en.wikipedia.org/wiki/List_of_MPs_elected_in_the_United_Kingdom_general_election,_1983", 38.128001434537204
"http://en.wikipedia.org/wiki/List_of_MPs_elected_in_the_United_Kingdom_general_election,_1979", 38.128001434537204
"http://en.wikipedia.org/wiki/List_of_MPs_elected_in_the_United_Kingdom_general_election,_1992", 38.128001434537204
"http://en.wikipedia.org/wiki/Sim%C3%A9on_Marotte_de_Muis", 38.02345503146868
"http://en.wikipedia.org/wiki/Rob_Jarvis", 37.605071654517744
"http://en.wikipedia.org/wiki/Silver_Goblets_%26_Nickalls%27_Challenge_Cup", 37.545860357114556
"http://en.wikipedia.org/wiki/Hertford_(UK_Parliament_constituency)", 37.545860357114556
"http://en.wikipedia.org/wiki/Real_Relay", 37.545860357114556
"http://en.wikipedia.org/wiki/Malmesbury_(UK_Parliament_constituency)", 37.545860357114556
"http://en.wikipedia.org/wiki/2011_Welsh_Cup_Final", 37.545860357114556
"http://en.wikipedia.org/wiki/Dorchester_(UK_Parliament_constituency)", 37.545860357114556
"http://en.wikipedia.org/wiki/HMS_Medea_(1778)", 37.545860357114556
"http://en.wikipedia.org/wiki/Meteorite_fall", 37.545860357114556
"http://en.wikipedia.org/wiki/Action_of_16_March_1782", 37.047928681747415
"http://en.wikipedia.org/wiki/11th_century_in_Wales", 36.95455001105851
"http://en.wikipedia.org/wiki/Simone_Molinaro", 36.95455001105851
"http://en.wikipedia.org/wiki/Woodstock_(UK_Parliament_constituency)", 36.95455001105851
"http://en.wikipedia.org/wiki/1660_destruction_of_Tiberias", 36.95455001105851
"http://en.wikipedia.org/wiki/Abondance_(1780)", 36.95455001105851
"http://en.wikipedia.org/wiki/Derby_Playhouse_production_history", 36.95455001105851
"http://en.wikipedia.org/wiki/List_of_MPs_elected_in_the_United_Kingdom_general_election,_1987", 36.95455001105851
"http://en.wikipedia.org/wiki/Helston_(UK_Parliament_constituency)", 36.95455001105851
"http://en.wikipedia.org/wiki/Montgomeryshire_(UK_Parliament_constituency)", 36.95455001105851
"http://en.wikipedia.org/wiki/Plympton_Erle_(UK_Parliament_constituency)", 36.95455001105851
"http://en.wikipedia.org/wiki/1801_in_literature", 36.95455001105851
"http://en.wikipedia.org/wiki/Masson_(surname)", 36.760731104690386
"http://en.wikipedia.org/wiki/Colditz_(film)", 36.51483716701108
"http://en.wikipedia.org/wiki/List_of_Parliaments_of_Great_Britain", 36.45094413964237
"http://en.wikipedia.org/wiki/Conservative_Government_1922%E2%80%931924", 36.353622970533486
"http://en.wikipedia.org/wiki/1878_in_Wales", 36.353622970533486
"http://en.wikipedia.org/wiki/Candidates_of_the_Australian_federal_election,_1984", 36.353622970533486
"http://en.wikipedia.org/wiki/Petersfield_(UK_Parliament_constituency)", 36.353622970533486
"http://en.wikipedia.org/wiki/Idealism_(album)", 36.353622970533486
"http://en.wikipedia.org/wiki/Organ_and_organists_of_Chester_Cathedral", 36.353622970533486
"http://en.wikipedia.org/wiki/List_of_MPs_elected_in_the_United_Kingdom_general_election,_1970", 36.353622970533486
"http://en.wikipedia.org/wiki/List_of_MPs_elected_in_the_United_Kingdom_general_election,_1964", 36.353622970533486
"http://en.wikipedia.org/wiki/Bull_Dog_(horse)", 36.353622970533486
"http://en.wikipedia.org/wiki/Coventry_(UK_Parliament_constituency)", 36.353622970533486
"http://en.wikipedia.org/wiki/Mount_Richthofen", 36.02374111144096
"http://en.wikipedia.org/wiki/Adalid", 35.96571059090113
"http://en.wikipedia.org/wiki/List_of_CBS_Radio_Mystery_Theater_episodes_(1978_season)", 35.742594193029376
"http://en.wikipedia.org/wiki/1998%E2%80%9399_Ystalyfera_RFC_season", 35.742594193029376
"http://en.wikipedia.org/wiki/South_Cambridgeshire_Council_election,_2004", 35.742594193029376
"http://en.wikipedia.org/wiki/Wokingham_Council_election,_2004", 35.742594193029376
"http://en.wikipedia.org/wiki/List_of_MPs_elected_in_the_United_Kingdom_general_election,_1966", 35.742594193029376
"http://en.wikipedia.org/wiki/List_of_MPs_elected_to_the_English_Parliament_in_1661", 35.742594193029376
"http://en.wikipedia.org/wiki/Ludgershall_(UK_Parliament_constituency)", 35.742594193029376
"http://en.wikipedia.org/wiki/Permanent_Under-Secretary_of_State_for_Foreign_Affairs", 35.25532375553151
"http://en.wikipedia.org/wiki/Irish_royal_families", 35.12093643699515
"http://en.wikipedia.org/wiki/1902_in_Wales", 35.12093643699515
"http://en.wikipedia.org/wiki/List_of_science_fiction_films_of_the_1990s", 35.12093643699515
"http://en.wikipedia.org/wiki/List_of_Transcendental_Meditation_practitioners", 35.12093643699515
"http://en.wikipedia.org/wiki/List_of_Privy_Counsellors_(1952%E2%80%93present)", 35.12093643699515
"http://en.wikipedia.org/wiki/List_of_British_films_of_1989", 34.488074935770626
"http://en.wikipedia.org/wiki/1967_Preakness_Stakes", 34.488074935770626
"http://en.wikipedia.org/wiki/Minim_(unit)", 34.488074935770626
"http://en.wikipedia.org/wiki/Index_of_World_War_II_articles_(O)", 34.488074935770626
"http://en.wikipedia.org/wiki/1756_in_art", 34.21595691073207
"http://en.wikipedia.org/wiki/Action_of_11_November_1779", 33.85995887898602
"http://en.wikipedia.org/wiki/List_of_Royal_Academy_of_Music_people", 33.84338117474682
"http://en.wikipedia.org/wiki/List_of_life_peerages_(1997%E2%80%932010)", 33.84338117474682
"http://en.wikipedia.org/wiki/Ajax_(horse)", 33.84338117474682
"http://en.wikipedia.org/wiki/2011_Twin_Anchors_Invitational", 33.84338117474682
"http://en.wikipedia.org/wiki/Tudno_FM", 33.84338117474682
"http://en.wikipedia.org/wiki/Southampton_Jaguars", 33.84338117474682
"http://en.wikipedia.org/wiki/Tenmile_Range", 33.84338117474682
"http://en.wikipedia.org/wiki/Milborne_Port_(UK_Parliament_constituency)", 33.1861655799986
"http://en.wikipedia.org/wiki/List_of_MPs_elected_in_the_United_Kingdom_general_election,_1857", 33.1861655799986
"http://en.wikipedia.org/wiki/Candidates_of_the_New_South_Wales_state_election,_1999", 33.1861655799986
"http://en.wikipedia.org/wiki/Level_42_discography", 33.1861655799986
"http://en.wikipedia.org/wiki/Warwick_(UK_Parliament_constituency)", 33.1861655799986
"http://en.wikipedia.org/wiki/Boston_Red_Sox_all-time_roster", 33.1861655799986
"http://en.wikipedia.org/wiki/Marlborough_(UK_Parliament_constituency)", 33.1861655799986
"http://en.wikipedia.org/wiki/The_Wolves_of_Willoughby_Chase_(film)", 32.87979746107146
"http://en.wikipedia.org/wiki/Action_of_14_September_1779", 32.707299519533336
"http://en.wikipedia.org/wiki/Lymington_(UK_Parliament_constituency)", 32.51566887620429
"http://en.wikipedia.org/wiki/Vicksburg_Union_order_of_battle", 32.51566887620429
"http://en.wikipedia.org/wiki/Labour_Party_(UK)_Shadow_Cabinet_election,_1981", 32.51566887620429
"http://en.wikipedia.org/wiki/Lizard_Head", 32.51566887620429
"http://en.wikipedia.org/wiki/Haslemere_(UK_Parliament_constituency)", 31.83105180528657
"http://en.wikipedia.org/wiki/Weobley_(UK_Parliament_constituency)", 31.83105180528657
"http://en.wikipedia.org/wiki/2013_Canadian_Direct_Insurance_BC_Men%27s_Curling_Championship_%E2%80%93_Qualification", 31.131382808907055
"http://en.wikipedia.org/wiki/List_of_law_life_peerages", 31.131382808907055
"http://en.wikipedia.org/wiki/Candidates_in_the_New_Zealand_general_election_2005_by_party", 31.131382808907055
"http://en.wikipedia.org/wiki/List_of_Ericaceae_genera", 30.41562315913633
"http://en.wikipedia.org/wiki/Swecon", 30.22352624134944
"http://en.wikipedia.org/wiki/2011_World_Financial_Group_Classic", 29.682608859776238
"http://en.wikipedia.org/wiki/Results_of_the_New_South_Wales_state_election,_1999_(Legislative_Assembly_A-L)", 29.682608859776238
"http://en.wikipedia.org/wiki/List_of_Essex_CCC_players", 29.682608859776238
"http://en.wikipedia.org/wiki/St._Fintan%27s,_Multyfarnham_GAC", 29.61744388795462
"http://en.wikipedia.org/wiki/List_of_teams_on_the_2011%E2%80%9312_World_Curling_Tour", 28.931028417364345
"http://en.wikipedia.org/wiki/List_of_aircraft_(O)", 28.931028417364345
"http://en.wikipedia.org/wiki/The_Heist_(1989_film)", 28.33583787413383
"http://en.wikipedia.org/wiki/List_of_Privy_Counsellors_(1910%E2%80%931936)", 28.159395267835922
"http://en.wikipedia.org/wiki/List_of_teams_on_the_2012%E2%80%9313_World_Curling_Tour", 27.366013199114274
"http://en.wikipedia.org/wiki/List_of_Ambassadors_of_the_United_Kingdom_to_Venezuela", 26.54893246399888
"http://en.wikipedia.org/wiki/2010_U.S._Open_9-ball_Championship", 26.54893246399888
"http://en.wikipedia.org/wiki/List_of_Great_Britain_and_Ireland_Walker_Cup_golfers", 25.705893323163277
"http://en.wikipedia.org/wiki/Villers", 23.942606534028666
"http://en.wikipedia.org/wiki/Communes_of_the_Orne_department", 23.930884326944618
"http://en.wikipedia.org/wiki/Arrondissement_of_Saint-Dizier", 22.99204995718042
"http://en.wikipedia.org/wiki/List_of_botanical_gardens_in_France", 22.99204995718042
"http://en.wikipedia.org/wiki/Communes_of_the_Seine-et-Marne_department", 22.013211891892485
"http://en.wikipedia.org/wiki/Communes_of_the_Aube_department", 22.013211891892485
"http://en.wikipedia.org/wiki/Communes_of_the_Sarthe_department", 20.988774008055675
"http://en.wikipedia.org/wiki/List_of_British_music_hall_musicians", 20.203050891044214
"http://en.wikipedia.org/wiki/List_of_windmills_in_Ille-et-Vilaine", 18.380365552345193
"http://en.wikipedia.org/wiki/Communes_of_the_Haute-Marne_department", 17.560468218497576
