"http://en.wikipedia.org/wiki/John_Ruskin", 69.79824404521128
"http://en.wikipedia.org/wiki/Age_of_Enlightenment", 69.33752452815362
"http://en.wikipedia.org/wiki/Catherine_the_Great", 68.09370115327948
"http://en.wikipedia.org/wiki/List_of_Russian_explorers", 67.14571474447948
"http://en.wikipedia.org/wiki/Erich_Raeder", 66.98641270570836
"http://en.wikipedia.org/wiki/Gerd_von_Rundstedt", 66.50621717611762
"http://en.wikipedia.org/wiki/Italian_literature", 65.86051045662215
"http://en.wikipedia.org/wiki/Golden_Eagle", 65.69809218112285
"http://en.wikipedia.org/wiki/History_of_the_Jews_in_Hungary", 65.37204504606133
"http://en.wikipedia.org/wiki/European_and_American_voyages_of_scientific_exploration", 65.2084101334847
"http://en.wikipedia.org/wiki/Johan_Peter_Falk", 65.07913734559685
"http://en.wikipedia.org/wiki/List_of_cultural_references_in_Divine_Comedy", 64.87990219938459
"http://en.wikipedia.org/wiki/History_of_Siberia", 63.548890930224246
"http://en.wikipedia.org/wiki/Thomas_Pennant", 63.211759157031025
"http://en.wikipedia.org/wiki/Hermann_G%C3%B6ring", 62.70266287506401
"http://en.wikipedia.org/wiki/Adolf_Galland", 62.53204306798563
"http://en.wikipedia.org/wiki/Swiss_literature", 61.671863952849705
"http://en.wikipedia.org/wiki/Marie_de%27_Medici_cycle", 61.671863952849705
"http://en.wikipedia.org/wiki/Kalmyk_people", 61.32441406718665
"http://en.wikipedia.org/wiki/The_Mikado", 60.97498436202109
"http://en.wikipedia.org/wiki/Hyacinth_Graf_Strachwitz_von_Gro%C3%9F-Zauche_und_Camminetz", 60.97498436202109
"http://en.wikipedia.org/wiki/Vasily_Zuyev", 60.7492896293956
"http://en.wikipedia.org/wiki/Black_Army_of_Hungary", 60.62354060275328
"http://en.wikipedia.org/wiki/Uranus", 60.62354060275328
"http://en.wikipedia.org/wiki/Women_in_Ancient_Rome", 60.27004755663158
"http://en.wikipedia.org/wiki/List_of_Russian_people", 60.27004755663158
"http://en.wikipedia.org/wiki/List_of_Anita_Blake:_Vampire_Hunter_characters", 60.27004755663158
"http://en.wikipedia.org/wiki/Mithraic_mysteries", 60.27004755663158
"http://en.wikipedia.org/wiki/John_Fisher,_1st_Baron_Fisher", 60.09252125773315
"http://en.wikipedia.org/wiki/Greek_mythology", 59.73588593447048
"http://en.wikipedia.org/wiki/Nero", 59.5567674324971
"http://en.wikipedia.org/wiki/Beowulf", 59.37710859953543
"http://en.wikipedia.org/wiki/British_expedition_to_Tibet", 59.37710859953543
"http://en.wikipedia.org/wiki/Waffen-SS", 59.01615018709695
"http://en.wikipedia.org/wiki/Polar_bear", 59.01615018709695
"http://en.wikipedia.org/wiki/Johann_Wilhelm_Meigen", 59.01615018709695
"http://en.wikipedia.org/wiki/Diango_Hern%C3%A1ndez", 59.01615018709695
"http://en.wikipedia.org/wiki/Johann_Gottlieb_Georgi", 58.85309805641492
"http://en.wikipedia.org/wiki/Acesas", 58.834840541455215
"http://en.wikipedia.org/wiki/Hans-Joachim_Marseille", 58.652970429219856
"http://en.wikipedia.org/wiki/National_Gallery", 58.470534620468605
"http://en.wikipedia.org/wiki/Planet", 58.28752780343234
"http://en.wikipedia.org/wiki/Beluga_whale", 58.28752780343234
"http://en.wikipedia.org/wiki/Thomas_Cochrane,_10th_Earl_of_Dundonald", 58.28752780343234
"http://en.wikipedia.org/wiki/Genesis_(band)", 58.28752780343234
"http://en.wikipedia.org/wiki/Buda_Castle", 58.10394458269056
"http://en.wikipedia.org/wiki/Slavic_speakers_of_Greek_Macedonia", 57.91977947731547
"http://en.wikipedia.org/wiki/G%C3%BCnther_L%C3%BCtjens", 57.91977947731547
"http://en.wikipedia.org/wiki/Anthony_Blunt", 57.91977947731547
"http://en.wikipedia.org/wiki/Pluto_(mythology)", 57.735026918962575
"http://en.wikipedia.org/wiki/Christman_Genipperteinga", 57.54968124990625
"http://en.wikipedia.org/wiki/Culture_of_ancient_Rome", 57.54968124990625
"http://en.wikipedia.org/wiki/Citro%C3%ABn_XM", 57.54968124990625
"http://en.wikipedia.org/wiki/Gallican_Rite", 57.54968124990625
"http://en.wikipedia.org/wiki/Karl_D%C3%B6nitz", 57.36373672101818
"http://en.wikipedia.org/wiki/Anne_of_Denmark", 57.17718748968657
"http://en.wikipedia.org/wiki/Chukhna", 57.059740215745556
"http://en.wikipedia.org/wiki/L%27incoronazione_di_Poppea", 56.99002761767402
"http://en.wikipedia.org/wiki/Lundy", 56.99002761767402
"http://en.wikipedia.org/wiki/Timeline_of_ornithology", 56.61385170722978
"http://en.wikipedia.org/wiki/Battle_of_Flamborough_Head", 56.61385170722978
"http://en.wikipedia.org/wiki/Western_Jackdaw", 56.42482329401381
"http://en.wikipedia.org/wiki/Ingushetia", 56.42482329401381
"http://en.wikipedia.org/wiki/Guinea_pig", 56.23515948579823
"http://en.wikipedia.org/wiki/Wonder_Woman", 56.23515948579823
"http://en.wikipedia.org/wiki/Erich_Hartmann", 56.23515948579823
"http://en.wikipedia.org/wiki/Physician_writer", 56.23515948579823
"http://en.wikipedia.org/wiki/Rosalia_(festival)", 56.23515948579823
"http://en.wikipedia.org/wiki/Atlantis_in_popular_culture", 56.23515948579823
"http://en.wikipedia.org/wiki/Peter_Simon_Pallas", 56.04485383178049
"http://en.wikipedia.org/wiki/Definition_of_planet", 56.04485383178049
"http://en.wikipedia.org/wiki/German_colonial_empire", 56.04485383178049
"http://en.wikipedia.org/wiki/Fran%C3%A7ois_Thurot", 56.04485383178049
"http://en.wikipedia.org/wiki/Lionel_Messi", 55.85389977126144
"http://en.wikipedia.org/wiki/Johann_Anton_G%C3%BCldenst%C3%A4dt", 55.684604638970455
"http://en.wikipedia.org/wiki/Amazons", 55.66229063100617
"http://en.wikipedia.org/wiki/Meteorite", 55.66229063100617
"http://en.wikipedia.org/wiki/Paul_von_Lettow-Vorbeck", 55.66229063100617
"http://en.wikipedia.org/wiki/Asteroids_in_fiction", 55.27707983925666
"http://en.wikipedia.org/wiki/Sirius", 55.27707983925666
"http://en.wikipedia.org/wiki/Messerschmitt_Bf_109_variants", 55.083464253694444
"http://en.wikipedia.org/wiki/Kriegsmarine", 55.083464253694444
"http://en.wikipedia.org/wiki/White", 54.88916571437857
"http://en.wikipedia.org/wiki/Anna_Vissi", 54.88916571437857
"http://en.wikipedia.org/wiki/John_Crawfurd", 54.88916571437857
"http://en.wikipedia.org/wiki/List_of_poems_by_Ivan_Bunin", 54.88916571437857
"http://en.wikipedia.org/wiki/Party_for_Freedom", 54.88916571437857
"http://en.wikipedia.org/wiki/Daniel_Gottlieb_Messerschmidt", 54.81317638061797
"http://en.wikipedia.org/wiki/Prokofi_Akinfiyevich_Demidov", 54.77225575051661
"http://en.wikipedia.org/wiki/List_of_fictional_computers", 54.694176942824456
"http://en.wikipedia.org/wiki/Messerschmitt_Bf_109", 54.694176942824456
"http://en.wikipedia.org/wiki/Euro_gold_and_silver_commemorative_coins_(Austria)", 54.694176942824456
"http://en.wikipedia.org/wiki/Helminthology", 54.667227359053406
"http://en.wikipedia.org/wiki/Thematic_development_of_Italian_Renaissance_painting", 54.49849053033918
"http://en.wikipedia.org/wiki/Cultural_influence_of_Gilbert_and_Sullivan", 54.30209893473684
"http://en.wikipedia.org/wiki/Anna_Blackburne", 54.19467627971346
"http://en.wikipedia.org/wiki/Kurt_Meyer", 54.10499447694664
"http://en.wikipedia.org/wiki/Junkers_Ju_88", 54.10499447694664
"http://en.wikipedia.org/wiki/Flag_of_Portugal", 54.10499447694664
"http://en.wikipedia.org/wiki/Iambus_(genre)", 53.907169337509316
"http://en.wikipedia.org/wiki/Fundaci%C3%B3_Antoni_T%C3%A0pies", 53.907169337509316
"http://en.wikipedia.org/wiki/Hermann_Graf", 53.907169337509316
"http://en.wikipedia.org/wiki/Herod_the_Great", 53.907169337509316
"http://en.wikipedia.org/wiki/Samuel_Gottlieb_Gmelin", 53.802758684897036
"http://en.wikipedia.org/wiki/Orlov", 53.70861555295746
"http://en.wikipedia.org/wiki/Passengers_of_the_RMS_Titanic", 53.70861555295746
"http://en.wikipedia.org/wiki/Brandenburgers", 53.50932501207488
"http://en.wikipedia.org/wiki/Stereotypes_of_animals", 53.30928945203023
"http://en.wikipedia.org/wiki/List_of_fictional_astronauts", 53.30928945203023
"http://en.wikipedia.org/wiki/Dinky_Toys", 53.108500454379424
"http://en.wikipedia.org/wiki/Richard_Bowen", 53.108500454379424
"http://en.wikipedia.org/wiki/Simon_Pallas", 52.95033822136559
"http://en.wikipedia.org/wiki/Vitold_Belevitch", 52.90694944093166
"http://en.wikipedia.org/wiki/HMS_Dryad_(1795)", 52.90694944093166
"http://en.wikipedia.org/wiki/Les_Troyens", 52.70462766947299
"http://en.wikipedia.org/wiki/Alexander_(film)", 52.70462766947299
"http://en.wikipedia.org/wiki/Ceres_(dwarf_planet)", 52.70462766947299
"http://en.wikipedia.org/wiki/Aleut_language", 52.70462766947299
"http://en.wikipedia.org/wiki/Timeline_of_aviation_%E2%80%93_19th_century", 52.501526229341714
"http://en.wikipedia.org/wiki/Keoladeo_National_Park", 52.501526229341714
"http://en.wikipedia.org/wiki/Chromium", 52.501526229341714
"http://en.wikipedia.org/wiki/History_of_the_Sz%C3%A9kely_people", 52.501526229341714
"http://en.wikipedia.org/wiki/Themes_in_Titus_Andronicus", 52.29763603684907
"http://en.wikipedia.org/wiki/STRN3", 52.22329678670935
"http://en.wikipedia.org/wiki/Themyscira_(DC_Comics)", 52.09294783053857
"http://en.wikipedia.org/wiki/Dwarf_planet", 52.09294783053857
"http://en.wikipedia.org/wiki/Heinkel_He_162", 51.88745216627708
"http://en.wikipedia.org/wiki/Golden_Madonna_of_Essen", 51.68113941217018
"http://en.wikipedia.org/wiki/2_Pallas", 51.68113941217018
"http://en.wikipedia.org/wiki/STRN", 51.63977794943223
"http://en.wikipedia.org/wiki/Pallasovka_(town)", 51.525403992954466
"http://en.wikipedia.org/wiki/Boundaries_between_continents", 51.473999743294186
"http://en.wikipedia.org/wiki/Leiden_University", 51.473999743294186
"http://en.wikipedia.org/wiki/Dagestan", 51.473999743294186
"http://en.wikipedia.org/wiki/Bluebuck", 51.473999743294186
"http://en.wikipedia.org/wiki/Reyer_Anslo", 51.32962632751339
"http://en.wikipedia.org/wiki/Krasnoyarsk", 51.05719936343558
"http://en.wikipedia.org/wiki/Helmut_Wick", 51.05719936343558
"http://en.wikipedia.org/wiki/Bah%C3%A1%27%C3%AD_Faith_in_Botswana", 51.05719936343558
"http://en.wikipedia.org/wiki/Wolverine", 51.05719936343558
"http://en.wikipedia.org/wiki/Tomb_of_Antipope_John_XXIII", 51.05719936343558
"http://en.wikipedia.org/wiki/MOBKL3", 50.87470190691683
"http://en.wikipedia.org/wiki/Steller%27s_Sea_Eagle", 50.84751798731266
"http://en.wikipedia.org/wiki/Helmut_Lent", 50.84751798731266
"http://en.wikipedia.org/wiki/Tarpan", 50.84751798731266
"http://en.wikipedia.org/wiki/Indus_River", 50.636968354183324
"http://en.wikipedia.org/wiki/Crimean_Karaites", 50.636968354183324
"http://en.wikipedia.org/wiki/Orbital_resonance", 50.636968354183324
"http://en.wikipedia.org/wiki/British_Birds_Rarities_Committee", 50.42553958794137
"http://en.wikipedia.org/wiki/Bats_people", 50.42553958794137
"http://en.wikipedia.org/wiki/Posyet_Bay", 50.36101551853349
"http://en.wikipedia.org/wiki/Morten_Thrane_Br%C3%BCnnich", 50.24213216674024
"http://en.wikipedia.org/wiki/List_of_monastic_houses_in_Ireland", 50.21322058350292
"http://en.wikipedia.org/wiki/Hartebeest", 50.21322058350292
"http://en.wikipedia.org/wiki/Transport_in_Melbourne", 50.21322058350292
"http://en.wikipedia.org/wiki/Sanat_Kumara", 50.21322058350292
"http://en.wikipedia.org/wiki/1771_in_science", 50.000000000000014
"http://en.wikipedia.org/wiki/Femininity", 49.99999999999999
"http://en.wikipedia.org/wiki/The_Raven_in_popular_culture", 49.99999999999999
"http://en.wikipedia.org/wiki/Common_Firecrest", 49.99999999999999
"http://en.wikipedia.org/wiki/Inkerman_Cave_Monastery", 49.822379545201365
"http://en.wikipedia.org/wiki/Russian_Academy_of_Sciences", 49.78586625371179
"http://en.wikipedia.org/wiki/Jungle_cat", 49.78586625371179
"http://en.wikipedia.org/wiki/Walter_Oesau", 49.78586625371179
"http://en.wikipedia.org/wiki/EastLink_(Melbourne)", 49.78586625371179
"http://en.wikipedia.org/wiki/Period_5_element", 49.78586625371179
"http://en.wikipedia.org/wiki/Iris_(plant)", 49.78586625371179
"http://en.wikipedia.org/wiki/Binoculars", 49.57080751072104
"http://en.wikipedia.org/wiki/Zoological_Museum_of_the_Zoological_Institute_of_the_Russian_Academy_of_Sciences", 49.52605565436487
"http://en.wikipedia.org/wiki/Belfast_Natural_History_Society", 49.35481167928245
"http://en.wikipedia.org/wiki/French_frigate_M%C3%A9duse_(1810)", 49.35481167928245
"http://en.wikipedia.org/wiki/Wisdom", 49.35481167928245
"http://en.wikipedia.org/wiki/SMS_Schleswig-Holstein", 49.35481167928245
"http://en.wikipedia.org/wiki/Klaus_Bargsten", 49.13786640188923
"http://en.wikipedia.org/wiki/Roman_Catholic_Archdiocese_of_Nueva_Segovia", 49.13786640188923
"http://en.wikipedia.org/wiki/Lorenz_Lange", 49.048925589142875
"http://en.wikipedia.org/wiki/Common_House_Martin", 48.91995904702285
"http://en.wikipedia.org/wiki/Hofburg_Palace", 48.91995904702285
"http://en.wikipedia.org/wiki/William_Cornwallis", 48.91995904702285
"http://en.wikipedia.org/wiki/List_of_Russian_scientists", 48.91995904702285
"http://en.wikipedia.org/wiki/Felice_Brancacci", 48.89012070387048
"http://en.wikipedia.org/wiki/John_Elliot_(Royal_Navy_officer)", 48.70107670057072
"http://en.wikipedia.org/wiki/HMS_Lowestoffe_(1761)", 48.70107670057072
"http://en.wikipedia.org/wiki/Dawn_(spacecraft)", 48.70107670057072
"http://en.wikipedia.org/wiki/South_Tyrol", 48.48120615689496
"http://en.wikipedia.org/wiki/Evenki_language", 48.48120615689496
"http://en.wikipedia.org/wiki/Titchwell_Marsh", 48.48120615689496
"http://en.wikipedia.org/wiki/Walter_Nowotny", 48.48120615689496
"http://en.wikipedia.org/wiki/Turkology", 48.260333909535156
"http://en.wikipedia.org/wiki/Hans-Ulrich_Rudel", 48.260333909535156
"http://en.wikipedia.org/wiki/Satanism", 48.260333909535156
"http://en.wikipedia.org/wiki/British_Institution", 48.260333909535156
"http://en.wikipedia.org/wiki/Symphonic_rock", 48.03844614152614
"http://en.wikipedia.org/wiki/List_of_South_American_mammals", 48.03844614152614
"http://en.wikipedia.org/wiki/Otto_Kretschmer", 48.03844614152614
"http://en.wikipedia.org/wiki/Nicolas_Poussin", 47.81552871531157
"http://en.wikipedia.org/wiki/Lorenzo_de%27_Medici", 47.81552871531157
"http://en.wikipedia.org/wiki/HMS_Endymion_(1865)", 47.81552871531157
"http://en.wikipedia.org/wiki/North_India", 47.81552871531157
"http://en.wikipedia.org/wiki/House_of_Sz%C3%A9csi", 47.711872361369785
"http://en.wikipedia.org/wiki/Heinrich_Prinz_zu_Sayn-Wittgenstein", 47.591567162232266
"http://en.wikipedia.org/wiki/Heinrich_von_Veldeke", 47.591567162232266
"http://en.wikipedia.org/wiki/European_hare", 47.591567162232266
"http://en.wikipedia.org/wiki/Centaur", 47.591567162232266
"http://en.wikipedia.org/wiki/Wolfgang_L%C3%BCth", 47.591567162232266
"http://en.wikipedia.org/wiki/Pardisan_Park", 47.51909633114914
"http://en.wikipedia.org/wiki/Alexander_II_of_Epirus", 47.4858079933817
"http://en.wikipedia.org/wiki/Crew_of_the_RMS_Titanic", 47.366546671567086
"http://en.wikipedia.org/wiki/Earthling_(album)", 47.366546671567086
"http://en.wikipedia.org/wiki/KOVR", 47.366546671567086
"http://en.wikipedia.org/wiki/17th_SS_Panzergrenadier_Division_G%C3%B6tz_von_Berlichingen", 47.366546671567086
"http://en.wikipedia.org/wiki/Athena_Giustiniani", 47.295265146345855
"http://en.wikipedia.org/wiki/Crimean_Goths", 47.14045207910317
"http://en.wikipedia.org/wiki/Common_eland", 47.14045207910317
"http://en.wikipedia.org/wiki/Master_Jesus", 47.14045207910317
"http://en.wikipedia.org/wiki/Virginia_Museum_of_Fine_Arts", 47.14045207910317
"http://en.wikipedia.org/wiki/List_of_contestants_from_the_UK_national_selection_for_the_Eurovision_Song_Contest", 47.14045207910317
"http://en.wikipedia.org/wiki/Great_Black-backed_Gull", 47.14045207910317
"http://en.wikipedia.org/wiki/Charles_Cunningham", 47.14045207910317
"http://en.wikipedia.org/wiki/Theogony", 46.91326785521022
"http://en.wikipedia.org/wiki/List_of_Knight%27s_Cross_of_the_Iron_Cross_recipients_of_the_Waffen-SS", 46.91326785521022
"http://en.wikipedia.org/wiki/Holkham_National_Nature_Reserve", 46.91326785521022
"http://en.wikipedia.org/wiki/Pallium", 46.91326785521022
"http://en.wikipedia.org/wiki/List_of_Solar_System_objects_by_size", 46.91326785521022
"http://en.wikipedia.org/wiki/Cooley%E2%80%93Tukey_FFT_algorithm", 46.684978092392626
"http://en.wikipedia.org/wiki/Georg_von_Boeselager", 46.684978092392626
"http://en.wikipedia.org/wiki/Erhard_Raus", 46.684978092392626
"http://en.wikipedia.org/wiki/1811_in_birding_and_ornithology", 46.656947481584346
"http://en.wikipedia.org/wiki/Krasnojarsk_(meteorite)", 46.45722098118832
"http://en.wikipedia.org/wiki/Arabian_oryx", 46.45556649229087
"http://en.wikipedia.org/wiki/List_of_birds_of_Thailand", 46.45556649229087
"http://en.wikipedia.org/wiki/Kylfings", 46.45556649229087
"http://en.wikipedia.org/wiki/HMS_Captain_(1869)", 46.45556649229087
"http://en.wikipedia.org/wiki/Ichthyology", 46.45556649229087
"http://en.wikipedia.org/wiki/Callimachus", 46.22501635210242
"http://en.wikipedia.org/wiki/Andrea_del_Verrocchio", 46.22501635210242
"http://en.wikipedia.org/wiki/Geography_(Ptolemy)", 46.22501635210242
"http://en.wikipedia.org/wiki/Hans_Waldmann_(fighter_pilot)", 46.22501635210242
"http://en.wikipedia.org/wiki/Mulovsky_expedition", 46.16991923326561
"http://en.wikipedia.org/wiki/Surzhyk", 45.993310550389985
"http://en.wikipedia.org/wiki/Java_campaign_of_1806%E2%80%9307", 45.993310550389985
"http://en.wikipedia.org/wiki/Sandgrouse", 45.993310550389985
"http://en.wikipedia.org/wiki/Social_science_fiction", 45.76043153224293
"http://en.wikipedia.org/wiki/Georg_Wilhelm_Steller", 45.76043153224293
"http://en.wikipedia.org/wiki/Zebra_mussel", 45.76043153224293
"http://en.wikipedia.org/wiki/Fair_Isle", 45.76043153224293
"http://en.wikipedia.org/wiki/Wildlife_of_Mongolia", 45.76043153224293
"http://en.wikipedia.org/wiki/Highlander_(season_4)", 45.76043153224293
"http://en.wikipedia.org/wiki/List_of_Knight%27s_Cross_of_the_Iron_Cross_recipients_(R)", 45.76043153224293
"http://en.wikipedia.org/wiki/Ernst_Gottfried_Baldinger", 45.665173347662204
"http://en.wikipedia.org/wiki/1768_in_science", 45.58423058385518
"http://en.wikipedia.org/wiki/List_of_Knight%27s_Cross_of_the_Iron_Cross_recipients_(G)", 45.52636129375565
"http://en.wikipedia.org/wiki/Oil_shale_in_Estonia", 45.52636129375565
"http://en.wikipedia.org/wiki/List_of_Central_American_mammals", 45.52636129375565
"http://en.wikipedia.org/wiki/FitzGerald_baronets", 45.45027722171248
"http://en.wikipedia.org/wiki/Pallas%27s", 45.37426064865151
"http://en.wikipedia.org/wiki/Kiefer_Sutherland", 45.29108136578383
"http://en.wikipedia.org/wiki/Greater_kudu", 45.29108136578383
"http://en.wikipedia.org/wiki/Thick-billed_Murre", 45.29108136578383
"http://en.wikipedia.org/wiki/1741_in_science", 45.25696378552518
"http://en.wikipedia.org/wiki/Starry_flounder", 45.22670168666455
"http://en.wikipedia.org/wiki/The_Three_Philosophers", 45.160532372975034
"http://en.wikipedia.org/wiki/Edward_Sneyd_Clay", 45.05457279693738
"http://en.wikipedia.org/wiki/List_of_Knight%27s_Cross_of_the_Iron_Cross_recipients_(S%27)", 45.05457279693738
"http://en.wikipedia.org/wiki/Banded_archerfish", 45.05457279693738
"http://en.wikipedia.org/wiki/Rotterdam_Blitz", 45.05457279693738
"http://en.wikipedia.org/wiki/The_Art_of_War_(Machiavelli)", 45.05457279693738
"http://en.wikipedia.org/wiki/Hermann_Fegelein", 45.05457279693738
"http://en.wikipedia.org/wiki/1899", 45.05457279693738
"http://en.wikipedia.org/wiki/Pallasovka_(meteorite)", 45.0366726878491
"http://en.wikipedia.org/wiki/Pallas%27s_Grasshopper_Warbler", 45.0366726878491
"http://en.wikipedia.org/wiki/Maria_de_Wilde", 45.00712194354385
"http://en.wikipedia.org/wiki/Konstantin_Posyet", 44.95448724371069
"http://en.wikipedia.org/wiki/Citro%C3%ABn_GS", 44.81681613576547
"http://en.wikipedia.org/wiki/List_of_Knight%27s_Cross_of_the_Iron_Cross_recipients_(M)", 44.81681613576547
"http://en.wikipedia.org/wiki/Siegfried_Knemeyer", 44.81681613576547
"http://en.wikipedia.org/wiki/List_of_chemical_element_name_etymologies", 44.81681613576547
"http://en.wikipedia.org/wiki/Linda_Proud", 44.6431068924083
"http://en.wikipedia.org/wiki/Helike", 44.577791412086434
"http://en.wikipedia.org/wiki/Barque", 44.577791412086434
"http://en.wikipedia.org/wiki/Joachim_M%C3%BCncheberg", 44.577791412086434
"http://en.wikipedia.org/wiki/Evita_(film)", 44.577791412086434
"http://en.wikipedia.org/wiki/Rudolf_von_Ribbentrop", 44.577791412086434
"http://en.wikipedia.org/wiki/Spectacled_Guillemot", 44.40530357868858
"http://en.wikipedia.org/wiki/Michael_Danby", 44.33747811741175
"http://en.wikipedia.org/wiki/Action_of_26_July_1806", 44.33747811741175
"http://en.wikipedia.org/wiki/Crested_Auklet", 44.09585518440984
"http://en.wikipedia.org/wiki/September_8", 44.09585518440984
"http://en.wikipedia.org/wiki/Reading_and_Leeds_Festivals_line-ups", 44.09585518440984
"http://en.wikipedia.org/wiki/Harmonia_axyridis", 44.09585518440984
"http://en.wikipedia.org/wiki/Hungarian_Wikipedia", 43.92976851069794
"http://en.wikipedia.org/wiki/Magenta_(Welsh_band)", 43.85290096535146
"http://en.wikipedia.org/wiki/Principality_of_Hungary", 43.85290096535146
"http://en.wikipedia.org/wiki/Golden-crowned_Sparrow", 43.85290096535146
"http://en.wikipedia.org/wiki/Timeline_of_progressive_rock_(2000%E2%80%9309)", 43.85290096535146
"http://en.wikipedia.org/wiki/False_pipefish", 43.698372265949075
"http://en.wikipedia.org/wiki/Thomas_Pakenham_(Royal_Navy_officer)", 43.6595734950682
"http://en.wikipedia.org/wiki/Bagossy_family", 43.643578047198474
"http://en.wikipedia.org/wiki/List_of_progressive_rock_bands", 43.60859320947423
"http://en.wikipedia.org/wiki/Theodor_Eicke", 43.60859320947423
"http://en.wikipedia.org/wiki/Sedge_Warbler", 43.60859320947423
"http://en.wikipedia.org/wiki/Artur_Phleps", 43.60859320947423
"http://en.wikipedia.org/wiki/List_of_Knight%27s_Cross_of_the_Iron_Cross_recipients_(P)", 43.60859320947423
"http://en.wikipedia.org/wiki/Gloger%27s_rule", 43.495883620083994
"http://en.wikipedia.org/wiki/Wolfgang_Graf_von_Bl%C3%BCcher", 43.362909039199394
"http://en.wikipedia.org/wiki/List_of_European_birds", 43.36290903919939
"http://en.wikipedia.org/wiki/Meat_Beat_Manifesto", 43.36290903919939
"http://en.wikipedia.org/wiki/B%C3%A1cs_(personal_name)", 43.233770116711696
"http://en.wikipedia.org/wiki/Index_of_philosophy_articles_(I%E2%80%93Q)", 43.11582492512881
"http://en.wikipedia.org/wiki/Heinz-Wolfgang_Schnaufer", 43.11582492512881
"http://en.wikipedia.org/wiki/Djungarian_hamster", 43.11582492512881
"http://en.wikipedia.org/wiki/Citril_Finch", 42.941490789278305
"http://en.wikipedia.org/wiki/Walter_Zellot", 42.91975376394761
"http://en.wikipedia.org/wiki/Peter_Jenne", 42.91975376394761
"http://en.wikipedia.org/wiki/Cepphus", 42.88450139351179
"http://en.wikipedia.org/wiki/Berenice_Sydney", 42.86731665974484
"http://en.wikipedia.org/wiki/List_of_historical_novels", 42.86731665974484
"http://en.wikipedia.org/wiki/Johann_Schmid", 42.865555290800714
"http://en.wikipedia.org/wiki/Erich_Peter", 42.742520713255516
"http://en.wikipedia.org/wiki/List_of_Knight%27s_Cross_of_the_Iron_Cross_recipients_(F)", 42.6173593297299
"http://en.wikipedia.org/wiki/Piet%C3%A0_(Michelangelo)", 42.6173593297299
"http://en.wikipedia.org/wiki/Egmont_Prinz_zur_Lippe-Wei%C3%9Fenfeld", 42.6173593297299
"http://en.wikipedia.org/wiki/Amazons_(DC_Comics)", 42.6173593297299
"http://en.wikipedia.org/wiki/Siberian_Crane", 42.6173593297299
"http://en.wikipedia.org/wiki/Martin_Luther_University_of_Halle-Wittenberg", 42.6173593297299
"http://en.wikipedia.org/wiki/Chestnut_Bunting", 42.57775824390034
"http://en.wikipedia.org/wiki/Calreticulin", 42.53085609456408
"http://en.wikipedia.org/wiki/Blepsias_cirrhosus", 42.42640687119285
"http://en.wikipedia.org/wiki/List_of_biologists", 42.36592728681617
"http://en.wikipedia.org/wiki/Timeline_of_Solar_System_astronomy", 42.36592728681617
"http://en.wikipedia.org/wiki/Pallas%27s_cat", 42.36592728681617
"http://en.wikipedia.org/wiki/Thomas_Nugent,_1st_Baron_Nugent_of_Riverston", 42.36592728681616
"http://en.wikipedia.org/wiki/Odyssice", 42.34505222898966
"http://en.wikipedia.org/wiki/Siberian_roe_deer", 42.32545156601852
"http://en.wikipedia.org/wiki/Pallas%27s_Reed_Bunting", 42.25771273642583
"http://en.wikipedia.org/wiki/Gustav_Pre%C3%9Fler", 42.186028693741164
"http://en.wikipedia.org/wiki/Short-tailed_Albatross", 42.11299411706882
"http://en.wikipedia.org/wiki/Karl_Georg_Christian_von_Staudt", 42.11299411706882
"http://en.wikipedia.org/wiki/Red-throated_Thrush", 42.10759605332595
"http://en.wikipedia.org/wiki/Bernhard_Woldenga", 42.04095456177365
"http://en.wikipedia.org/wiki/Pallas", 41.97504927816956
"http://en.wikipedia.org/wiki/Patrick_Woodroffe", 41.858532608498734
"http://en.wikipedia.org/wiki/List_of_cruise_ships", 41.858532608498734
"http://en.wikipedia.org/wiki/Troilus_and_Cressida_(opera)", 41.858532608498734
"http://en.wikipedia.org/wiki/Coastal_defence_and_fortification", 41.858532608498734
"http://en.wikipedia.org/wiki/Louise_Erdrich", 41.858532608498734
"http://en.wikipedia.org/wiki/Lamb_of_God", 41.858532608498734
"http://en.wikipedia.org/wiki/Peter_D%C3%BCttmann", 41.81210050035454
"http://en.wikipedia.org/wiki/Tim_Pallas", 41.808701004393775
"http://en.wikipedia.org/wiki/Paul-Ernst_Renisch", 41.65977904505309
"http://en.wikipedia.org/wiki/Peter-Paul_Breu", 41.649656391752146
"http://en.wikipedia.org/wiki/They_Call_Us_Misfits", 41.649656391752146
"http://en.wikipedia.org/wiki/Atka_mackerel", 41.623584616808095
"http://en.wikipedia.org/wiki/Short_Belfast", 41.60251471689218
"http://en.wikipedia.org/wiki/Transport_Legislation_Review", 41.60251471689218
"http://en.wikipedia.org/wiki/Secondary_liability", 41.60251471689218
"http://en.wikipedia.org/wiki/List_of_eponymously_named_medical_signs", 41.60251471689218
"http://en.wikipedia.org/wiki/Asian_palm_civet", 41.60251471689218
"http://en.wikipedia.org/wiki/Walther_Dahl", 41.60251471689218
"http://en.wikipedia.org/wiki/1986_in_music", 41.60251471689218
"http://en.wikipedia.org/wiki/The_World_Tossed_at_Tennis", 41.60251471689218
"http://en.wikipedia.org/wiki/Janysium", 41.56851183853697
"http://en.wikipedia.org/wiki/The_Triumph_of_Beauty", 41.49230918630249
"http://en.wikipedia.org/wiki/Dogmatic_Sarcophagus", 41.41226684704217
"http://en.wikipedia.org/wiki/Walter_Krupinski", 41.34491152973615
"http://en.wikipedia.org/wiki/SK_Rapid_Wien", 41.34491152973615
"http://en.wikipedia.org/wiki/Raid_on_Griessie", 41.34491152973615
"http://en.wikipedia.org/wiki/Peninsula_Link", 41.34491152973615
"http://en.wikipedia.org/wiki/Bubal_hartebeest", 41.34491152973615
"http://en.wikipedia.org/wiki/Caspian_Tern", 41.32885836992707
"http://en.wikipedia.org/wiki/The_Golden_Age_Restored", 41.28614119223852
"http://en.wikipedia.org/wiki/Peter_Frantz", 41.25684985035175
"http://en.wikipedia.org/wiki/Walter_Bestmann", 41.2310562561766
"http://en.wikipedia.org/wiki/1583_in_poetry", 41.10350005650343
"http://en.wikipedia.org/wiki/List_of_Knight%27s_Cross_of_the_Iron_Cross_recipients_(Ba%E2%80%93Bm)", 41.08569322810786
"http://en.wikipedia.org/wiki/Kurt_Welter", 41.08569322810786
"http://en.wikipedia.org/wiki/Joshua_David_Stone", 41.08569322810786
"http://en.wikipedia.org/wiki/List_of_Knight%27s_Cross_of_the_Iron_Cross_recipients_(Ka%E2%80%93Km)", 41.08569322810786
"http://en.wikipedia.org/wiki/List_of_Knight%27s_Cross_of_the_Iron_Cross_recipients_(J)", 41.08569322810786
"http://en.wikipedia.org/wiki/Marquee_Club", 41.08569322810786
"http://en.wikipedia.org/wiki/Squalene", 41.08569322810786
"http://en.wikipedia.org/wiki/Hans-Valentin_Hube", 41.08569322810786
"http://en.wikipedia.org/wiki/Acerno", 41.08569322810786
"http://en.wikipedia.org/wiki/G%C3%BCnther_von_Kluge", 41.08569322810786
"http://en.wikipedia.org/wiki/North_East_Link", 41.08569322810786
"http://en.wikipedia.org/wiki/Georg-Peter_Eder", 41.070025419420034
"http://en.wikipedia.org/wiki/1784_in_science", 41.05878413676265
"http://en.wikipedia.org/wiki/Johann_Friedrich_Anthing", 40.97037257057139
"http://en.wikipedia.org/wiki/Hungarian_Ice_Hockey_Hall_of_Fame", 40.94687664018865
"http://en.wikipedia.org/wiki/Spotted_seal", 40.8248290463863
"http://en.wikipedia.org/wiki/List_of_Knight%27s_Cross_of_the_Iron_Cross_recipients_(W)", 40.8248290463863
"http://en.wikipedia.org/wiki/Demyansk_Pocket", 40.8248290463863
"http://en.wikipedia.org/wiki/Lexmark", 40.8248290463863
"http://en.wikipedia.org/wiki/Tomb_of_Eurysaces_the_Baker", 40.8248290463863
"http://en.wikipedia.org/wiki/San_Marco,_Florence", 40.76824574955176
"http://en.wikipedia.org/wiki/Pallas%27s_Gull", 40.61384660534477
"http://en.wikipedia.org/wiki/Minimal_pair", 40.596882937383576
"http://en.wikipedia.org/wiki/Pallas%27s_Leaf_Warbler", 40.596116719920765
"http://en.wikipedia.org/wiki/Leben_des_Orest", 40.56951178881799
"http://en.wikipedia.org/wiki/Lympha", 40.56228722963173
"http://en.wikipedia.org/wiki/List_of_Knight%27s_Cross_of_the_Iron_Cross_recipients_(Bn%E2%80%93Bz)", 40.56228722963173
"http://en.wikipedia.org/wiki/Haplogroup_I_(mtDNA)", 40.56228722963173
"http://en.wikipedia.org/wiki/Peter_Gilow", 40.50462936504913
"http://en.wikipedia.org/wiki/Anton_Hackl", 40.433617006102544
"http://en.wikipedia.org/wiki/Thomas_Rudd", 40.33482425550336
"http://en.wikipedia.org/wiki/W-algebra", 40.29803498846593
"http://en.wikipedia.org/wiki/Buryats", 40.298034988465915
"http://en.wikipedia.org/wiki/Demidov", 40.298034988465915
"http://en.wikipedia.org/wiki/Swan_song", 40.298034988465915
"http://en.wikipedia.org/wiki/Peter_Werfft", 40.269363312841456
"http://en.wikipedia.org/wiki/Juhani_Pallasmaa", 40.20151261036848
"http://en.wikipedia.org/wiki/Erwin_Diekwisch", 40.16096644512494
"http://en.wikipedia.org/wiki/Wilhelm_Herget", 40.14436757421748
"http://en.wikipedia.org/wiki/Brumby_Ministry", 40.0421718620027
"http://en.wikipedia.org/wiki/Mach_One", 40.040740122595366
"http://en.wikipedia.org/wiki/List_of_Knight%27s_Cross_of_the_Iron_Cross_recipients_(A)", 40.03203845127178
"http://en.wikipedia.org/wiki/List_of_Knight%27s_Cross_of_the_Iron_Cross_with_Oak_Leaves_recipients_(1943)", 40.03203845127178
"http://en.wikipedia.org/wiki/Club_transmediale", 40.03203845127178
"http://en.wikipedia.org/wiki/Peter_Sauerbruch", 40.0
"http://en.wikipedia.org/wiki/Quasar_(band)", 39.92747047523453
"http://en.wikipedia.org/wiki/Airbridge_(band)", 39.922804688426275
"http://en.wikipedia.org/wiki/1811_in_science", 39.82721301511975
"http://en.wikipedia.org/wiki/Crested_Oropendola", 39.81087364498999
"http://en.wikipedia.org/wiki/Denis_Napthine", 39.77336928089954
"http://en.wikipedia.org/wiki/Alexander_Rudnay", 39.76974544878587
"http://en.wikipedia.org/wiki/List_of_birds_of_Sri_Lanka", 39.76426261351493
"http://en.wikipedia.org/wiki/Filippino_Lippi", 39.76426261351493
"http://en.wikipedia.org/wiki/List_of_Knight%27s_Cross_of_the_Iron_Cross_recipients_(V)", 39.76426261351493
"http://en.wikipedia.org/wiki/Institution_of_Chemical_Engineers", 39.76426261351493
"http://en.wikipedia.org/wiki/Prunus_fruticosa", 39.76426261351493
"http://en.wikipedia.org/wiki/Hans-Peter_Knaust", 39.73597071195131
"http://en.wikipedia.org/wiki/Joseph_von_Radowitz_(general)", 39.67956760231118
"http://en.wikipedia.org/wiki/The_Dreaming_(Scottish_band)", 39.56282840374722
"http://en.wikipedia.org/wiki/Ali_Bey_Mihalo%C4%9Flu", 39.56282840374722
"http://en.wikipedia.org/wiki/Abbeyshrule", 39.547200187295545
"http://en.wikipedia.org/wiki/Mauritz_von_Wiktorin", 39.52847075210474
"http://en.wikipedia.org/wiki/Walter_von_Brockdorff-Ahlefeldt", 39.52847075210474
"http://en.wikipedia.org/wiki/Spur-thighed_tortoise", 39.49467128397273
"http://en.wikipedia.org/wiki/Pallasite", 39.49467128397273
"http://en.wikipedia.org/wiki/Tufted_Puffin", 39.49467128397273
"http://en.wikipedia.org/wiki/Bruno_Br%C3%A4uer", 39.49467128397273
"http://en.wikipedia.org/wiki/List_of_Knight%27s_Cross_of_the_Iron_Cross_recipients_(N)", 39.49467128397273
"http://en.wikipedia.org/wiki/Content-oriented_workflow_models", 39.49467128397273
"http://en.wikipedia.org/wiki/List_of_Knight%27s_Cross_of_the_Iron_Cross_recipients_(O)", 39.49467128397273
"http://en.wikipedia.org/wiki/Erich_Topp", 39.49467128397273
"http://en.wikipedia.org/wiki/List_of_Knight%27s_Cross_of_the_Iron_Cross_recipients_(Sch)", 39.49467128397273
"http://en.wikipedia.org/wiki/Alessandro_Turchi", 39.477101697586136
"http://en.wikipedia.org/wiki/Peter_K%C3%B6rte", 39.44053188733078
"http://en.wikipedia.org/wiki/Peter_Eil", 39.295262399668786
"http://en.wikipedia.org/wiki/Prince_Alla", 39.295262399668786
"http://en.wikipedia.org/wiki/September_22", 39.22322702763681
"http://en.wikipedia.org/wiki/Finch", 39.22322702763681
"http://en.wikipedia.org/wiki/Pacific_herring", 39.22322702763681
"http://en.wikipedia.org/wiki/List_of_Empire_ships_(Th%E2%80%93Ty)", 39.22322702763681
"http://en.wikipedia.org/wiki/Arachne", 39.22322702763681
"http://en.wikipedia.org/wiki/G%C3%BCnter_Schwartzkopff", 39.2232270276368
"http://en.wikipedia.org/wiki/Friedrich_Ruge", 39.06655730637407
"http://en.wikipedia.org/wiki/Johann_Christian_Polycarp_Erxleben", 39.009474880274695
"http://en.wikipedia.org/wiki/Pallas_(crater)", 38.99663225445167
"http://en.wikipedia.org/wiki/List_of_mammals_of_Ecuador", 38.949891105034126
"http://en.wikipedia.org/wiki/List_of_Knight%27s_Cross_of_the_Iron_Cross_recipients_(D)", 38.949891105034126
"http://en.wikipedia.org/wiki/Lothar_Rendulic", 38.949891105034126
"http://en.wikipedia.org/wiki/Luftlande-Sturm-Regiment", 38.949891105034126
"http://en.wikipedia.org/wiki/Peter_Broich", 38.89222341312987
"http://en.wikipedia.org/wiki/Sociable_Lapwing", 38.812501290309235
"http://en.wikipedia.org/wiki/List_of_Don_Cossacks_noble_families", 38.78373722297145
"http://en.wikipedia.org/wiki/List_of_Knight%27s_Cross_of_the_Iron_Cross_recipients_(E)", 38.67462340768809
"http://en.wikipedia.org/wiki/Hermann_Hogeback", 38.67462340768809
"http://en.wikipedia.org/wiki/List_of_mammals_of_Peru", 38.67462340768809
"http://en.wikipedia.org/wiki/David_Bowie_discography", 38.67462340768809
"http://en.wikipedia.org/wiki/Heinrich_Setz", 38.67462340768809
"http://en.wikipedia.org/wiki/Jennifer_Page", 38.58612300930074
"http://en.wikipedia.org/wiki/Wolf_Bachofner", 38.5376246654031
"http://en.wikipedia.org/wiki/List_of_Knight%27s_Cross_of_the_Iron_Cross_recipients_of_the_Kriegsmarine", 38.39738238941523
"http://en.wikipedia.org/wiki/Timeline_of_progressive_rock_(1990%E2%80%9399)", 38.39738238941523
"http://en.wikipedia.org/wiki/List_of_mammals_of_French_Guiana", 38.39738238941523
"http://en.wikipedia.org/wiki/United_States_at_the_2011_Pan_American_Games", 38.39738238941523
"http://en.wikipedia.org/wiki/List_of_mammals_of_Panama", 38.39738238941523
"http://en.wikipedia.org/wiki/List_of_mammals_of_Colombia", 38.39738238941523
"http://en.wikipedia.org/wiki/Nordic_(tug)", 38.31911312099677
"http://en.wikipedia.org/wiki/Gerhard_von_Schwerin", 38.254602783800294
"http://en.wikipedia.org/wiki/List_of_mammals_of_Guyana", 38.11812499312437
"http://en.wikipedia.org/wiki/Sanderling", 38.11812499312437
"http://en.wikipedia.org/wiki/List_of_fictional_wolves", 38.11812499312437
"http://en.wikipedia.org/wiki/List_of_mammals_of_Suriname", 38.11812499312437
"http://en.wikipedia.org/wiki/List_of_mammals_of_Venezuela", 38.11812499312437
"http://en.wikipedia.org/wiki/Tuxedomoon", 38.11812499312437
"http://en.wikipedia.org/wiki/G%C3%BCnther_Hessler", 38.11812499312437
"http://en.wikipedia.org/wiki/Theodor_Wisch", 37.984023873883366
"http://en.wikipedia.org/wiki/Pallas%27s_Sandgrouse", 37.98187661003169
"http://en.wikipedia.org/wiki/List_of_Knight%27s_Cross_of_the_Iron_Cross_recipients_(C)", 37.83680657275309
"http://en.wikipedia.org/wiki/List_of_mammals_of_Nicaragua", 37.83680657275309
"http://en.wikipedia.org/wiki/Dawn_Whyatt_Frith", 37.83680657275309
"http://en.wikipedia.org/wiki/List_of_fictional_ships", 37.83680657275309
"http://en.wikipedia.org/wiki/List_of_mammals_of_Bolivia", 37.83680657275309
"http://en.wikipedia.org/wiki/Willy_Langkeit", 37.79644730092273
"http://en.wikipedia.org/wiki/21087_Petsimpallas", 37.79644730092272
"http://en.wikipedia.org/wiki/Rudolf_Konrad", 37.79644730092272
"http://en.wikipedia.org/wiki/Galahad_(UK_band)", 37.69303685460226
"http://en.wikipedia.org/wiki/Great_Plains_Zoo", 37.67432598879079
"http://en.wikipedia.org/wiki/Paul_Gildner", 37.62159772503841
"http://en.wikipedia.org/wiki/Peter-Eberhard_M%C3%BCllensiefen", 37.617739693163934
"http://en.wikipedia.org/wiki/Haplogroup_T_(mtDNA)", 37.553380809940535
"http://en.wikipedia.org/wiki/List_of_shipwrecks_in_1813", 37.553380809940535
"http://en.wikipedia.org/wiki/List_of_Knight%27s_Cross_of_the_Iron_Cross_recipients_(Kn%E2%80%93Kz)", 37.553380809940535
"http://en.wikipedia.org/wiki/Chris_Sarandon", 37.553380809940535
"http://en.wikipedia.org/wiki/Dead_Space:_Aftermath", 37.553380809940535
"http://en.wikipedia.org/wiki/Order_of_battle_at_the_Glorious_First_of_June", 37.553380809940535
"http://en.wikipedia.org/wiki/SC_Mauerbach", 37.377250079820094
"http://en.wikipedia.org/wiki/Rudolf_Schoenert", 37.37412737209254
"http://en.wikipedia.org/wiki/Karl_Baacke", 37.35436838188143
"http://en.wikipedia.org/wiki/Kevin_Jackson_(writer)", 37.30620025303553
"http://en.wikipedia.org/wiki/List_of_Knight%27s_Cross_of_the_Iron_Cross_recipients_of_the_U-boat_service", 37.26779962499649
"http://en.wikipedia.org/wiki/Eriophorum", 37.246251314652056
"http://en.wikipedia.org/wiki/IQ_(band)", 36.98001308168194
"http://en.wikipedia.org/wiki/I,_Claudius_(TV_series)", 36.98001308168194
"http://en.wikipedia.org/wiki/Wilhelm_Burgdorf", 36.81787005729087
"http://en.wikipedia.org/wiki/Lord_Adolphus_FitzClarence", 36.80308219143644
"http://en.wikipedia.org/wiki/Ghost_crab", 36.71460720810099
"http://en.wikipedia.org/wiki/County_of_Pallars_Juss%C3%A0", 36.71275101319052
"http://en.wikipedia.org/wiki/Siege_of_Vienna_(1485)", 36.68996928526714
"http://en.wikipedia.org/wiki/Pendragon_(band)", 36.68996928526714
"http://en.wikipedia.org/wiki/August_Maus", 36.608826607349904
"http://en.wikipedia.org/wiki/Solstice_(UK_progressive_rock_band)", 36.471444594145815
"http://en.wikipedia.org/wiki/A.D._(miniseries)", 36.39761427327792
"http://en.wikipedia.org/wiki/Meanings_of_minor_planet_names:_1%E2%80%93500", 36.39761427327792
"http://en.wikipedia.org/wiki/Hermit_Thrush", 36.17196725301612
"http://en.wikipedia.org/wiki/Little_Tern", 36.16202853397895
"http://en.wikipedia.org/wiki/List_of_shipwrecks_in_1810", 36.10289189827878
"http://en.wikipedia.org/wiki/List_of_Knight%27s_Cross_of_the_Iron_Cross_recipients_of_the_Luftwaffe_fighter_force", 36.10289189827878
"http://en.wikipedia.org/wiki/Bohor_reedbuck", 36.10289189827878
"http://en.wikipedia.org/wiki/Red-necked_Stint", 35.995570048589634
"http://en.wikipedia.org/wiki/Nazis_at_the_Center_of_the_Earth", 35.988619352394814
"http://en.wikipedia.org/wiki/Heinrich_Timm", 35.8894999420303
"http://en.wikipedia.org/wiki/Ludwig_Franzisket", 35.87657610295731
"http://en.wikipedia.org/wiki/Wilson%27s_Warbler", 35.77178850827239
"http://en.wikipedia.org/wiki/Peter-Erich_Cremer", 35.735924180805476
"http://en.wikipedia.org/wiki/Sir_William_Jardine,_7th_Baronet", 35.506108779810845
"http://en.wikipedia.org/wiki/List_of_Fellows_of_the_Royal_Society_P,Q,R", 35.506108779810845
"http://en.wikipedia.org/wiki/Global_Warming_(Pitbull_album)", 35.506108779810845
"http://en.wikipedia.org/wiki/List_of_Russian_biologists", 35.506108779810845
"http://en.wikipedia.org/wiki/Paul_Semrau", 35.475391489884146
"http://en.wikipedia.org/wiki/Cow_blowing", 35.35533905932737
"http://en.wikipedia.org/wiki/Larry_Buttrose", 35.203923635246106
"http://en.wikipedia.org/wiki/List_of_Knight%27s_Cross_of_the_Iron_Cross_recipients_(I)", 35.203923635246106
"http://en.wikipedia.org/wiki/List_of_songs_recorded_by_Mohammed_Rafi_(M%E2%80%93O)", 35.203923635246106
"http://en.wikipedia.org/wiki/Helmut_Mahlke", 35.08232077228117
"http://en.wikipedia.org/wiki/List_of_Olympiacos_F.C._players", 34.89912202260564
"http://en.wikipedia.org/wiki/List_of_concept_albums", 34.89912202260564
"http://en.wikipedia.org/wiki/Egon_Mayer", 34.84660262185847
"http://en.wikipedia.org/wiki/Gerhard_Kollewe", 34.79043891314756
"http://en.wikipedia.org/wiki/Christian_Saehrendt", 34.612772350390415
"http://en.wikipedia.org/wiki/Siegbert_Hummel", 34.591634777518045
"http://en.wikipedia.org/wiki/Humaine", 34.591634777518045
"http://en.wikipedia.org/wiki/Sal_Restivo", 34.591634777518045
"http://en.wikipedia.org/wiki/Josef_Priller", 34.591634777518045
"http://en.wikipedia.org/wiki/Mark_Lewis_Jones", 34.591634777518045
"http://en.wikipedia.org/wiki/March_28", 34.591634777518045
"http://en.wikipedia.org/wiki/Hotel_Sahara", 34.469099377285566
"http://en.wikipedia.org/wiki/Timeline_of_progressive_rock_(1980%E2%80%9389)", 34.28138963364343
"http://en.wikipedia.org/wiki/Telford_Medal", 34.28138963364343
"http://en.wikipedia.org/wiki/Little_Angel", 34.28138963364343
"http://en.wikipedia.org/wiki/Berardo_Collection_Museum", 34.28138963364343
"http://en.wikipedia.org/wiki/NEARfest", 34.28138963364343
"http://en.wikipedia.org/wiki/Spotted_Redshank", 34.19401657060441
"http://en.wikipedia.org/wiki/Haplogroup_R_(mtDNA)", 33.968311024337865
"http://en.wikipedia.org/wiki/Punta_della_Dogana", 33.94054779041914
"http://en.wikipedia.org/wiki/List_of_Spanish_Cross_in_Gold_with_Swords_and_Diamonds_recipients", 33.862466931200785
"http://en.wikipedia.org/wiki/Bracks_Ministry", 33.806170189140666
"http://en.wikipedia.org/wiki/Cristina_D%27Avena", 33.65231986770946
"http://en.wikipedia.org/wiki/Mendelssohn_Scholarship", 33.65231986770946
"http://en.wikipedia.org/wiki/List_of_foreign_Mexican_Primera_Divisi%C3%B3n_players", 33.65231986770946
"http://en.wikipedia.org/wiki/Amelie_Fried", 33.58876491038526
"http://en.wikipedia.org/wiki/North_American_Pairs", 33.011264588676234
"http://en.wikipedia.org/wiki/List_of_Knight%27s_Cross_of_the_Iron_Cross_with_Oak_Leaves,_Swords_or_Diamonds_recipients_of_the_Luftwaffe_fighter_force", 33.011264588676234
"http://en.wikipedia.org/wiki/1741", 32.28395144846368
"http://en.wikipedia.org/wiki/1811", 32.02563076101742
"http://en.wikipedia.org/wiki/List_of_operas_performed_at_the_Wexford_Festival", 31.00868364730211
"http://en.wikipedia.org/wiki/1991_Trans-Am_season", 30.860669992418376
"http://en.wikipedia.org/wiki/List_of_long_biographical_articles_on_Rees%27s_Cyclopaedia", 30.662207033593326
"http://en.wikipedia.org/wiki/List_of_ornithologists_abbreviated_names", 30.508811669725954
"http://en.wikipedia.org/wiki/List_of_songs_recorded_by_Mohammed_Rafi_(G%E2%80%93L)", 30.31177030137664
"http://en.wikipedia.org/wiki/L%27incoronazione_di_Poppea_discography", 30.31177030137664
"http://en.wikipedia.org/wiki/Max_Rostal", 30.257114167522296
"http://en.wikipedia.org/wiki/List_of_foreign_Bundesliga_players", 29.957234475763904
"http://en.wikipedia.org/wiki/List_of_DC_Comics_characters:_A", 29.598452257987677
"http://en.wikipedia.org/wiki/Steal_Hear", 29.51630263451236
"http://en.wikipedia.org/wiki/2007%E2%80%9308_SK_Rapid_Wien_season", 29.277002188456
"http://en.wikipedia.org/wiki/List_of_Ericaceae_genera", 29.235267310234303
"http://en.wikipedia.org/wiki/List_of_paintings_by_Rembrandt", 29.235267310234303
"http://en.wikipedia.org/wiki/List_of_Aberdonians", 28.938528360048306
"http://en.wikipedia.org/wiki/Oxford_City_Council_election,_2004", 28.867513459481287
"http://en.wikipedia.org/wiki/Candidates_of_the_Victorian_state_election,_2010", 28.867513459481287
"http://en.wikipedia.org/wiki/List_of_non-marine_molluscs_of_the_Netherlands", 28.49501380883701
"http://en.wikipedia.org/wiki/2008%E2%80%9309_SK_Rapid_Wien_season", 28.474739872574972
"http://en.wikipedia.org/wiki/Candidates_of_the_Victorian_state_election,_2006", 28.117579742899114
"http://en.wikipedia.org/wiki/Hungary_men%27s_national_ice_hockey_team", 28.117579742899114
"http://en.wikipedia.org/wiki/Index_of_fashion_articles", 28.117579742899114
"http://en.wikipedia.org/wiki/List_of_songs_about_killers", 27.347088471412228
"http://en.wikipedia.org/wiki/Aptera_in_the_10th_edition_of_Systema_Naturae", 26.953584668754658
"http://en.wikipedia.org/wiki/List_of_architectural_sculpture_in_Westminster", 26.953584668754658
"http://en.wikipedia.org/wiki/List_of_rodents", 26.148818018424535
"http://en.wikipedia.org/wiki/Queen%27s_Award_for_Enterprise_Promotion", 25.964539344474925
"http://en.wikipedia.org/wiki/List_of_VfL_Bochum_players", 25.318484177091662
"http://en.wikipedia.org/wiki/Oxford_City_Council_election,_2002", 25.318484177091662
"http://en.wikipedia.org/wiki/List_of_Georg-August_University_of_G%C3%B6ttingen_people", 24.892933126855894
"http://en.wikipedia.org/wiki/List_of_authors_of_names_published_under_the_ICZN", 24.892933126855894
"http://en.wikipedia.org/wiki/Post-election_pendulum_for_the_Victorian_state_election,_2010", 24.79988243046568
"http://en.wikipedia.org/wiki/List_of_German_football_transfers_summer_2007", 23.570226039551585
"http://en.wikipedia.org/wiki/List_of_townlands_of_County_Limerick", 22.645540682891916
"http://en.wikipedia.org/wiki/List_of_bats", 22.645540682891916
"http://en.wikipedia.org/wiki/List_of_Capitol_Records_artists", 22.645540682891916
"http://en.wikipedia.org/wiki/List_of_Nazis_(A%E2%80%93E)", 22.168739058705874
"http://en.wikipedia.org/wiki/Results_and_maps_of_the_Victorian_state_election,_2006", 22.168739058705874
"http://en.wikipedia.org/wiki/List_of_townlands_of_County_Limerick_starting_with_P", 21.821789023599237
"http://en.wikipedia.org/wiki/List_of_mammals_of_Brazil", 21.681454519599693
"http://en.wikipedia.org/wiki/List_of_Nazis_(F%E2%80%93K)", 21.681454519599693
"http://en.wikipedia.org/wiki/Members_of_the_Victorian_Legislative_Assembly,_2006%E2%80%932010", 21.4350054690793
"http://en.wikipedia.org/wiki/List_of_ornithologists", 21.182963643408083
"http://en.wikipedia.org/wiki/Members_of_the_Victorian_Legislative_Assembly,_2010%E2%80%932014", 20.879830038875223
"http://en.wikipedia.org/wiki/List_of_craters_on_the_Moon,_O%E2%80%93Q", 20.672455764868076
"http://en.wikipedia.org/wiki/List_of_plants_of_Burkina_Faso", 20.149017494232957
"http://en.wikipedia.org/wiki/List_of_botanists_by_author_abbreviation_(P%E2%80%93S)", 20.149017494232957
"http://en.wikipedia.org/wiki/List_of_botanists", 19.059062496562184
"http://en.wikipedia.org/wiki/Index_of_medieval_philosophy_articles", 19.059062496562184
"http://en.wikipedia.org/wiki/List_of_DC_Comics_characters:_P", 19.059062496562184
"http://en.wikipedia.org/wiki/Post-election_pendulum_for_the_Victorian_state_election,_2006", 18.520472876448977
"http://en.wikipedia.org/wiki/Pre-election_pendulum_for_the_Victorian_state_election,_2014", 18.280870640165578
"http://en.wikipedia.org/wiki/List_of_herpetologists", 17.902871850985818
"http://en.wikipedia.org/wiki/List_of_ship_names_of_the_Royal_Navy_(O%E2%80%93Q)", 17.295817388759023
"http://en.wikipedia.org/wiki/List_of_named_minor_planets_(O-R)", 15.331103516796663
"http://en.wikipedia.org/wiki/List_of_United_States_Navy_ships:_P", 13.867504905630728
"http://en.wikipedia.org/wiki/List_of_Australian_plant_species_authored_by_Robert_Brown", 13.867504905630728
