"http://en.wikipedia.org/wiki/May_Revolution", 72.46476076350088
"http://en.wikipedia.org/wiki/Madrid", 71.19335046677415
"http://en.wikipedia.org/wiki/Ponce,_Puerto_Rico", 70.54905350018304
"http://en.wikipedia.org/wiki/Jos%C3%A9_de_San_Mart%C3%ADn", 70.22468831767834
"http://en.wikipedia.org/wiki/Carlism", 70.22468831767834
"http://en.wikipedia.org/wiki/List_of_Puerto_Ricans", 69.57142120441284
"http://en.wikipedia.org/wiki/Revolt_of_the_Comuneros", 69.24247647178144
"http://en.wikipedia.org/wiki/Romanticism", 69.24247647178144
"http://en.wikipedia.org/wiki/Manuel_Jos%C3%A9_Quintana", 68.62708954454385
"http://en.wikipedia.org/wiki/Pope_Francis", 68.57985379856073
"http://en.wikipedia.org/wiki/Mexico", 68.57985379856073
"http://en.wikipedia.org/wiki/Guanajuato", 68.57985379856073
"http://en.wikipedia.org/wiki/Spanish_literature", 68.24612990181453
"http://en.wikipedia.org/wiki/Antoni_Gaud%C3%AD", 68.24612990181453
"http://en.wikipedia.org/wiki/Rub%C3%A9n_Dar%C3%ADo", 67.91076605457135
"http://en.wikipedia.org/wiki/Colombia", 67.5737378399486
"http://en.wikipedia.org/wiki/Chiapas", 67.5737378399486
"http://en.wikipedia.org/wiki/Galicia_(Spain)", 67.23502022908508
"http://en.wikipedia.org/wiki/Mexican_Army", 66.89458755944952
"http://en.wikipedia.org/wiki/Hispanism", 66.55241351215024
"http://en.wikipedia.org/wiki/Spanish_Enlightenment_literature", 66.55241351215024
"http://en.wikipedia.org/wiki/History_of_Chile", 66.20847108818944
"http://en.wikipedia.org/wiki/Spanish_conquest_of_Pet%C3%A9n", 65.86273258360144
"http://en.wikipedia.org/wiki/Constitution_of_Argentina_of_1853", 65.51516956341007
"http://en.wikipedia.org/wiki/Augusto_Pinochet", 65.51516956341007
"http://en.wikipedia.org/wiki/Quer%C3%A9taro,_Quer%C3%A9taro", 65.51516956341007
"http://en.wikipedia.org/wiki/Guadalupe_Victoria", 65.51516956341007
"http://en.wikipedia.org/wiki/List_of_Cuban_writers", 65.51516956341007
"http://en.wikipedia.org/wiki/Spanish_Constitution_of_1812", 65.16575283433586
"http://en.wikipedia.org/wiki/Miguel_Hidalgo_y_Costilla", 65.16575283433586
"http://en.wikipedia.org/wiki/Gulf_Cartel", 64.81445241617901
"http://en.wikipedia.org/wiki/Michael_Servetus", 64.81445241617901
"http://en.wikipedia.org/wiki/Mexican_ceramics", 64.46123751179861
"http://en.wikipedia.org/wiki/Sonora_Matancera", 64.46123751179861
"http://en.wikipedia.org/wiki/Belize", 64.46123751179861
"http://en.wikipedia.org/wiki/Hispanics_in_the_American_Civil_War", 64.10607647560323
"http://en.wikipedia.org/wiki/Republic_of_Yucat%C3%A1n", 64.10607647560323
"http://en.wikipedia.org/wiki/Xalapa", 63.02858668672515
"http://en.wikipedia.org/wiki/Latin_American_culture", 63.02858668672515
"http://en.wikipedia.org/wiki/Celebration_of_Mexican_political_anniversaries_in_2010", 63.02858668672515
"http://en.wikipedia.org/wiki/Ricardo_Lancaster-Jones_y_Verea", 62.66530650423252
"http://en.wikipedia.org/wiki/Institutional_Revolutionary_Party", 62.29990801608608
"http://en.wikipedia.org/wiki/Spanish_immigration_to_Puerto_Rico", 61.93235372853324
"http://en.wikipedia.org/wiki/Cajem%C3%A9", 61.93235372853324
"http://en.wikipedia.org/wiki/Cruz_Azul", 61.93235372853324
"http://en.wikipedia.org/wiki/France_national_football_team", 61.56260502853614
"http://en.wikipedia.org/wiki/National_Art_Schools_(Cuba)", 61.56260502853614
"http://en.wikipedia.org/wiki/Michoac%C3%A1n", 61.19062213642644
"http://en.wikipedia.org/wiki/Chiquititas", 61.19062213642644
"http://en.wikipedia.org/wiki/Isle%C3%B1o", 61.19062213642644
"http://en.wikipedia.org/wiki/Am%C3%A9rica_de_Cali", 61.19062213642644
"http://en.wikipedia.org/wiki/Chiapas_conflict", 61.19062213642644
"http://en.wikipedia.org/wiki/La_Academia", 60.816364055953734
"http://en.wikipedia.org/wiki/Timeline_of_the_Mexican_Drug_War", 60.816364055953734
"http://en.wikipedia.org/wiki/Timba", 60.816364055953734
"http://en.wikipedia.org/wiki/Mesoamerica", 60.43978852154994
"http://en.wikipedia.org/wiki/Miami_Marlins", 60.43978852154994
"http://en.wikipedia.org/wiki/Campeche", 60.43978852154994
"http://en.wikipedia.org/wiki/Los_Zetas", 60.43978852154994
"http://en.wikipedia.org/wiki/Cinema_of_Mexico", 60.43978852154994
"http://en.wikipedia.org/wiki/Caste_War_of_Yucat%C3%A1n", 60.06085194261783
"http://en.wikipedia.org/wiki/Enrique_del_Moral", 60.06085194261783
"http://en.wikipedia.org/wiki/List_of_Stateside_Puerto_Ricans", 60.06085194261783
"http://en.wikipedia.org/wiki/Santa_Cruz_de_Tenerife", 59.67950934463552
"http://en.wikipedia.org/wiki/Rojos_del_%C3%81guila_de_Veracruz", 59.295714306852034
"http://en.wikipedia.org/wiki/Atlante_F.C.", 59.295714306852034
"http://en.wikipedia.org/wiki/List_of_heads_of_state_of_Argentina", 59.295714306852034
"http://en.wikipedia.org/wiki/Flag_of_Mexico", 59.295714306852034
"http://en.wikipedia.org/wiki/Ana_B%C3%A1rbara", 59.295714306852034
"http://en.wikipedia.org/wiki/Yucat%C3%A1n", 59.295714306852034
"http://en.wikipedia.org/wiki/Club_Am%C3%A9rica", 59.295714306852034
"http://en.wikipedia.org/wiki/L%C3%A1zaro_C%C3%A1rdenas", 58.90941889632927
"http://en.wikipedia.org/wiki/Las_Palmas", 58.90941889632927
"http://en.wikipedia.org/wiki/Chan_Santa_Cruz", 58.90941889632927
"http://en.wikipedia.org/wiki/LGBT_rights_in_Mexico", 58.90941889632927
"http://en.wikipedia.org/wiki/National_University_of_La_Plata", 58.520573598065276
"http://en.wikipedia.org/wiki/Dolphy", 58.520573598065276
"http://en.wikipedia.org/wiki/FBI_Ten_Most_Wanted_Fugitives,_2000s", 58.520573598065276
"http://en.wikipedia.org/wiki/Mexican_general_election,_2006", 58.520573598065276
"http://en.wikipedia.org/wiki/Roman_conquest_of_Hispania", 58.520573598065276
"http://en.wikipedia.org/wiki/Demographics_of_Mexico", 58.520573598065276
"http://en.wikipedia.org/wiki/Vicente_Fox", 58.520573598065276
"http://en.wikipedia.org/wiki/M%C3%A9rida,_Yucat%C3%A1n", 58.520573598065276
"http://en.wikipedia.org/wiki/Irreligion_in_Mexico", 58.12912724091043
"http://en.wikipedia.org/wiki/Antonio_C%C3%A1rdenas_Guill%C3%A9n", 58.12912724091043
"http://en.wikipedia.org/wiki/Jos%C3%A9_Mart%C3%AD_and_the_First_International_American_Conference", 58.12912724091043
"http://en.wikipedia.org/wiki/Boxing_in_the_2010s", 57.73502691896258
"http://en.wikipedia.org/wiki/Hurricane_Alex_(2010)", 57.73502691896258
"http://en.wikipedia.org/wiki/Joaqu%C3%ADn_Guzm%C3%A1n_Loera", 57.73502691896258
"http://en.wikipedia.org/wiki/La_familia_P._Luche", 57.73502691896258
"http://en.wikipedia.org/wiki/The_Colossus_(painting)", 57.73502691896258
"http://en.wikipedia.org/wiki/Carlos_Vela", 57.73502691896258
"http://en.wikipedia.org/wiki/President_of_Argentina", 57.73502691896258
"http://en.wikipedia.org/wiki/Club_Universidad_Nacional", 57.33821790809959
"http://en.wikipedia.org/wiki/Jose_Canseco", 57.33821790809959
"http://en.wikipedia.org/wiki/Discos_Qualiton", 57.33821790809959
"http://en.wikipedia.org/wiki/Jaime_Lusinchi", 57.33821790809959
"http://en.wikipedia.org/wiki/El_Hijo_del_Santo", 57.33821790809959
"http://en.wikipedia.org/wiki/Shane_Mosley", 57.33821790809959
"http://en.wikipedia.org/wiki/Leonese_dialect", 57.33821790809959
"http://en.wikipedia.org/wiki/H%C3%A9ctor_Lavoe", 57.33821790809959
"http://en.wikipedia.org/wiki/List_of_beneficiaries_of_immigration/nationality-related_United_States_Private_Bills/Laws", 57.33821790809959
"http://en.wikipedia.org/wiki/Territorial_evolution_of_Mexico", 56.938643577276146
"http://en.wikipedia.org/wiki/Beaker_culture", 56.938643577276146
"http://en.wikipedia.org/wiki/Hurricane_Gert_(1993)", 56.938643577276146
"http://en.wikipedia.org/wiki/Se%C3%B1orita_Panam%C3%A1", 56.938643577276146
"http://en.wikipedia.org/wiki/Movement_for_Socialism_%E2%80%93_Political_Instrument_for_the_Sovereignty_of_the_Peoples", 56.938643577276146
"http://en.wikipedia.org/wiki/Tl%C3%A1huac", 56.53624529417806
"http://en.wikipedia.org/wiki/Rub%C3%AD", 56.53624529417806
"http://en.wikipedia.org/wiki/Mexican_people", 56.53624529417806
"http://en.wikipedia.org/wiki/Orleans_(band)", 56.53624529417806
"http://en.wikipedia.org/wiki/Fruela_D%C3%ADaz", 56.53624529417806
"http://en.wikipedia.org/wiki/Mexican_Air_Force", 56.53624529417806
"http://en.wikipedia.org/wiki/Sport_in_Mexico", 56.53624529417806
"http://en.wikipedia.org/wiki/Larreynaga", 56.3436169819011
"http://en.wikipedia.org/wiki/Osiel_C%C3%A1rdenas_Guill%C3%A9n", 56.13096232478871
"http://en.wikipedia.org/wiki/Baja_California_Sur", 56.13096232478871
"http://en.wikipedia.org/wiki/Club_Olimpia", 56.13096232478871
"http://en.wikipedia.org/wiki/TV_Ilegal", 55.722731726381
"http://en.wikipedia.org/wiki/Valdeca%C3%B1as_de_Cerrato", 55.722731726381
"http://en.wikipedia.org/wiki/Recognition_of_same-sex_unions_in_Mexico", 55.31148823340054
"http://en.wikipedia.org/wiki/Von_Ormy,_Texas", 55.31148823340054
"http://en.wikipedia.org/wiki/Yuri_Foreman", 55.31148823340054
"http://en.wikipedia.org/wiki/Petroleros_de_Minatitl%C3%A1n", 55.31148823340054
"http://en.wikipedia.org/wiki/Argentine_presidential_elections,_1862%E2%80%931910", 55.31148823340054
"http://en.wikipedia.org/wiki/Club_Sport_Emelec", 55.31148823340054
"http://en.wikipedia.org/wiki/Politics_of_Mexico", 55.31148823340054
"http://en.wikipedia.org/wiki/Liga_MX", 54.89716413565445
"http://en.wikipedia.org/wiki/Heroic_Military_Academy_(Mexico)", 54.89716413565445
"http://en.wikipedia.org/wiki/Eurovision_Song_Contest_1981", 54.89716413565445
"http://en.wikipedia.org/wiki/Miguel_de_Azcu%C3%A9naga", 54.89716413565445
"http://en.wikipedia.org/wiki/Triunfo_del_Amor_(telenovela)", 54.89716413565445
"http://en.wikipedia.org/wiki/Juan_Manuel_M%C3%A1rquez", 54.89716413565445
"http://en.wikipedia.org/wiki/Miguel_Cotto_vs._Antonio_Margarito", 54.479689148162045
"http://en.wikipedia.org/wiki/List_of_boxing_triple_champions", 54.058990271958876
"http://en.wikipedia.org/wiki/Millonarios_F%C3%BAtbol_Club", 54.058990271958876
"http://en.wikipedia.org/wiki/Hurricane_Janet", 54.058990271958876
"http://en.wikipedia.org/wiki/The_Amazing_Race_en_Discovery_Channel_1", 54.058990271958876
"http://en.wikipedia.org/wiki/Recoleta,_Buenos_Aires", 54.058990271958876
"http://en.wikipedia.org/wiki/2012_Vuelta_a_Espa%C3%B1a,_Stage_1_to_Stage_11", 53.63499164507367
"http://en.wikipedia.org/wiki/El_%C3%81ngel", 53.63499164507367
"http://en.wikipedia.org/wiki/Charlie_Palmieri", 53.63499164507367
"http://en.wikipedia.org/wiki/1965_in_baseball", 53.63499164507367
"http://en.wikipedia.org/wiki/Jos%C3%A9_Mar%C3%ADa_Morelos", 53.63499164507367
"http://en.wikipedia.org/wiki/List_of_Puerto_Rican_boxing_world_champions", 53.63499164507367
"http://en.wikipedia.org/wiki/Great_Britain_at_the_2008_Summer_Paralympics", 53.63499164507367
"http://en.wikipedia.org/wiki/Quintana_Island", 53.45224838248488
"http://en.wikipedia.org/wiki/Jimmy_Osmond", 53.207614382816516
"http://en.wikipedia.org/wiki/Capture_of_Mazatl%C3%A1n", 53.207614382816516
"http://en.wikipedia.org/wiki/Club_Atl%C3%A9tico_Atlanta", 53.207614382816516
"http://en.wikipedia.org/wiki/Te%C3%B3filo_Herrera_Su%C3%A1rez", 53.207614382816516
"http://en.wikipedia.org/wiki/Manuel_Quintana", 53.03300858899106
"http://en.wikipedia.org/wiki/Mexican_Grand_Prix", 52.776776406425974
"http://en.wikipedia.org/wiki/C%C3%A9sar_Isella", 52.776776406425974
"http://en.wikipedia.org/wiki/Real_Oviedo", 52.776776406425974
"http://en.wikipedia.org/wiki/LVN_Pictures", 52.776776406425974
"http://en.wikipedia.org/wiki/Hurricane_Dolly_(2008)", 52.776776406425974
"http://en.wikipedia.org/wiki/Olmecas_de_Tabasco", 52.776776406425974
"http://en.wikipedia.org/wiki/Economy_of_Hispania", 52.342392259021366
"http://en.wikipedia.org/wiki/Loreto,_Baja_California_Sur", 52.342392259021366
"http://en.wikipedia.org/wiki/Saraperos_de_Saltillo", 52.342392259021366
"http://en.wikipedia.org/wiki/Voodoo_Experience", 52.342392259021366
"http://en.wikipedia.org/wiki/Musikfest", 51.90437290769092
"http://en.wikipedia.org/wiki/List_of_politicians_killed_in_the_Mexican_Drug_War", 51.90437290769092
"http://en.wikipedia.org/wiki/Tourism_in_Mexico", 51.90437290769092
"http://en.wikipedia.org/wiki/F%C3%A9lix_Berenguer_de_Marquina", 51.90437290769092
"http://en.wikipedia.org/wiki/Canc%C3%BAn", 51.90437290769092
"http://en.wikipedia.org/wiki/Don_Ameche", 51.90437290769092
"http://en.wikipedia.org/wiki/Viva_el_Pr%C3%ADncipe", 51.90437290769092
"http://en.wikipedia.org/wiki/Juan_D%C3%ADaz_(boxer)", 51.90437290769092
"http://en.wikipedia.org/wiki/Tormenta_en_el_para%C3%ADso", 51.90437290769092
"http://en.wikipedia.org/wiki/Andre_Berto", 51.90437290769092
"http://en.wikipedia.org/wiki/Spanish_poetry", 51.462625530417874
"http://en.wikipedia.org/wiki/Freemasonry_in_Mexico", 51.462625530417874
"http://en.wikipedia.org/wiki/Sabadell", 51.462625530417874
"http://en.wikipedia.org/wiki/2010_in_the_Philippines", 51.462625530417874
"http://en.wikipedia.org/wiki/July_2", 51.462625530417874
"http://en.wikipedia.org/wiki/Big_Brother_M%C3%A9xico", 51.462625530417874
"http://en.wikipedia.org/wiki/California_Institution_for_Men", 51.462625530417874
"http://en.wikipedia.org/wiki/Jazzamoart", 51.462625530417874
"http://en.wikipedia.org/wiki/Neo-Taino_nations", 51.462625530417874
"http://en.wikipedia.org/wiki/Hurricane_Ida_(2009)", 51.462625530417874
"http://en.wikipedia.org/wiki/John_Stevens_(translator)", 51.462625530417874
"http://en.wikipedia.org/wiki/Indigenous_peoples_of_Mexico", 51.462625530417874
"http://en.wikipedia.org/wiki/Huehuetenango_Department", 51.462625530417874
"http://en.wikipedia.org/wiki/Juan_Nicasio_Gallego", 51.03103630798288
"http://en.wikipedia.org/wiki/Ancestors_of_the_Counts_of_Siruela", 51.01705328640019
"http://en.wikipedia.org/wiki/List_of_people_from_Madrid", 51.01705328640019
"http://en.wikipedia.org/wiki/Amy,_la_ni%C3%B1a_de_la_mochila_azul", 51.01705328640019
"http://en.wikipedia.org/wiki/Rector_Magnificus_of_the_University_of_Santo_Tomas", 51.01705328640019
"http://en.wikipedia.org/wiki/Chetumal,_Quintana_Roo", 51.01705328640019
"http://en.wikipedia.org/wiki/List_of_journalists_killed_in_Mexico", 51.01705328640019
"http://en.wikipedia.org/wiki/Voseo", 51.01705328640019
"http://en.wikipedia.org/wiki/Guillermo_Prieto", 51.01705328640019
"http://en.wikipedia.org/wiki/Nate_Campbell", 51.01705328640019
"http://en.wikipedia.org/wiki/Julio_Argentino_Roca", 51.01705328640019
"http://en.wikipedia.org/wiki/List_of_Maya_sites", 51.01705328640019
"http://en.wikipedia.org/wiki/Afrancesado", 51.01705328640019
"http://en.wikipedia.org/wiki/Leopoldo_Lugones", 50.567555068153894
"http://en.wikipedia.org/wiki/Juan_de_Acu%C3%B1a,_2nd_Marquis_of_Casa_Fuerte", 50.567555068153894
"http://en.wikipedia.org/wiki/Pante%C3%B3n_de_Dolores", 50.567555068153894
"http://en.wikipedia.org/wiki/Deportes_Tolima", 50.567555068153894
"http://en.wikipedia.org/wiki/Carmen_Maura", 50.567555068153894
"http://en.wikipedia.org/wiki/Rafael_M%C3%A1rquez_(boxer)", 50.114025233602575
"http://en.wikipedia.org/wiki/Argentine_Revolution_of_1905", 50.114025233602575
"http://en.wikipedia.org/wiki/Centro_Universitario_Anglo_Mexicano", 50.114025233602575
"http://en.wikipedia.org/wiki/List_of_University_of_Santo_Tomas_people", 50.114025233602575
"http://en.wikipedia.org/wiki/Movistar_Team", 50.114025233602575
"http://en.wikipedia.org/wiki/Altamirano,_Quintana_Roo", 49.999999999999986
"http://en.wikipedia.org/wiki/Tekant%C3%B3_Municipality", 49.656353316142074
"http://en.wikipedia.org/wiki/Canada_at_the_2011_Pan_American_Games", 49.656353316142074
"http://en.wikipedia.org/wiki/Sampiro", 49.656353316142074
"http://en.wikipedia.org/wiki/List_of_people_on_banknotes", 49.656353316142074
"http://en.wikipedia.org/wiki/Escuadr%C3%B3n_201", 49.656353316142074
"http://en.wikipedia.org/wiki/Rainbow_runner", 49.656353316142074
"http://en.wikipedia.org/wiki/Nuestra_Belleza_M%C3%A9xico_2007", 49.194423710425895
"http://en.wikipedia.org/wiki/Battle_of_Maip%C3%BA", 49.194423710425895
"http://en.wikipedia.org/wiki/Eduard_Ladislas_Kaunitz,_baron_von_Holmberg", 49.194423710425895
"http://en.wikipedia.org/wiki/Gonzalo_O%27Farrill_y_Herrera", 49.194423710425895
"http://en.wikipedia.org/wiki/Alfredo_Angulo", 49.194423710425895
"http://en.wikipedia.org/wiki/Real_Academia_Espa%C3%B1ola", 49.194423710425895
"http://en.wikipedia.org/wiki/Hasta_Que_el_Dinero_Nos_Separe", 49.194423710425895
"http://en.wikipedia.org/wiki/Sport_in_Colombia", 49.194423710425895
"http://en.wikipedia.org/wiki/Instituto_Polit%C3%A9cnico_Nacional", 48.728115331339175
"http://en.wikipedia.org/wiki/Jos%C3%A9_Jacinto_Milan%C3%A9s", 48.728115331339175
"http://en.wikipedia.org/wiki/Universidad_An%C3%A1huac_M%C3%A9xico_Norte", 48.728115331339175
"http://en.wikipedia.org/wiki/Driver_deaths_in_motorsport", 48.728115331339175
"http://en.wikipedia.org/wiki/List_of_geneticists", 48.728115331339175
"http://en.wikipedia.org/wiki/Roman_Catholic_Archdiocese_of_Yucat%C3%A1n", 48.728115331339175
"http://en.wikipedia.org/wiki/Jos%C3%A9_Mancisidor", 48.728115331339175
"http://en.wikipedia.org/wiki/Same-sex_marriage_in_Mexico_City", 48.728115331339175
"http://en.wikipedia.org/wiki/Saturnino_Manuel_de_Laspiur", 48.69429145822494
"http://en.wikipedia.org/wiki/Nuestra_Belleza_M%C3%A9xico_2000", 48.257301243311055
"http://en.wikipedia.org/wiki/Abr%C3%A1zame_Muy_Fuerte", 48.257301243311055
"http://en.wikipedia.org/wiki/Juan_Donoso_Cort%C3%A9s", 48.257301243311055
"http://en.wikipedia.org/wiki/La_tempestad", 48.257301243311055
"http://en.wikipedia.org/wiki/Marcela_Lobo_Crenier", 48.257301243311055
"http://en.wikipedia.org/wiki/Paulina_Lavista", 48.257301243311055
"http://en.wikipedia.org/wiki/Giovanni_Hidalgo", 48.257301243311055
"http://en.wikipedia.org/wiki/Pennsylvania_Road_Warriors", 48.257301243311055
"http://en.wikipedia.org/wiki/Community_of_Latin_American_and_Caribbean_States", 48.257301243311055
"http://en.wikipedia.org/wiki/Human_rights_violations_during_the_Military_government_of_Chile", 48.257301243311055
"http://en.wikipedia.org/wiki/Joaqu%C3%ADn_V._Gonz%C3%A1lez", 48.257301243311055
"http://en.wikipedia.org/wiki/Jos%C3%A9_Cotto", 48.257301243311055
"http://en.wikipedia.org/wiki/Second_presidency_of_Carlos_Andr%C3%A9s_P%C3%A9rez", 48.257301243311055
"http://en.wikipedia.org/wiki/Relaciones_Peligrosas", 48.257301243311055
"http://en.wikipedia.org/wiki/Jos%C3%A9_Mar%C3%ADa_Morales", 47.78184825674966
"http://en.wikipedia.org/wiki/List_of_WBO_world_champions", 47.78184825674966
"http://en.wikipedia.org/wiki/Juan_Cayetano_G%C3%B3mez_de_Portugal_y_Sol%C3%ADs", 47.78184825674966
"http://en.wikipedia.org/wiki/Libungan,_Cotabato", 47.78184825674966
"http://en.wikipedia.org/wiki/Rub%C3%A9n_L%C3%B3pez_Sabariego", 47.78184825674966
"http://en.wikipedia.org/wiki/L_Legislature_of_the_Mexican_Congress", 47.78184825674966
"http://en.wikipedia.org/wiki/Nuestra_Belleza_M%C3%A9xico_1994", 47.78184825674966
"http://en.wikipedia.org/wiki/Amor_a_Palos", 47.78184825674966
"http://en.wikipedia.org/wiki/Esteban_Conde", 47.78184825674966
"http://en.wikipedia.org/wiki/List_of_Spanish_settlers_from_the_U.S._Hispanic_colonies", 47.30161648796402
"http://en.wikipedia.org/wiki/Italian_immigration_to_Mexico", 47.30161648796402
"http://en.wikipedia.org/wiki/Manuel_Aguilar_Chac%C3%B3n", 47.30161648796402
"http://en.wikipedia.org/wiki/Marco_Avellaneda", 47.30161648796402
"http://en.wikipedia.org/wiki/2011%E2%80%9312_CE_Sabadell_FC_season", 47.30161648796402
"http://en.wikipedia.org/wiki/Tizim%C3%ADn_Municipality", 47.30161648796402
"http://en.wikipedia.org/wiki/Quintana_Roo", 47.30161648796402
"http://en.wikipedia.org/wiki/Mar%C3%ADa_de_los_Remedios_de_Escalada", 47.30161648796402
"http://en.wikipedia.org/wiki/List_of_castles_in_Spain", 47.30161648796402
"http://en.wikipedia.org/wiki/Adriano_Gonz%C3%A1lez_Le%C3%B3n", 47.30161648796402
"http://en.wikipedia.org/wiki/Portugu%C3%A9s", 47.30161648796402
"http://en.wikipedia.org/wiki/Chalcuchimac", 46.95879262851852
"http://en.wikipedia.org/wiki/Pontevedra_CF", 46.816458878452224
"http://en.wikipedia.org/wiki/Hurricane_Ernesto_(2012)", 46.816458878452224
"http://en.wikipedia.org/wiki/University_of_Buenos_Aires", 46.816458878452224
"http://en.wikipedia.org/wiki/Jos%C3%A9_Figueroa_Alcorta", 46.66282626286914
"http://en.wikipedia.org/wiki/Barranca_Yaco", 46.529006583079415
"http://en.wikipedia.org/wiki/Galician_Nationalist_Bloc", 46.326220668873766
"http://en.wikipedia.org/wiki/WFUN-LD", 46.326220668873766
"http://en.wikipedia.org/wiki/Cristian_Mijares", 46.326220668873766
"http://en.wikipedia.org/wiki/Nuestra_Belleza_M%C3%A9xico_1997", 46.326220668873766
"http://en.wikipedia.org/wiki/Nuestra_Belleza_M%C3%A9xico_1998", 46.326220668873766
"http://en.wikipedia.org/wiki/Javier_Torres_F%C3%A9lix", 46.326220668873766
"http://en.wikipedia.org/wiki/Ni%C3%B1os_Ricos,_Pobres_Padres", 46.326220668873766
"http://en.wikipedia.org/wiki/Mario_Quintana", 46.326220668873766
"http://en.wikipedia.org/wiki/Felipe_Carrillo_Puerto", 45.98136268408881
"http://en.wikipedia.org/wiki/Alex_de_Jes%C3%BAs", 45.830738822372986
"http://en.wikipedia.org/wiki/Manuel_Savio", 45.830738822372986
"http://en.wikipedia.org/wiki/Academia_Mexicana_de_Genealog%C3%ADa_y_Her%C3%A1ldica", 45.830738822372986
"http://en.wikipedia.org/wiki/1857_in_poetry", 45.830738822372986
"http://en.wikipedia.org/wiki/Haplogroup_U_(mtDNA)", 45.830738822372986
"http://en.wikipedia.org/wiki/1857", 45.830738822372986
"http://en.wikipedia.org/wiki/Mexican_general_election,_2000", 45.830738822372986
"http://en.wikipedia.org/wiki/Altamirano", 45.79054698896255
"http://en.wikipedia.org/wiki/Juli%C3%A1n_Bourdeu", 45.61715527618234
"http://en.wikipedia.org/wiki/Dendrimer", 45.329841391162454
"http://en.wikipedia.org/wiki/Mennonites_in_Mexico", 45.329841391162454
"http://en.wikipedia.org/wiki/Sin_Dejar_Huella", 45.19967646663161
"http://en.wikipedia.org/wiki/The_Absentee_(film)", 44.89436352114809
"http://en.wikipedia.org/wiki/Province_of_Las_Palmas", 44.82334681939005
"http://en.wikipedia.org/wiki/Donato_Guerra,_State_of_Mexico", 44.82334681939005
"http://en.wikipedia.org/wiki/Current_members_of_the_Plurinational_Legislative_Assembly", 44.82334681939005
"http://en.wikipedia.org/wiki/Anxo_Quintana", 44.82334681939005
"http://en.wikipedia.org/wiki/Yucat%C3%A1n_Peninsula", 44.82334681939005
"http://en.wikipedia.org/wiki/Regular_Batasang_Pambansa", 44.82334681939005
"http://en.wikipedia.org/wiki/Telediario", 44.82334681939005
"http://en.wikipedia.org/wiki/Calle_luna,_Calle_sol", 44.82334681939005
"http://en.wikipedia.org/wiki/Territories_of_Mexico", 44.721359549995796
"http://en.wikipedia.org/wiki/List_of_sister_cities_in_Florida", 44.31106317427628
"http://en.wikipedia.org/wiki/Chamber_of_Deputies_of_Chile", 44.31106317427628
"http://en.wikipedia.org/wiki/Index_of_Chile-related_articles", 44.31106317427628
"http://en.wikipedia.org/wiki/Rom%C3%A1n_Gonz%C3%A1lez_(boxer)", 44.31106317427628
"http://en.wikipedia.org/wiki/Enga%C3%B1ada", 44.31106317427628
"http://en.wikipedia.org/wiki/Amar_en_tiempos_revueltos", 44.31106317427628
"http://en.wikipedia.org/wiki/Likar_Ramos_Concha", 44.18894343490791
"http://en.wikipedia.org/wiki/List_of_Major_League_Baseball_players_from_Puerto_Rico", 43.79278729628981
"http://en.wikipedia.org/wiki/Susana", 43.79278729628981
"http://en.wikipedia.org/wiki/2009%E2%80%9310_Mexican_Primera_Divisi%C3%B3n_season", 43.79278729628981
"http://en.wikipedia.org/wiki/Public_housing_in_Puerto_Rico", 43.79278729628981
"http://en.wikipedia.org/wiki/Robert_Xavier_Rodriguez", 43.79278729628981
"http://en.wikipedia.org/wiki/2011%E2%80%9312_FC_Bayern_Munich_season", 43.79278729628981
"http://en.wikipedia.org/wiki/Delta_Air_Lines_destinations", 43.79278729628981
"http://en.wikipedia.org/wiki/La_Recoleta_Cemetery", 43.79278729628981
"http://en.wikipedia.org/wiki/Christian_Meier", 43.26830385769081
"http://en.wikipedia.org/wiki/Daniel_Ponce_de_Le%C3%B3n", 43.26830385769081
"http://en.wikipedia.org/wiki/Monagas_Sport_Club", 43.26830385769081
"http://en.wikipedia.org/wiki/Andr%C3%A9s_Quintana_Roo", 43.26830385769081
"http://en.wikipedia.org/wiki/King_of_the_Mountains", 43.26830385769081
"http://en.wikipedia.org/wiki/List_of_Atari_2600_games", 43.26830385769081
"http://en.wikipedia.org/wiki/Yvonne_Domenge", 43.26830385769081
"http://en.wikipedia.org/wiki/Macias", 42.88450139351179
"http://en.wikipedia.org/wiki/Rancho_San_Bernardo_(Canet)", 42.76994613841508
"http://en.wikipedia.org/wiki/Club_Atl%C3%A9tico_Platense", 42.73738431706882
"http://en.wikipedia.org/wiki/2011%E2%80%9312_Mexican_Primera_Divisi%C3%B3n_season", 42.73738431706882
"http://en.wikipedia.org/wiki/Ovidio_Lagos", 42.73738431706882
"http://en.wikipedia.org/wiki/Apertura_2012_Copa_MX", 42.73738431706882
"http://en.wikipedia.org/wiki/SD_Ponferradina", 42.73738431706882
"http://en.wikipedia.org/wiki/Academia_del_Perpetuo_Socorro", 42.73738431706882
"http://en.wikipedia.org/wiki/Solemn_Act_of_the_Declaration_of_Independence_of_Northern_America", 42.58487410561024
"http://en.wikipedia.org/wiki/Federal_Republican_Party_of_Las_Villas", 42.3207369515159
"http://en.wikipedia.org/wiki/Oscar_Villal%C3%B3n", 42.199785755477706
"http://en.wikipedia.org/wiki/Libertarian_Movement_(Costa_Rica)", 42.199785755477706
"http://en.wikipedia.org/wiki/1906", 42.199785755477706
"http://en.wikipedia.org/wiki/%C3%81ngel_Custodio_Quintana", 42.199785755477706
"http://en.wikipedia.org/wiki/Astronomy_in_Chile", 42.199785755477706
"http://en.wikipedia.org/wiki/Cambio_de_Piel", 42.199785755477706
"http://en.wikipedia.org/wiki/Jos%C3%A9_Mar%C3%ADa_Valderas_Mart%C3%ADnez", 42.199785755477706
"http://en.wikipedia.org/wiki/2011_Volta_a_Catalunya", 42.199785755477706
"http://en.wikipedia.org/wiki/La_Due%C3%B1a_(Mexico)", 42.199785755477706
"http://en.wikipedia.org/wiki/George_Quaintance", 42.199785755477706
"http://en.wikipedia.org/wiki/Amado_Aguirre_Santiago", 42.1637021355784
"http://en.wikipedia.org/wiki/2013%E2%80%9314_Liga_MX_season", 41.65524957735337
"http://en.wikipedia.org/wiki/List_of_Galician_people", 41.65524957735337
"http://en.wikipedia.org/wiki/2012%E2%80%9313_Liga_MX_season", 41.65524957735337
"http://en.wikipedia.org/wiki/Premio_Adon%C3%A1is_de_Poes%C3%ADa", 41.65524957735337
"http://en.wikipedia.org/wiki/Mis_3_Hermanas", 41.10350005650343
"http://en.wikipedia.org/wiki/List_of_Guggenheim_Fellowships_awarded_in_2002", 41.10350005650343
"http://en.wikipedia.org/wiki/1857_in_literature", 41.10350005650343
"http://en.wikipedia.org/wiki/2013_Copa_Libertadores_second_stage", 41.10350005650343
"http://en.wikipedia.org/wiki/Deaths_in_July_2009", 41.10350005650343
"http://en.wikipedia.org/wiki/Governor_of_Tamaulipas", 41.10350005650343
"http://en.wikipedia.org/wiki/David_Rodriguez_(boxer)", 41.10350005650343
"http://en.wikipedia.org/wiki/1772_in_literature", 41.10350005650343
"http://en.wikipedia.org/wiki/Sandra_Mar%C3%ADa_Esteves", 41.10350005650343
"http://en.wikipedia.org/wiki/List_of_people_on_stamps_of_Brazil", 41.10350005650343
"http://en.wikipedia.org/wiki/Susana_Seivane", 41.10350005650343
"http://en.wikipedia.org/wiki/Symphonic_Orchestra_and_Chorus_of_the_Secretariat_of_the_Navy_of_Mexico", 41.10350005650343
"http://en.wikipedia.org/wiki/Same-sex_marriage_in_Quintana_Roo", 40.58397249567138
"http://en.wikipedia.org/wiki/Antena_3_Radio", 40.54424270396916
"http://en.wikipedia.org/wiki/Carche", 40.54424270396916
"http://en.wikipedia.org/wiki/2012%E2%80%9313_UD_Almer%C3%ADa_season", 40.54424270396916
"http://en.wikipedia.org/wiki/List_of_stakes_of_The_Church_of_Jesus_Christ_of_Latter-day_Saints", 40.54424270396916
"http://en.wikipedia.org/wiki/1986_Ibero-American_Championships_in_Athletics", 40.54424270396916
"http://en.wikipedia.org/wiki/National_Autonomist_Party", 40.54424270396916
"http://en.wikipedia.org/wiki/Primera_Divisi%C3%B3n_de_M%C3%A9xico_Clausura_2007", 40.54424270396916
"http://en.wikipedia.org/wiki/2011%E2%80%9312_Cruz_Azul_season", 40.54424270396916
"http://en.wikipedia.org/wiki/List_of_Chile-related_topics", 40.54424270396916
"http://en.wikipedia.org/wiki/George_Enrique_Herbert", 40.23739080814782
"http://en.wikipedia.org/wiki/Estadio_Victoria", 40.02761477719328
"http://en.wikipedia.org/wiki/Clausura_2013_Copa_MX", 39.97716243033934
"http://en.wikipedia.org/wiki/Manuel_Crescencio_Rej%C3%B3n_International_Airport", 39.97716243033934
"http://en.wikipedia.org/wiki/Ministry_of_Economy_and_Finance_(Spain)", 39.97716243033934
"http://en.wikipedia.org/wiki/El_Cerrato", 39.97716243033934
"http://en.wikipedia.org/wiki/Index_of_chess_articles", 39.97716243033934
"http://en.wikipedia.org/wiki/List_of_2011_Pan_American_Games_medal_winners", 39.97716243033934
"http://en.wikipedia.org/wiki/Tepache,_Sonora", 39.97716243033934
"http://en.wikipedia.org/wiki/List_of_foreign_La_Liga_players", 39.97716243033934
"http://en.wikipedia.org/wiki/List_of_scientific_publications_by_Manuel_Iturralde-Vinent", 39.97716243033934
"http://en.wikipedia.org/wiki/Caf%C3%A9_La_Biela", 39.67460238079361
"http://en.wikipedia.org/wiki/Progreso,_Yucat%C3%A1n", 39.40192146996278
"http://en.wikipedia.org/wiki/ONEFA", 39.40192146996278
"http://en.wikipedia.org/wiki/2009_Primera_Divisi%C3%B3n_de_M%C3%A9xico_Clausura", 39.40192146996278
"http://en.wikipedia.org/wiki/Luis_Miguel_Tour", 39.40192146996278
"http://en.wikipedia.org/wiki/Legislative_districts_of_Quezon", 39.40192146996278
"http://en.wikipedia.org/wiki/Phi_Delta_Gamma", 39.40192146996278
"http://en.wikipedia.org/wiki/List_of_conga_players", 39.40192146996278
"http://en.wikipedia.org/wiki/List_of_beaches", 39.40192146996278
"http://en.wikipedia.org/wiki/Index_of_Argentina-related_articles", 39.40192146996278
"http://en.wikipedia.org/wiki/Cuba_at_the_2004_Summer_Olympics", 39.40192146996278
"http://en.wikipedia.org/wiki/List_of_Mexico%27s_37_most-wanted_drug_lords", 39.40192146996278
"http://en.wikipedia.org/wiki/Manahan", 39.37496154790789
"http://en.wikipedia.org/wiki/Secuestro_diab%C3%B3lico", 39.2232270276368
"http://en.wikipedia.org/wiki/Amado_Cortez", 38.8181570282322
"http://en.wikipedia.org/wiki/Pilar_Gonz%C3%A1lez_de_Gregorio,_13th_Duchess_of_Fernandina", 38.8181570282322
"http://en.wikipedia.org/wiki/Marco_Antonio_Perib%C3%A1n", 38.8181570282322
"http://en.wikipedia.org/wiki/List_of_teams_and_cyclists_in_the_2013_Tour_de_France", 38.8181570282322
"http://en.wikipedia.org/wiki/Latin_Grammy_Award_for_Best_Rock_Song", 38.8181570282322
"http://en.wikipedia.org/wiki/Philippine_Senate_election,_1992", 38.8181570282322
"http://en.wikipedia.org/wiki/List_of_motor_racing_tracks", 38.8181570282322
"http://en.wikipedia.org/wiki/2012_Tercera_Divisi%C3%B3n_play-offs", 38.8181570282322
"http://en.wikipedia.org/wiki/2011%E2%80%9312_C.F._Monterrey_season", 38.8181570282322
"http://en.wikipedia.org/wiki/La_Intrusa_(Venezuelan_telenovela)", 38.663230087833355
"http://en.wikipedia.org/wiki/Serenata_en_M%C3%A9xico", 38.5376246654031
"http://en.wikipedia.org/wiki/Bandido_(2004_film)", 38.490017945975055
"http://en.wikipedia.org/wiki/Mala_hembra", 38.490017945975055
"http://en.wikipedia.org/wiki/Alejandro_Vela", 38.3779652542219
"http://en.wikipedia.org/wiki/Alberto_N%C3%BA%C3%B1ez_Feij%C3%B3o", 38.28796921210936
"http://en.wikipedia.org/wiki/2010%E2%80%9311_Mexican_Primera_Divisi%C3%B3n_season", 38.22547860539972
"http://en.wikipedia.org/wiki/2010%E2%80%9311_Cruz_Azul_season", 38.22547860539972
"http://en.wikipedia.org/wiki/San_Carlos,_Uruguay", 38.22547860539972
"http://en.wikipedia.org/wiki/Chilean_parliamentary_election,_2005", 38.22547860539972
"http://en.wikipedia.org/wiki/Enrique_Garc%C3%ADa-M%C3%A1iquez", 38.22547860539972
"http://en.wikipedia.org/wiki/Inappropriate_sinus_tachycardia", 38.22547860539972
"http://en.wikipedia.org/wiki/Prince_of_Asturias_Awards", 38.22547860539972
"http://en.wikipedia.org/wiki/Cortulu%C3%A1", 38.22547860539972
"http://en.wikipedia.org/wiki/Operation_Quintana_Roo", 38.22547860539972
"http://en.wikipedia.org/wiki/2011_South_American_Under-17_Football_Championship", 38.22547860539972
"http://en.wikipedia.org/wiki/Academia_Mexicana_de_Artes_y_Ciencias_Cinematogr%C3%A1ficas", 38.22547860539972
"http://en.wikipedia.org/wiki/Second_Federal_Electoral_District_of_Quintana_Roo", 38.069349381344054
"http://en.wikipedia.org/wiki/Huracanes_de_Cozumel", 37.79644730092272
"http://en.wikipedia.org/wiki/2012%E2%80%9313_Club_Santos_Laguna_season", 37.623464940848436
"http://en.wikipedia.org/wiki/Mexico_national_basketball_team", 37.623464940848436
"http://en.wikipedia.org/wiki/Arucas,_Las_Palmas", 37.623464940848436
"http://en.wikipedia.org/wiki/Silverio_Ortiz", 37.623464940848436
"http://en.wikipedia.org/wiki/List_of_Latin_American_writers", 37.623464940848436
"http://en.wikipedia.org/wiki/Calakmul_Municipality", 37.623464940848436
"http://en.wikipedia.org/wiki/First_Ladies_and_Gentlemen_of_Argentina", 37.623464940848436
"http://en.wikipedia.org/wiki/2010%E2%80%9311_ACB_season", 37.623464940848436
"http://en.wikipedia.org/wiki/Tulum_Municipality", 37.623464940848436
"http://en.wikipedia.org/wiki/Escuela_Colombiana_de_Ingenier%C3%ADa", 37.623464940848436
"http://en.wikipedia.org/wiki/2010_Universitario_de_Deportes_season", 37.623464940848436
"http://en.wikipedia.org/wiki/2012%E2%80%9313_Club_Am%C3%A9rica_season", 37.011660509880265
"http://en.wikipedia.org/wiki/List_of_Vice_Presidents_of_Argentina", 37.011660509880265
"http://en.wikipedia.org/wiki/KXEW", 37.011660509880265
"http://en.wikipedia.org/wiki/2011%E2%80%9312_Estudiantes_Tecos_season", 37.011660509880265
"http://en.wikipedia.org/wiki/Cuba_at_the_2011_Pan_American_Games", 37.011660509880265
"http://en.wikipedia.org/wiki/2011%E2%80%9312_Club_Santos_Laguna_season", 37.011660509880265
"http://en.wikipedia.org/wiki/Apertura_2013_Copa_MX", 37.011660509880265
"http://en.wikipedia.org/wiki/2012%E2%80%9313_Atlante_F.C._season", 37.011660509880265
"http://en.wikipedia.org/wiki/Argentine_austral", 36.38957149022243
"http://en.wikipedia.org/wiki/2011%E2%80%9312_Club_Universidad_Nacional_season", 36.38957149022243
"http://en.wikipedia.org/wiki/First_Federal_Electoral_District_of_Quintana_Roo", 36.38957149022243
"http://en.wikipedia.org/wiki/Collipulli", 36.38957149022243
"http://en.wikipedia.org/wiki/Primera_Divisi%C3%B3n_de_M%C3%A9xico_Apertura_2007", 36.38957149022243
"http://en.wikipedia.org/wiki/List_of_stadiums_in_North_America", 36.38957149022243
"http://en.wikipedia.org/wiki/1999%E2%80%932000_Real_Madrid_C.F._season", 36.38957149022243
"http://en.wikipedia.org/wiki/List_of_museums_in_Mexico", 36.38957149022243
"http://en.wikipedia.org/wiki/Pedro_Joaqu%C3%ADn_Coldwell", 36.38957149022243
"http://en.wikipedia.org/wiki/List_of_members_of_the_Real_Academia_Espa%C3%B1ola", 36.38957149022243
"http://en.wikipedia.org/wiki/Chiriguan%C3%A1", 35.94627701808178
"http://en.wikipedia.org/wiki/2012%E2%80%9313_Gimn%C3%A0stic_de_Tarragona_season", 35.75666109671579
"http://en.wikipedia.org/wiki/List_of_mayors_and_chiefs_of_government_of_Buenos_Aires", 35.75666109671579
"http://en.wikipedia.org/wiki/United_Airlines_destinations", 35.75666109671579
"http://en.wikipedia.org/wiki/2012%E2%80%9313_Quer%C3%A9taro_F.C._season", 35.75666109671579
"http://en.wikipedia.org/wiki/Little_Italy", 35.75666109671579
"http://en.wikipedia.org/wiki/2008%E2%80%9309_Segunda_Divisi%C3%B3n_B", 35.75666109671579
"http://en.wikipedia.org/wiki/Galician_parliamentary_election,_2009", 35.75666109671579
"http://en.wikipedia.org/wiki/2012%E2%80%9313_Puebla_F.C._season", 35.75666109671579
"http://en.wikipedia.org/wiki/Luis_Grajeda", 35.75666109671579
"http://en.wikipedia.org/wiki/List_of_Spanish_football_transfers_summer_2013", 35.75666109671579
"http://en.wikipedia.org/wiki/Primera_Divisi%C3%B3n_de_M%C3%A9xico_Clausura_2008", 35.75666109671579
"http://en.wikipedia.org/wiki/2012%E2%80%9313_Club_Tijuana_season", 35.75666109671579
"http://en.wikipedia.org/wiki/2008_Primera_Divisi%C3%B3n_de_M%C3%A9xico_Apertura", 35.75666109671579
"http://en.wikipedia.org/wiki/2011%E2%80%9312_Quer%C3%A9taro_F.C._season", 35.75666109671579
"http://en.wikipedia.org/wiki/2009_World_Baseball_Classic_rosters", 35.75666109671579
"http://en.wikipedia.org/wiki/Spain_at_the_1972_Summer_Olympics", 35.75666109671579
"http://en.wikipedia.org/wiki/Ministry_of_Education_(Chile)", 35.75666109671579
"http://en.wikipedia.org/wiki/List_of_current_Mexican_state_governors", 35.75666109671579
"http://en.wikipedia.org/wiki/2013_ITF_Men%27s_Circuit_(April%E2%80%93June)", 35.75666109671579
"http://en.wikipedia.org/wiki/2011_in_Ecuadorian_football", 35.11234415883917
"http://en.wikipedia.org/wiki/2011%E2%80%9312_Puebla_F.C._season", 35.11234415883917
"http://en.wikipedia.org/wiki/2012%E2%80%9313_C.F._Pachuca_season", 35.11234415883917
"http://en.wikipedia.org/wiki/2011%E2%80%9312_Club_Tijuana_season", 35.11234415883917
"http://en.wikipedia.org/wiki/1986_in_literature", 35.11234415883917
"http://en.wikipedia.org/wiki/List_of_foreign_football_players_in_Super_League_Greece", 35.11234415883917
"http://en.wikipedia.org/wiki/Magic:_The_Gathering_Pro_Tour_season_2012%E2%80%9313", 35.11234415883917
"http://en.wikipedia.org/wiki/2009%E2%80%9310_Segunda_Divisi%C3%B3n_B", 35.11234415883917
"http://en.wikipedia.org/wiki/2011_Copa_Libertadores_Second_Stage", 35.11234415883917
"http://en.wikipedia.org/wiki/2012%E2%80%9313_Club_Le%C3%B3n_season", 35.11234415883917
"http://en.wikipedia.org/wiki/2009%E2%80%9310_UCI_Europe_Tour", 35.11234415883917
"http://en.wikipedia.org/wiki/List_of_country_subdivisions_named_after_people", 35.11234415883917
"http://en.wikipedia.org/wiki/2002%E2%80%9303_Celta_de_Vigo_season", 35.11234415883917
"http://en.wikipedia.org/wiki/List_of_Spanish_football_transfers_winter_2012%E2%80%9313", 35.11234415883917
"http://en.wikipedia.org/wiki/List_of_foreign_S%C3%BCper_Lig_players", 35.11234415883917
"http://en.wikipedia.org/wiki/Abuso_de_confianza", 35.09820590815169
"http://en.wikipedia.org/wiki/2012%E2%80%9313_Club_Atlas_season", 34.4559807852301
"http://en.wikipedia.org/wiki/Chilean_parliamentary_election,_2009", 34.4559807852301
"http://en.wikipedia.org/wiki/Primera_Divisi%C3%B3n_de_M%C3%A9xico_Apertura_2008_Liguilla", 34.4559807852301
"http://en.wikipedia.org/wiki/2010%E2%80%9311_C.F._Monterrey_season", 34.4559807852301
"http://en.wikipedia.org/wiki/2010%E2%80%9311_Club_Necaxa_season", 34.4559807852301
"http://en.wikipedia.org/wiki/2009_in_baseball", 34.4559807852301
"http://en.wikipedia.org/wiki/2003%E2%80%9304_Celta_de_Vigo_season", 34.4559807852301
"http://en.wikipedia.org/wiki/2012%E2%80%9313_Club_Universidad_Nacional_season", 34.4559807852301
"http://en.wikipedia.org/wiki/2012%E2%80%9313_San_Luis_F.C._season", 34.4559807852301
"http://en.wikipedia.org/wiki/2011%E2%80%9312_Deportivo_Toluca_F.C._season", 34.4559807852301
"http://en.wikipedia.org/wiki/2011%E2%80%9312_Club_Am%C3%A9rica_season", 34.4559807852301
"http://en.wikipedia.org/wiki/2011%E2%80%9312_Club_Atlas_season", 34.4559807852301
"http://en.wikipedia.org/wiki/Tom%C3%A1s_Rojas", 34.4559807852301
"http://en.wikipedia.org/wiki/List_of_Provisional_Presidents_of_the_Argentine_Senate", 34.4559807852301
"http://en.wikipedia.org/wiki/2011%E2%80%9312_San_Luis_F.C._season", 34.4559807852301
"http://en.wikipedia.org/wiki/List_of_foreign_Primeira_Liga_players", 34.4559807852301
"http://en.wikipedia.org/wiki/2012%E2%80%9313_C.D._Guadalajara_season", 34.4559807852301
"http://en.wikipedia.org/wiki/Francisco_Melo", 34.4559807852301
"http://en.wikipedia.org/wiki/National_Prize_of_Plastic_Arts_of_Venezuela", 34.4559807852301
"http://en.wikipedia.org/wiki/List_of_Major_League_Baseball_players_from_Venezuela", 34.4559807852301
"http://en.wikipedia.org/wiki/2010%E2%80%9311_C.F._Pachuca_season", 34.4559807852301
"http://en.wikipedia.org/wiki/2011%E2%80%9312_Jaguares_de_Chiapas_season", 34.4559807852301
"http://en.wikipedia.org/wiki/2011%E2%80%9312_Tigres_UANL_season", 34.4559807852301
"http://en.wikipedia.org/wiki/Langreo", 34.4559807852301
"http://en.wikipedia.org/wiki/2012%E2%80%9313_C.F._Monterrey_season", 34.4559807852301
"http://en.wikipedia.org/wiki/7th_FAMAS_Awards", 33.7868689199743
"http://en.wikipedia.org/wiki/List_of_people_from_Cebu", 33.7868689199743
"http://en.wikipedia.org/wiki/2012%E2%80%9313_Jaguares_de_Chiapas_season", 33.7868689199743
"http://en.wikipedia.org/wiki/2011%E2%80%9312_C.D._Guadalajara_season", 33.7868689199743
"http://en.wikipedia.org/wiki/2011%E2%80%9312_Atlante_F.C._season", 33.7868689199743
"http://en.wikipedia.org/wiki/2010%E2%80%9311_Club_Santos_Laguna_season", 33.7868689199743
"http://en.wikipedia.org/wiki/Mario_Rodriguez_(boxer)", 33.7868689199743
"http://en.wikipedia.org/wiki/American_Airlines_destinations", 33.10423554409472
"http://en.wikipedia.org/wiki/List_of_welterweight_boxing_champions", 33.10423554409472
"http://en.wikipedia.org/wiki/2010%E2%80%9311_Monarcas_Morelia_season", 33.10423554409472
"http://en.wikipedia.org/wiki/2000%E2%80%9301_Celta_de_Vigo_season", 33.10423554409472
"http://en.wikipedia.org/wiki/Parliament_of_Galicia", 33.10423554409472
"http://en.wikipedia.org/wiki/2012%E2%80%9313_Deportivo_Toluca_F.C._season", 33.10423554409472
"http://en.wikipedia.org/wiki/Deputies_elected_in_the_Galician_parliamentary_election,_2009", 33.10423554409472
"http://en.wikipedia.org/wiki/Roman_Catholic_Diocese_of_Hu%C3%A1nuco", 32.85021599088021
"http://en.wikipedia.org/wiki/Government_of_the_Constituent_Legislature_of_Spain", 32.83053930987497
"http://en.wikipedia.org/wiki/2012%E2%80%9313_Monarcas_Morelia_season", 32.407226208089504
"http://en.wikipedia.org/wiki/2011%E2%80%9312_C.F._Pachuca_season", 32.407226208089504
"http://en.wikipedia.org/wiki/List_of_cities_in_Texas_by_population", 32.407226208089504
"http://en.wikipedia.org/wiki/Chicago_White_Sox_all-time_roster", 32.407226208089504
"http://en.wikipedia.org/wiki/2010%E2%80%9311_Tigres_UANL_season", 32.407226208089504
"http://en.wikipedia.org/wiki/2010%E2%80%9311_Atlante_F.C._season", 32.407226208089504
"http://en.wikipedia.org/wiki/List_of_association_football_referees", 32.407226208089504
"http://en.wikipedia.org/wiki/List_of_Ambassadors_and_High_Commissioners_to_Canada", 32.407226208089504
"http://en.wikipedia.org/wiki/Seventh_Federal_Electoral_District_of_Chihuahua", 32.407226208089504
"http://en.wikipedia.org/wiki/Adi%C3%B3s_pampa_m%C3%ADa", 31.7999364001908
"http://en.wikipedia.org/wiki/List_of_people_on_stamps_of_Venezuela", 31.694892491467176
"http://en.wikipedia.org/wiki/2010%E2%80%9311_Estudiantes_Tecos_season", 31.694892491467176
"http://en.wikipedia.org/wiki/List_of_2004_Summer_Olympics_medal_winners", 31.694892491467176
"http://en.wikipedia.org/wiki/Lumaco", 31.694892491467176
"http://en.wikipedia.org/wiki/2010%E2%80%9311_C.D._Guadalajara_season", 31.694892491467176
"http://en.wikipedia.org/wiki/Netherlands_at_the_2008_Summer_Paralympics", 31.694892491467176
"http://en.wikipedia.org/wiki/Boston_Red_Sox_all-time_roster", 31.694892491467176
"http://en.wikipedia.org/wiki/Quintana", 31.622776601683793
"http://en.wikipedia.org/wiki/Andahuaylas", 31.62277660168379
"http://en.wikipedia.org/wiki/2010%E2%80%9311_Jaguares_de_Chiapas_season", 30.96617686426662
"http://en.wikipedia.org/wiki/Abanto_y_Ci%C3%A9rbana-Abanto_Zierbena", 30.96617686426662
"http://en.wikipedia.org/wiki/LX_Legislature_of_the_Mexican_Congress", 30.96617686426662
"http://en.wikipedia.org/wiki/2010%E2%80%9311_Quer%C3%A9taro_F.C._season", 30.96617686426662
"http://en.wikipedia.org/wiki/Cantar%C3%A9,_cantar%C3%A1s", 30.96617686426662
"http://en.wikipedia.org/wiki/Prime_Minister_of_Peru", 30.96617686426662
"http://en.wikipedia.org/wiki/List_of_Presidents_of_the_Argentine_Chamber_of_Deputies", 30.96617686426662
"http://en.wikipedia.org/wiki/2013%E2%80%9314_Puebla_F.C._season", 30.96617686426662
"http://en.wikipedia.org/wiki/2012%E2%80%9313_Tigres_UANL_season", 30.96617686426662
"http://en.wikipedia.org/wiki/Andahuaylas_Province", 30.499714066520934
"http://en.wikipedia.org/wiki/2010%E2%80%9311_San_Luis_F.C._season", 30.21989426077497
"http://en.wikipedia.org/wiki/List_of_Minor_League_Baseball_leagues_and_teams", 30.21989426077497
"http://en.wikipedia.org/wiki/Cuba_at_the_2003_Pan_American_Games", 30.21989426077497
"http://en.wikipedia.org/wiki/List_of_Mexican_records_in_swimming", 30.21989426077497
"http://en.wikipedia.org/wiki/Germany_at_the_2008_Summer_Paralympics", 30.21989426077497
"http://en.wikipedia.org/wiki/2012%E2%80%9313_in_Uruguayan_football", 30.21989426077497
"http://en.wikipedia.org/wiki/List_of_Galicians", 30.21989426077497
"http://en.wikipedia.org/wiki/2010%E2%80%9311_Club_Universidad_Nacional_season", 30.21989426077497
"http://en.wikipedia.org/wiki/2010%E2%80%9311_Deportivo_Toluca_season", 29.454709448164635
"http://en.wikipedia.org/wiki/List_of_airports_by_IATA_code:_C", 29.454709448164635
"http://en.wikipedia.org/wiki/List_of_Argentine_Primera_Divisi%C3%B3n_transfers_July%E2%80%93August_2010", 29.454709448164635
"http://en.wikipedia.org/wiki/List_of_football_stadiums_in_Mexico", 29.454709448164635
"http://en.wikipedia.org/wiki/2010%E2%80%9311_Club_Atlas_season", 29.454709448164635
"http://en.wikipedia.org/wiki/2010%E2%80%9311_Puebla_F.C._season", 29.454709448164635
"http://en.wikipedia.org/wiki/List_of_Spanish_architects", 29.454709448164635
"http://en.wikipedia.org/wiki/Texas_locations_by_per_capita_income", 29.454709448164635
"http://en.wikipedia.org/wiki/2012_Copa_Sudamericana_preliminary_stages", 29.454709448164635
"http://en.wikipedia.org/wiki/Football_at_the_1968_Summer_Olympics_%E2%80%93_Men%27s_team_squads", 29.454709448164635
"http://en.wikipedia.org/wiki/8th_Goya_Awards", 29.454709448164635
"http://en.wikipedia.org/wiki/MexicanaLink_destinations", 29.08872369413698
"http://en.wikipedia.org/wiki/List_of_Mexican_films_of_1965", 28.867513459481287
"http://en.wikipedia.org/wiki/Aviacsa_destinations", 28.867513459481287
"http://en.wikipedia.org/wiki/Galician_parliamentary_election,_2005", 28.708462588160728
"http://en.wikipedia.org/wiki/Second_Vice_President_(Spain)", 28.6691089540498
"http://en.wikipedia.org/wiki/Spain_at_the_2005_Mediterranean_Games", 28.669108954049793
"http://en.wikipedia.org/wiki/Tunk%C3%A1s_Municipality", 28.669108954049793
"http://en.wikipedia.org/wiki/List_of_Brazilian_writers", 28.669108954049793
"http://en.wikipedia.org/wiki/LXII_Legislature_of_the_Mexican_Congress", 28.669108954049793
"http://en.wikipedia.org/wiki/Calderitas,_Quintana_Roo", 28.669108954049793
"http://en.wikipedia.org/wiki/Vuelta_a_Burgos", 28.669108954049793
"http://en.wikipedia.org/wiki/2011%E2%80%9312_Tercera_Divisi%C3%B3n", 28.669108954049793
"http://en.wikipedia.org/wiki/Gitano_(Rolando_Villaz%C3%B3n_album)", 28.49881999516386
"http://en.wikipedia.org/wiki/MexicanaClick_destinations", 28.379026190424135
"http://en.wikipedia.org/wiki/Artistic_gymnastics_at_the_2006_Central_American_and_Caribbean_Games", 28.284271247461902
"http://en.wikipedia.org/wiki/List_of_programs_broadcast_by_Antena_3", 27.8613658631905
"http://en.wikipedia.org/wiki/Uruguay_at_the_1999_Pan_American_Games", 27.8613658631905
"http://en.wikipedia.org/wiki/List_of_airports_by_IATA_code:_P", 27.8613658631905
"http://en.wikipedia.org/wiki/List_of_airports_by_ICAO_code:_M", 27.8613658631905
"http://en.wikipedia.org/wiki/List_of_hospitals_in_Mexico", 27.8613658631905
"http://en.wikipedia.org/wiki/List_of_the_busiest_airports_in_Mexico", 27.8613658631905
"http://en.wikipedia.org/wiki/Spain_at_the_1976_Summer_Olympics", 27.8613658631905
"http://en.wikipedia.org/wiki/List_of_state_leaders_in_1906", 27.8613658631905
"http://en.wikipedia.org/wiki/Uruguay_at_the_2007_Pan_American_Games", 27.8613658631905
"http://en.wikipedia.org/wiki/2010%E2%80%9311_Club_Am%C3%A9rica_season", 27.8613658631905
"http://en.wikipedia.org/wiki/Volaris_destinations", 27.8613658631905
"http://en.wikipedia.org/wiki/List_of_chess_grandmasters", 27.8613658631905
"http://en.wikipedia.org/wiki/Sud_Am%C3%A9rica", 27.8613658631905
"http://en.wikipedia.org/wiki/Karate_at_the_1999_Pan_American_Games", 27.572339728950375
"http://en.wikipedia.org/wiki/ALMA_de_M%C3%A9xico_destinations", 27.17084896643914
"http://en.wikipedia.org/wiki/List_of_television_presenters", 27.029495135979438
"http://en.wikipedia.org/wiki/Governor_of_Quintana_Roo", 26.56844656620286
"http://en.wikipedia.org/wiki/Biathlon_World_Championships_2012_%E2%80%93_Men%27s_sprint", 26.171196129510683
"http://en.wikipedia.org/wiki/List_of_municipalities_in_the_state_of_S%C3%A3o_Paulo_by_population", 26.171196129510683
"http://en.wikipedia.org/wiki/Athletics_at_the_2005_ALBA_Games", 26.171196129510683
"http://en.wikipedia.org/wiki/List_of_state_leaders_in_1904", 26.171196129510683
"http://en.wikipedia.org/wiki/Patriotas_de_C%C3%B3rdoba", 26.171196129510683
"http://en.wikipedia.org/wiki/List_of_Cuban_painters", 26.171196129510683
"http://en.wikipedia.org/wiki/Biathlon_World_Championships_2013_%E2%80%93_Men%27s_relay", 26.171196129510683
"http://en.wikipedia.org/wiki/List_of_Olympic_medalists_for_Cuba", 26.171196129510683
"http://en.wikipedia.org/wiki/Aerom%C3%A9xico_destinations", 26.171196129510683
"http://en.wikipedia.org/wiki/2010_Ibero-American_Championships_in_Athletics_%E2%80%93_Results", 25.283777534076947
"http://en.wikipedia.org/wiki/Biathlon_World_Championships_2012_%E2%80%93_Men%27s_individual", 25.283777534076947
"http://en.wikipedia.org/wiki/List_of_airports_in_Mexico", 25.283777534076947
"http://en.wikipedia.org/wiki/Archery_at_the_2011_Pan_American_Games_%E2%80%93_Men%27s_individual", 25.283777534076947
"http://en.wikipedia.org/wiki/List_of_male_boxers", 25.283777534076947
"http://en.wikipedia.org/wiki/Archery_at_the_2011_Pan_American_Games_%E2%80%93_Men%27s_team", 25.283777534076947
"http://en.wikipedia.org/wiki/1991_FIFA_World_Youth_Championship_squads", 25.283777534076947
"http://en.wikipedia.org/wiki/Gymnastics_at_the_2007_Pan_American_Games", 25.283777534076947
"http://en.wikipedia.org/wiki/Area_codes_in_Mexico_by_code_(900-999)", 25.283777534076947
"http://en.wikipedia.org/wiki/Biathlon_World_Championships_2013_%E2%80%93_Men%27s_individual", 25.283777534076947
"http://en.wikipedia.org/wiki/List_of_municipalities_of_Brazil", 25.283777534076947
"http://en.wikipedia.org/wiki/Biathlon_World_Championships_2013_%E2%80%93_Men%27s_sprint", 25.283777534076947
"http://en.wikipedia.org/wiki/Vivaaerobus.com_destinations", 24.999999999999993
"http://en.wikipedia.org/wiki/List_of_Colombians", 24.364057665669588
"http://en.wikipedia.org/wiki/List_of_mayors_of_Girona", 24.364057665669588
"http://en.wikipedia.org/wiki/List_of_Portuguese-language_authors", 24.364057665669588
"http://en.wikipedia.org/wiki/List_of_members_of_the_European_Academy_of_Sciences_and_Arts", 24.364057665669588
"http://en.wikipedia.org/wiki/List_of_state_leaders_in_1905", 24.364057665669588
"http://en.wikipedia.org/wiki/2012_FIVB_Volleyball_World_League_squads", 24.364057665669588
"http://en.wikipedia.org/wiki/1997_FIFA_World_Youth_Championship_squads", 24.364057665669588
"http://en.wikipedia.org/wiki/Andahuaylas_District", 24.152294576982396
"http://en.wikipedia.org/wiki/List_of_Brazilian_poets", 23.570226039551585
"http://en.wikipedia.org/wiki/Guatemalan_Chess_Championship", 23.452078799117146
"http://en.wikipedia.org/wiki/1930_FIFA_World_Cup_squads", 23.408229439226112
"http://en.wikipedia.org/wiki/List_of_stadiums_in_Mexico", 23.408229439226112
"http://en.wikipedia.org/wiki/Area_codes_in_Mexico_by_code_(600-699)", 23.408229439226112
"http://en.wikipedia.org/wiki/Interjet_destinations", 22.941573387056174
"http://en.wikipedia.org/wiki/Wheelchair_basketball_at_the_2008_Summer_Paralympics_%E2%80%93_Men", 22.411673409695027
"http://en.wikipedia.org/wiki/List_of_municipalities_in_S%C3%A3o_Paulo", 22.411673409695027
"http://en.wikipedia.org/wiki/LVI_Legislature_of_the_Mexican_Congress", 21.36869215853441
"http://en.wikipedia.org/wiki/List_of_transfers_of_Segunda_Divisi%C3%B3n_%E2%80%93_2005%E2%80%9306_season", 21.36869215853441
"http://en.wikipedia.org/wiki/1999_Copa_Am%C3%A9rica_squads", 21.36869215853441
"http://en.wikipedia.org/wiki/Wheelchair_basketball_at_the_2008_Summer_Paralympics_%E2%80%93_Women", 20.27212135198458
"http://en.wikipedia.org/wiki/Wrestling_at_the_2006_Central_American_and_Caribbean_Games", 20.25478734167333
"http://en.wikipedia.org/wiki/Club_Proyecto_Tecamachalco", 19.77527376584118
"http://en.wikipedia.org/wiki/List_of_riders_in_the_2013_UCI_World_Tour", 19.11273930269986
"http://en.wikipedia.org/wiki/2007_South_American_Under-17_Football_Championship_squads", 16.55211777204736
