"http://en.wikipedia.org/wiki/British_literature", 76.72076608954768
"http://en.wikipedia.org/wiki/History_of_Scotland", 71.30489594448623
"http://en.wikipedia.org/wiki/Scotland_in_the_Early_Modern_Era", 69.65860086956589
"http://en.wikipedia.org/wiki/Jean-Jacques_Rousseau", 68.59038817655846
"http://en.wikipedia.org/wiki/Allan_Ramsay", 66.95340634119863
"http://en.wikipedia.org/wiki/Armenian_Genocide", 66.8773043689894
"http://en.wikipedia.org/wiki/Gertrude_Stein", 66.56109784878434
"http://en.wikipedia.org/wiki/Art_of_the_United_Kingdom", 66.4024299285948
"http://en.wikipedia.org/wiki/Abolitionism", 65.76393019557099
"http://en.wikipedia.org/wiki/Sinking_of_the_RMS_Lusitania", 65.60333427772122
"http://en.wikipedia.org/wiki/David_Hume", 65.60333427772122
"http://en.wikipedia.org/wiki/Robert_Burns", 65.11917021211131
"http://en.wikipedia.org/wiki/Alec_Douglas-Home", 64.79438429591657
"http://en.wikipedia.org/wiki/George_Chalmers_(artist)", 64.75761258027333
"http://en.wikipedia.org/wiki/Ancient_history", 64.63137929731515
"http://en.wikipedia.org/wiki/Scotland_in_the_modern_era", 64.46796214756533
"http://en.wikipedia.org/wiki/James_Crichton-Browne", 64.13987878561132
"http://en.wikipedia.org/wiki/Charles_James_Fox", 64.13987878561132
"http://en.wikipedia.org/wiki/Star_Trek:_The_Motion_Picture", 64.13987878561132
"http://en.wikipedia.org/wiki/Prisoner_characters_%E2%80%93_inmates", 63.81010858638236
"http://en.wikipedia.org/wiki/Allan_Octavian_Hume", 63.31223277191701
"http://en.wikipedia.org/wiki/National_Liberal_Club", 63.145401829047685
"http://en.wikipedia.org/wiki/Scottish_literature", 62.978128947583045
"http://en.wikipedia.org/wiki/Battle_of_France", 62.978128947583045
"http://en.wikipedia.org/wiki/Portrait_of_an_African", 62.62242910851494
"http://en.wikipedia.org/wiki/Theatre_of_Scotland", 62.4736231260673
"http://en.wikipedia.org/wiki/Reculver", 62.4736231260673
"http://en.wikipedia.org/wiki/The_Gentle_Shepherd", 62.40036305771396
"http://en.wikipedia.org/wiki/List_of_Wizards_of_Waverly_Place_characters", 62.30454670475011
"http://en.wikipedia.org/wiki/Francis_Hutcheson_(philosopher)", 62.30454670475011
"http://en.wikipedia.org/wiki/Edinburgh", 62.13501020898674
"http://en.wikipedia.org/wiki/Allan_Ramsay_(portrait_painter_born_1959)", 61.94521210170792
"http://en.wikipedia.org/wiki/William_Thomson_(musicologist)", 61.93235372853323
"http://en.wikipedia.org/wiki/M%C3%A1el_%C3%8Dsa_%C3%93_Raghallaigh", 61.79143806533246
"http://en.wikipedia.org/wiki/Pierre_Trudeau", 61.28029260376762
"http://en.wikipedia.org/wiki/List_of_Judicial_Committee_of_the_Privy_Council_cases_originating_in_Canada,_1930%E2%80%931939", 61.28029260376762
"http://en.wikipedia.org/wiki/William_McGonagall", 61.10791450532308
"http://en.wikipedia.org/wiki/Romanticism_in_Scotland", 60.93504877142851
"http://en.wikipedia.org/wiki/Elizabeth_Canning", 60.93504877142851
"http://en.wikipedia.org/wiki/Hugh_Trenchard,_1st_Viscount_Trenchard", 60.761691240146284
"http://en.wikipedia.org/wiki/The_Select_Society", 60.48583789091339
"http://en.wikipedia.org/wiki/Ower_Bogie", 60.44705248269891
"http://en.wikipedia.org/wiki/Jacobite_risings", 60.06325779300404
"http://en.wikipedia.org/wiki/Norwegian_Campaign", 59.88737671909965
"http://en.wikipedia.org/wiki/Charleston,_South_Carolina", 59.88737671909965
"http://en.wikipedia.org/wiki/George_III_of_the_United_Kingdom", 59.88737671909965
"http://en.wikipedia.org/wiki/Carlops", 59.76143046671969
"http://en.wikipedia.org/wiki/Clyde_F.C.", 59.71097758270131
"http://en.wikipedia.org/wiki/Allan_Ramsay_(poet)", 59.71097758270131
"http://en.wikipedia.org/wiki/Theatre_of_the_United_Kingdom", 59.71097758270131
"http://en.wikipedia.org/wiki/History_of_the_England_national_football_team", 59.71097758270131
"http://en.wikipedia.org/wiki/Military_history_of_Nova_Scotia", 59.71097758270131
"http://en.wikipedia.org/wiki/Airship", 59.53405577875872
"http://en.wikipedia.org/wiki/Scottish_art", 59.35660663359095
"http://en.wikipedia.org/wiki/List_of_fictional_books", 59.35660663359095
"http://en.wikipedia.org/wiki/Modern_Scots", 59.178625403445714
"http://en.wikipedia.org/wiki/British_Army_during_the_Victorian_Era", 59.178625403445714
"http://en.wikipedia.org/wiki/Opera_in_Scotland", 58.82104735393911
"http://en.wikipedia.org/wiki/Supermarine_Spitfire_operational_history", 58.82104735393911
"http://en.wikipedia.org/wiki/List_of_Neighbours_characters_(2007)", 58.82104735393911
"http://en.wikipedia.org/wiki/Nebulae_in_fiction", 58.64144068319642
"http://en.wikipedia.org/wiki/Music_of_Scotland", 58.64144068319642
"http://en.wikipedia.org/wiki/Battle_of_Belgium", 58.64144068319642
"http://en.wikipedia.org/wiki/Susanna_Montgomery,_Countess_of_Eglinton", 58.461282221546796
"http://en.wikipedia.org/wiki/Miser", 58.461282221546796
"http://en.wikipedia.org/wiki/Battle_of_Monte_Cassino", 58.461282221546796
"http://en.wikipedia.org/wiki/Scottish_independence_referendum,_2014", 58.461282221546796
"http://en.wikipedia.org/wiki/Princess_Charlotte_of_Wales", 58.461282221546796
"http://en.wikipedia.org/wiki/Bernard_Hale", 58.29286622243913
"http://en.wikipedia.org/wiki/Scots_language", 58.28056685185757
"http://en.wikipedia.org/wiki/Joseph_Van_Aken", 58.16750507471109
"http://en.wikipedia.org/wiki/Robert_Sempill_the_younger", 58.1489033776973
"http://en.wikipedia.org/wiki/Hawker_Hurricane", 58.099289377412674
"http://en.wikipedia.org/wiki/Newmilns", 58.099289377412674
"http://en.wikipedia.org/wiki/We_Shall_Overcome", 58.099289377412674
"http://en.wikipedia.org/wiki/BBC_television_drama", 57.917444520168836
"http://en.wikipedia.org/wiki/Indian_natural_history", 57.917444520168836
"http://en.wikipedia.org/wiki/Miscellany", 57.73502691896258
"http://en.wikipedia.org/wiki/Pibroch", 57.552031127665956
"http://en.wikipedia.org/wiki/Alexander_Bayne", 57.550863684466336
"http://en.wikipedia.org/wiki/Old_Calton_Cemetery", 57.368451613289416
"http://en.wikipedia.org/wiki/Phan_Boi_Chau", 57.368451613289416
"http://en.wikipedia.org/wiki/The_Beggar%27s_Opera", 57.368451613289416
"http://en.wikipedia.org/wiki/Don%27t_Look_Now", 57.18428275402978
"http://en.wikipedia.org/wiki/History_of_Blackpool_F.C._(1887%E2%80%931962)", 57.18428275402978
"http://en.wikipedia.org/wiki/Literature_in_early_modern_Scotland", 57.18428275402978
"http://en.wikipedia.org/wiki/The_Amazing_Race", 57.18428275402978
"http://en.wikipedia.org/wiki/Joshua_Reynolds", 57.18428275402978
"http://en.wikipedia.org/wiki/Waffen-SS", 56.99951883726146
"http://en.wikipedia.org/wiki/Sir_Alexander_Lindsay,_3rd_Baronet", 56.83985600588052
"http://en.wikipedia.org/wiki/List_of_Tales_of_the_Unexpected_episodes", 56.81415405746901
"http://en.wikipedia.org/wiki/Philadelphia_Flyers", 56.62818251411855
"http://en.wikipedia.org/wiki/List_of_Old_Falconians", 56.62818251411855
"http://en.wikipedia.org/wiki/Lossiemouth", 56.62818251411855
"http://en.wikipedia.org/wiki/Historiography_of_the_United_States", 56.62818251411855
"http://en.wikipedia.org/wiki/Lucius_Lloyd", 56.61385170722978
"http://en.wikipedia.org/wiki/Ontario_general_election,_2003", 56.441598209466214
"http://en.wikipedia.org/wiki/Paul_Robinson_(Neighbours)", 56.441598209466214
"http://en.wikipedia.org/wiki/List_of_Royal_Military_College_of_Canada_people", 56.2543950463012
"http://en.wikipedia.org/wiki/Samuel_Croxall", 56.2543950463012
"http://en.wikipedia.org/wiki/Magdalene_College,_Cambridge", 55.878107244235764
"http://en.wikipedia.org/wiki/Mount_Ramsay", 55.80998206737443
"http://en.wikipedia.org/wiki/Banknotes_of_the_pound_sterling", 55.68900989230111
"http://en.wikipedia.org/wiki/1966", 55.68900989230111
"http://en.wikipedia.org/wiki/William_Hamilton_(Jacobite_poet)", 55.684604638970455
"http://en.wikipedia.org/wiki/Chariot_racing", 55.49926825077344
"http://en.wikipedia.org/wiki/Gordon_Ramsay", 55.49926825077344
"http://en.wikipedia.org/wiki/It%27s_Showtime_(variety_show)", 55.49926825077344
"http://en.wikipedia.org/wiki/Burning_of_the_Parliament_Buildings_in_Montreal", 55.49926825077344
"http://en.wikipedia.org/wiki/List_of_museums_in_Somerset", 55.30887568878802
"http://en.wikipedia.org/wiki/Scottish_Canadian", 55.30887568878802
"http://en.wikipedia.org/wiki/List_of_Neighbours_characters_(2013)", 55.30887568878802
"http://en.wikipedia.org/wiki/Canterbury_Cathedral", 55.30887568878802
"http://en.wikipedia.org/wiki/List_of_Neighbours_characters_(2006)", 55.30887568878802
"http://en.wikipedia.org/wiki/Robert_Scott_(engraver)", 55.21576303742327
"http://en.wikipedia.org/wiki/Timeline_of_Edinburgh_history", 55.117825460955046
"http://en.wikipedia.org/wiki/Battle_of_Sedan_(1940)", 55.117825460955046
"http://en.wikipedia.org/wiki/Literature_of_Northern_Ireland", 55.117825460955046
"http://en.wikipedia.org/wiki/Heartbeat_(series_6%E2%80%9310)", 55.117825460955046
"http://en.wikipedia.org/wiki/An_Enquiry_Concerning_Human_Understanding", 55.117825460955046
"http://en.wikipedia.org/wiki/Australian_Vaccination_Network", 54.926110704571116
"http://en.wikipedia.org/wiki/Jacobite_rising_of_1745", 54.73372443674285
"http://en.wikipedia.org/wiki/Scottish_Enlightenment", 54.73372443674285
"http://en.wikipedia.org/wiki/List_of_poets", 54.540659551419054
"http://en.wikipedia.org/wiki/Carter-Campbell_of_Possil", 54.540659551419054
"http://en.wikipedia.org/wiki/Charlotte_of_Mecklenburg-Strelitz", 54.540659551419054
"http://en.wikipedia.org/wiki/List_of_Neighbours_characters_(2004)", 54.34690881632823
"http://en.wikipedia.org/wiki/List_of_Star_Trek_characters_(A%E2%80%93F)", 54.34690881632823
"http://en.wikipedia.org/wiki/ABC_Afterschool_Special", 54.15246486981727
"http://en.wikipedia.org/wiki/Scottish_people", 54.15246486981727
"http://en.wikipedia.org/wiki/Walter_Bedell_Smith", 54.15246486981727
"http://en.wikipedia.org/wiki/Erinsborough", 53.957320217587636
"http://en.wikipedia.org/wiki/St_Chad%27s_College", 53.957320217587636
"http://en.wikipedia.org/wiki/Great_Depression_in_Canada", 53.957320217587636
"http://en.wikipedia.org/wiki/The_Flashman_Papers", 53.957320217587636
"http://en.wikipedia.org/wiki/Crown_of_Queen_Adelaide", 53.94490624751247
"http://en.wikipedia.org/wiki/Ulster_Scots_dialects", 53.761467229325035
"http://en.wikipedia.org/wiki/Holyrood_Palace", 53.761467229325035
"http://en.wikipedia.org/wiki/Scottish_National_Antarctic_Expedition", 53.761467229325035
"http://en.wikipedia.org/wiki/Sweet_William%27s_Ghost", 53.708615552957475
"http://en.wikipedia.org/wiki/Violence_in_sports", 53.564898135218066
"http://en.wikipedia.org/wiki/V-1_flying_bomb", 53.564898135218066
"http://en.wikipedia.org/wiki/Fanny_Cradock", 53.564898135218066
"http://en.wikipedia.org/wiki/James_Arbuckle", 53.45224838248488
"http://en.wikipedia.org/wiki/2010_in_American_television", 53.36760502236151
"http://en.wikipedia.org/wiki/Escape_from_New_York", 53.36760502236151
"http://en.wikipedia.org/wiki/Barony_of_Ladyland", 53.169579831039506
"http://en.wikipedia.org/wiki/Royal_Company_of_Archers", 53.169579831039506
"http://en.wikipedia.org/wiki/David_Wilkie_(artist)", 53.169579831039506
"http://en.wikipedia.org/wiki/1770_in_Canada", 52.999894000318
"http://en.wikipedia.org/wiki/List_of_Neighbours_characters_(2005)", 52.97081435088364
"http://en.wikipedia.org/wiki/84th_Regiment_of_Foot_(Royal_Highland_Emigrants)", 52.97081435088364
"http://en.wikipedia.org/wiki/John_Burgoyne", 52.77130021690084
"http://en.wikipedia.org/wiki/Operation_Tonga", 52.77130021690084
"http://en.wikipedia.org/wiki/The_Food_Wife", 52.77130021690084
"http://en.wikipedia.org/wiki/Clan_Mackay", 52.77130021690084
"http://en.wikipedia.org/wiki/Music_in_early_modern_Scotland", 52.77130021690084
"http://en.wikipedia.org/wiki/Archibald_Campbell,_3rd_Duke_of_Argyll", 52.766596682846576
"http://en.wikipedia.org/wiki/Collection_of_Old_Ballads", 52.55003592910881
"http://en.wikipedia.org/wiki/Outline_of_Flashman", 52.36999172957043
"http://en.wikipedia.org/wiki/Doric_dialect_(Scotland)", 52.36999172957043
"http://en.wikipedia.org/wiki/Marquand_Park", 52.35208439728777
"http://en.wikipedia.org/wiki/Lord_Sherard_Manners", 52.32681184722836
"http://en.wikipedia.org/wiki/List_of_people_from_Brighton_and_Hove", 52.168179835430074
"http://en.wikipedia.org/wiki/Rupert_Downes", 52.168179835430074
"http://en.wikipedia.org/wiki/James_Van_Allen", 52.168179835430074
"http://en.wikipedia.org/wiki/Art_in_early_modern_Scotland", 52.168179835430074
"http://en.wikipedia.org/wiki/The_Man_with_two_Mistresses", 52.15655772201576
"http://en.wikipedia.org/wiki/Aberdeen_Student_Show", 51.96558419693047
"http://en.wikipedia.org/wiki/Horace_Robertson", 51.96558419693047
"http://en.wikipedia.org/wiki/Australian_Constitutional_Convention_1998", 51.96558419693047
"http://en.wikipedia.org/wiki/University_of_Chicago", 51.96558419693047
"http://en.wikipedia.org/wiki/Culture_of_Baltimore", 51.76219561141865
"http://en.wikipedia.org/wiki/Dunkirk_evacuation", 51.76219561141865
"http://en.wikipedia.org/wiki/Sir_John_Callender,_1st_Baronet", 51.71478129752811
"http://en.wikipedia.org/wiki/David_Allan_(painter)", 51.69201850699907
"http://en.wikipedia.org/wiki/Floral_clock", 51.60156871153361
"http://en.wikipedia.org/wiki/Felling_mine_disaster", 51.558004694724815
"http://en.wikipedia.org/wiki/List_of_British_Muslims", 51.558004694724815
"http://en.wikipedia.org/wiki/Social_Democratic_League_of_America", 51.558004694724815
"http://en.wikipedia.org/wiki/Castle_and_Barony_of_Robertland", 51.558004694724815
"http://en.wikipedia.org/wiki/Baroque_music_of_the_British_Isles", 51.558004694724815
"http://en.wikipedia.org/wiki/Auld_Lang_Syne", 51.558004694724815
"http://en.wikipedia.org/wiki/Queen%27s_College,_London", 51.35300187611006
"http://en.wikipedia.org/wiki/Legitimacy_(law)", 51.35300187611006
"http://en.wikipedia.org/wiki/Dalhousie_University", 51.35300187611006
"http://en.wikipedia.org/wiki/Battle_of_Dunkirk", 51.14717739303178
"http://en.wikipedia.org/wiki/Clan_Ramsay", 51.14717739303178
"http://en.wikipedia.org/wiki/Nitrous_oxide", 51.14717739303178
"http://en.wikipedia.org/wiki/London_Victoria_station", 51.14717739303178
"http://en.wikipedia.org/wiki/2013_in_the_United_Kingdom", 51.14717739303178
"http://en.wikipedia.org/wiki/Eat_Bulaga!", 50.940521285718695
"http://en.wikipedia.org/wiki/List_of_Freedom_of_the_City_recipients", 50.940521285718695
"http://en.wikipedia.org/wiki/Harry_Flashman", 50.940521285718695
"http://en.wikipedia.org/wiki/Breast_implant", 50.73302339154703
"http://en.wikipedia.org/wiki/List_of_sportspeople_who_died_during_their_careers", 50.73302339154703
"http://en.wikipedia.org/wiki/Portrait_painting_in_Scotland", 50.73302339154703
"http://en.wikipedia.org/wiki/List_of_Freemasons_(A_-_D)", 50.73302339154703
"http://en.wikipedia.org/wiki/Glasvegas", 50.52467333920879
"http://en.wikipedia.org/wiki/The_Amazing_Race_Philippines_1", 50.52467333920879
"http://en.wikipedia.org/wiki/6th_Armoured_Division_(South_Africa)", 50.52467333920879
"http://en.wikipedia.org/wiki/Andrew_Fisher", 50.52467333920879
"http://en.wikipedia.org/wiki/1979", 50.52467333920879
"http://en.wikipedia.org/wiki/Rugby_sevens", 50.52467333920879
"http://en.wikipedia.org/wiki/Fettesian-Lorettonian_Club", 50.42919242141264
"http://en.wikipedia.org/wiki/Gilbertfield_Castle", 50.39526306789697
"http://en.wikipedia.org/wiki/List_of_American_Civil_War_brevet_generals_(Union)", 50.31546054266276
"http://en.wikipedia.org/wiki/Records_of_members_of_parliament_of_the_United_Kingdom", 50.1053741948581
"http://en.wikipedia.org/wiki/The_Water_Is_Wide_(song)", 50.1053741948581
"http://en.wikipedia.org/wiki/British_Union_of_Fascists", 50.1053741948581
"http://en.wikipedia.org/wiki/Comedy_Bang!_Bang!", 50.1053741948581
"http://en.wikipedia.org/wiki/Telephone_exchange_names", 50.1053741948581
"http://en.wikipedia.org/wiki/2009_in_Australia", 50.1053741948581
"http://en.wikipedia.org/wiki/Steven_Berkoff", 50.1053741948581
"http://en.wikipedia.org/wiki/Margaret_Lindsay_Ramsay", 49.99999999999999
"http://en.wikipedia.org/wiki/Royal_Medal", 49.894403261220084
"http://en.wikipedia.org/wiki/Francis_Leggatt_Chantrey", 49.894403261220084
"http://en.wikipedia.org/wiki/Scottish_art_in_the_nineteenth_century", 49.894403261220084
"http://en.wikipedia.org/wiki/1686_in_poetry", 49.81167541368988
"http://en.wikipedia.org/wiki/1722_in_poetry", 49.79959839195493
"http://en.wikipedia.org/wiki/Scottish_Conservative_Party_leadership_election,_2011", 49.682536472886994
"http://en.wikipedia.org/wiki/List_of_Scots", 49.682536472886994
"http://en.wikipedia.org/wiki/Philip_Reinagle", 49.679825949604314
"http://en.wikipedia.org/wiki/Nicholas_Hardinge", 49.651563699220766
"http://en.wikipedia.org/wiki/Luckenbooths", 49.469762319686204
"http://en.wikipedia.org/wiki/William_Aikman_(painter)", 49.25606904283718
"http://en.wikipedia.org/wiki/Pastoral_pipes", 49.25606904283718
"http://en.wikipedia.org/wiki/Robert_Fergusson", 49.25606904283718
"http://en.wikipedia.org/wiki/University_of_Stirling", 49.25606904283718
"http://en.wikipedia.org/wiki/Alan_McNicoll", 49.25606904283718
"http://en.wikipedia.org/wiki/List_of_Duke_University_people", 49.25606904283718
"http://en.wikipedia.org/wiki/Robert_George_Wardlaw_Ramsay", 49.16891718944416
"http://en.wikipedia.org/wiki/Jeremiah_Theus", 49.0414446273684
"http://en.wikipedia.org/wiki/LNER_Class_A4", 49.0414446273684
"http://en.wikipedia.org/wiki/Pepper_Steiger", 48.825876794234205
"http://en.wikipedia.org/wiki/Winfield_Scott_Schley", 48.825876794234205
"http://en.wikipedia.org/wiki/Prince_Michael_of_Kent", 48.825876794234205
"http://en.wikipedia.org/wiki/The_Facts_in_the_Case_of_M._Valdemar", 48.825876794234205
"http://en.wikipedia.org/wiki/Dinah_Craik", 48.712230044745475
"http://en.wikipedia.org/wiki/Irvine_Welsh", 48.609352992117024
"http://en.wikipedia.org/wiki/James_Thomson_(poet)", 48.609352992117024
"http://en.wikipedia.org/wiki/Ashurst_Wood", 48.609352992117024
"http://en.wikipedia.org/wiki/Gawsworth_Old_Hall", 48.609352992117024
"http://en.wikipedia.org/wiki/William_Hamilton_(poet)", 48.428058736275716
"http://en.wikipedia.org/wiki/James_Thomson_(weaver_poet)", 48.39339184958272
"http://en.wikipedia.org/wiki/Makar", 48.391860388899445
"http://en.wikipedia.org/wiki/Culture_of_Scotland", 48.391860388899445
"http://en.wikipedia.org/wiki/French_theatre_of_the_late_18th_century", 48.391860388899445
"http://en.wikipedia.org/wiki/List_of_American_Civil_War_generals", 48.391860388899445
"http://en.wikipedia.org/wiki/Hugh_Moore_(police_officer)", 48.17488051493212
"http://en.wikipedia.org/wiki/Edinburgh_Phrenological_Society", 48.173385862789765
"http://en.wikipedia.org/wiki/Scottish_art_in_the_eighteenth_century", 48.173385862789765
"http://en.wikipedia.org/wiki/The_Royal_Bank_of_Scotland", 47.95391599308372
"http://en.wikipedia.org/wiki/Ishbel_MacDonald", 47.879955290048834
"http://en.wikipedia.org/wiki/David_Martin_(artist)", 47.80914437337575
"http://en.wikipedia.org/wiki/Ramsay_Richard_Reinagle", 47.799249072768184
"http://en.wikipedia.org/wiki/Hot_toddy", 47.749345545253284
"http://en.wikipedia.org/wiki/St._Andrew%27s_College_(Ontario)", 47.733437050543806
"http://en.wikipedia.org/wiki/The_Raggle_Taggle_Gypsy", 47.733437050543806
"http://en.wikipedia.org/wiki/Lewis_Miller_(Australian_artist)", 47.559486560567095
"http://en.wikipedia.org/wiki/Lord_Robert_Manners_(British_Army_general)", 47.51909633114914
"http://en.wikipedia.org/wiki/Lobster_(magazine)", 47.51193498737686
"http://en.wikipedia.org/wiki/List_of_University_College_London_people", 47.51193498737686
"http://en.wikipedia.org/wiki/Canadian_nationalism", 47.51193498737686
"http://en.wikipedia.org/wiki/1_vs._100_(Philippine_game_show)", 47.28939542678912
"http://en.wikipedia.org/wiki/University_Hill_Elementary_School", 47.14045207910317
"http://en.wikipedia.org/wiki/1711_in_poetry", 47.14045207910317
"http://en.wikipedia.org/wiki/Andrew_Mitchell_(diplomat)", 47.082361543075834
"http://en.wikipedia.org/wiki/2009_in_Australian_television", 47.06580365209673
"http://en.wikipedia.org/wiki/Scottish_National_Portrait_Gallery", 47.06580365209673
"http://en.wikipedia.org/wiki/Montreal_Hunt", 47.06580365209673
"http://en.wikipedia.org/wiki/Timeline_of_British_history_(1700%E2%80%9399)", 46.841144595368505
"http://en.wikipedia.org/wiki/Ramsay_Street", 46.841144595368505
"http://en.wikipedia.org/wiki/Archibald_Campbell_(British_Army_officer)", 46.841144595368505
"http://en.wikipedia.org/wiki/Francis_Dennis_Ramsay", 46.61540282557599
"http://en.wikipedia.org/wiki/Haberfield,_New_South_Wales", 46.61540282557599
"http://en.wikipedia.org/wiki/Janet_Hamilton", 46.51810858396446
"http://en.wikipedia.org/wiki/William_Henry_Oliphant_Smeaton", 46.510915988856304
"http://en.wikipedia.org/wiki/Tartan_Noir", 46.4363460212572
"http://en.wikipedia.org/wiki/Royal_Mile", 46.38856253622455
"http://en.wikipedia.org/wiki/Lost_lands", 46.38856253622455
"http://en.wikipedia.org/wiki/Habang_May_Buhay", 46.38856253622455
"http://en.wikipedia.org/wiki/James_Abercrombie_(British_Army_general)", 46.32410546120795
"http://en.wikipedia.org/wiki/Ann_Cargill", 46.29100498862756
"http://en.wikipedia.org/wiki/Sir_John_Clerk,_2nd_Baronet", 46.028730894916166
"http://en.wikipedia.org/wiki/Francesco_Solimena", 45.954338666071834
"http://en.wikipedia.org/wiki/List_of_RAF_aircrew_in_the_Battle_of_Britain_(A%E2%80%93C)", 45.93152121746253
"http://en.wikipedia.org/wiki/Battle_of_Taranto", 45.93152121746253
"http://en.wikipedia.org/wiki/1718_in_poetry", 45.85852474562929
"http://en.wikipedia.org/wiki/1724_in_poetry", 45.856338038680725
"http://en.wikipedia.org/wiki/List_of_international_rugby_union_players_killed_in_World_War_I", 45.701286578571384
"http://en.wikipedia.org/wiki/The_Lion,_the_Bear_and_the_Fox", 45.701286578571384
"http://en.wikipedia.org/wiki/Frazer_Yeats", 45.701286578571384
"http://en.wikipedia.org/wiki/1719_in_poetry", 45.62796579728966
"http://en.wikipedia.org/wiki/History_of_the_Scots_language", 45.46988617231417
"http://en.wikipedia.org/wiki/Clan_Jardine", 45.46988617231417
"http://en.wikipedia.org/wiki/New_South_Wales_Premier%27s_Literary_Awards", 45.46988617231417
"http://en.wikipedia.org/wiki/Henry_Raeburn", 45.46988617231417
"http://en.wikipedia.org/wiki/Lowther_Hills", 45.46988617231417
"http://en.wikipedia.org/wiki/List_of_RAF_aircrew_in_the_Battle_of_Britain_(G%E2%80%93K)", 45.46988617231417
"http://en.wikipedia.org/wiki/POP-2", 45.46988617231417
"http://en.wikipedia.org/wiki/List_of_extant_baronetcies", 45.46988617231417
"http://en.wikipedia.org/wiki/Robert_Eden_(bishop)", 45.36641246721277
"http://en.wikipedia.org/wiki/Hunter_High_School_(Scotland)", 45.24356159468231
"http://en.wikipedia.org/wiki/Dylan_Timmins", 45.23730210909693
"http://en.wikipedia.org/wiki/University_of_Maryland,_Baltimore", 45.23730210909693
"http://en.wikipedia.org/wiki/Golf_in_Scotland", 45.23730210909693
"http://en.wikipedia.org/wiki/NBA_60_Greatest_Playoff_Moments", 45.23730210909693
"http://en.wikipedia.org/wiki/1996_in_the_United_Kingdom", 45.23730210909693
"http://en.wikipedia.org/wiki/List_of_Edinburgh_people", 45.00351603704097
"http://en.wikipedia.org/wiki/Thomas_Gainsborough", 45.00351603704097
"http://en.wikipedia.org/wiki/Precious_Hearts_Romances_Presents", 45.00351603704097
"http://en.wikipedia.org/wiki/List_of_experiments", 45.00351603704097
"http://en.wikipedia.org/wiki/Richard_Tickell", 44.922959487957
"http://en.wikipedia.org/wiki/Canadian_federal_election,_1911", 44.76850912508368
"http://en.wikipedia.org/wiki/List_of_places_named_after_people", 44.76850912508368
"http://en.wikipedia.org/wiki/Greyfriars_Kirkyard", 44.76850912508368
"http://en.wikipedia.org/wiki/Allan_Ramsay_(artist)", 44.76850912508368
"http://en.wikipedia.org/wiki/1737_in_poetry", 44.721359549995796
"http://en.wikipedia.org/wiki/1721_in_poetry", 44.48156500920859
"http://en.wikipedia.org/wiki/Principal_Painter_in_Ordinary", 44.47495899966608
"http://en.wikipedia.org/wiki/James_MacArdell", 44.327331080291245
"http://en.wikipedia.org/wiki/1999_New_Year_Honours", 44.29475495423466
"http://en.wikipedia.org/wiki/Duncan_Glen", 44.29475495423466
"http://en.wikipedia.org/wiki/2000_New_Year_Honours", 44.29475495423466
"http://en.wikipedia.org/wiki/2012%E2%80%9313_Greenock_Morton_F.C._season", 44.29475495423466
"http://en.wikipedia.org/wiki/1924", 44.29475495423466
"http://en.wikipedia.org/wiki/2011%E2%80%9312_Greenock_Morton_F.C._season", 44.29475495423466
"http://en.wikipedia.org/wiki/Fairey_Swordfish", 44.29475495423466
"http://en.wikipedia.org/wiki/Alan_Ramsey", 44.20433223684922
"http://en.wikipedia.org/wiki/James_Peale", 44.14614127120716
"http://en.wikipedia.org/wiki/Richard_Grenville-Temple,_2nd_Earl_Temple", 44.116989072603474
"http://en.wikipedia.org/wiki/Allied_Breweries", 44.085980398666415
"http://en.wikipedia.org/wiki/Handbook_to_the_Birds_of_Australia", 44.07104738768718
"http://en.wikipedia.org/wiki/Holburne_Museum_of_Art", 43.81587867005171
"http://en.wikipedia.org/wiki/List_of_United_Kingdom_by-elections_(1931%E2%80%931950)", 43.81587867005171
"http://en.wikipedia.org/wiki/Alan_Carr", 43.81587867005171
"http://en.wikipedia.org/wiki/Mary_Hervey", 43.785971828612354
"http://en.wikipedia.org/wiki/Manitoba_general_election,_1932", 43.71799170404345
"http://en.wikipedia.org/wiki/April_16", 43.57446703305951
"http://en.wikipedia.org/wiki/Scottish_inventions_and_discoveries", 43.57446703305951
"http://en.wikipedia.org/wiki/LMS_Royal_Scot_Class", 43.57446703305951
"http://en.wikipedia.org/wiki/Viscount_Grandison", 43.528575006600704
"http://en.wikipedia.org/wiki/Ramsay_Garden", 43.372665571900015
"http://en.wikipedia.org/wiki/Samuel_James_Cameron", 43.34967855558428
"http://en.wikipedia.org/wiki/The_Amazing_Race_Philippines", 43.33171045321992
"http://en.wikipedia.org/wiki/Peterborough_Petes", 43.33171045321992
"http://en.wikipedia.org/wiki/Timeline_of_entomology_since_1900", 43.33171045321992
"http://en.wikipedia.org/wiki/HMS_Black_Joke_(1827)", 43.33171045321992
"http://en.wikipedia.org/wiki/Asimov%27s_Biographical_Encyclopedia_of_Science_and_Technology", 43.33171045321992
"http://en.wikipedia.org/wiki/List_of_Durham_University_people", 43.087586198210104
"http://en.wikipedia.org/wiki/Members_of_the_House_of_Lords", 43.087586198210104
"http://en.wikipedia.org/wiki/Jagdgeschwader_52", 43.087586198210104
"http://en.wikipedia.org/wiki/Geoff_Leek", 43.087586198210104
"http://en.wikipedia.org/wiki/David_Morrieson_Panton", 43.087586198210104
"http://en.wikipedia.org/wiki/Leadhills", 43.087586198210104
"http://en.wikipedia.org/wiki/Bannatyne_Manuscript", 43.087586198210104
"http://en.wikipedia.org/wiki/Equality_Rights_Statute_Amendment_Act", 43.087586198210104
"http://en.wikipedia.org/wiki/List_of_RAF_aircrew_in_the_Battle_of_Britain_(V%E2%80%93Z)", 43.087586198210104
"http://en.wikipedia.org/wiki/No_Retreat,_No_Surrender", 43.087586198210104
"http://en.wikipedia.org/wiki/RP-3", 43.087586198210104
"http://en.wikipedia.org/wiki/Alfred_Brotherston_Emden", 43.02125903877951
"http://en.wikipedia.org/wiki/Alexander_Nasmyth", 42.9627093247547
"http://en.wikipedia.org/wiki/September_11", 42.84207088802645
"http://en.wikipedia.org/wiki/David_Robertson_(British_politician)", 42.84207088802645
"http://en.wikipedia.org/wiki/Usher_Hall", 42.84207088802645
"http://en.wikipedia.org/wiki/David_Unaipon", 42.84207088802645
"http://en.wikipedia.org/wiki/Default_logic", 42.84207088802645
"http://en.wikipedia.org/wiki/Clementina_Walkinshaw", 42.84207088802645
"http://en.wikipedia.org/wiki/1758_in_poetry", 42.7999045773683
"http://en.wikipedia.org/wiki/National_Socialist_League", 42.722275244379894
"http://en.wikipedia.org/wiki/Hunger_(motivational_state)", 42.5951404688514
"http://en.wikipedia.org/wiki/Two-Minute_Warning", 42.5951404688514
"http://en.wikipedia.org/wiki/Flora_MacDonald", 42.5951404688514
"http://en.wikipedia.org/wiki/Josslyn_Hay,_22nd_Earl_of_Erroll", 42.564829447354214
"http://en.wikipedia.org/wiki/New_shoes_on_budget_day", 42.54814716983815
"http://en.wikipedia.org/wiki/1723_in_poetry", 42.42640687119285
"http://en.wikipedia.org/wiki/Allan_Heywood_Bright", 42.12656984996456
"http://en.wikipedia.org/wiki/List_of_drug-related_deaths", 42.096934552698464
"http://en.wikipedia.org/wiki/Frank_Norris", 42.096934552698464
"http://en.wikipedia.org/wiki/Francesco_Fernandi", 42.03471533426964
"http://en.wikipedia.org/wiki/Gordon_Park,_Queensland", 42.024457710618464
"http://en.wikipedia.org/wiki/Distinguished_Canadians", 41.93139346887673
"http://en.wikipedia.org/wiki/Paisley_Pipe_Band", 41.92345116490003
"http://en.wikipedia.org/wiki/Prestonfield_House", 41.877575661487164
"http://en.wikipedia.org/wiki/List_of_English_writers", 41.845607324074955
"http://en.wikipedia.org/wiki/Early_Birds_of_Aviation", 41.845607324074955
"http://en.wikipedia.org/wiki/List_of_United_Kingdom_by-elections_(1918%E2%80%931931)", 41.845607324074955
"http://en.wikipedia.org/wiki/List_of_RAF_aircrew_in_the_Battle_of_Britain_(D%E2%80%93F)", 41.845607324074955
"http://en.wikipedia.org/wiki/The_Running_Man_(1963_film)", 41.77279548884682
"http://en.wikipedia.org/wiki/Scottish_music_(1500%E2%80%931899)", 41.75067982745964
"http://en.wikipedia.org/wiki/Richard_Mead", 41.74828607234329
"http://en.wikipedia.org/wiki/Violet_Manners,_Duchess_of_Rutland", 41.59276146046537
"http://en.wikipedia.org/wiki/List_of_Tasmanian_representative_cricketers", 41.59276146046537
"http://en.wikipedia.org/wiki/The_Wife_of_Auchtermuchty", 41.59276146046537
"http://en.wikipedia.org/wiki/Hall_baronets", 41.4578098794425
"http://en.wikipedia.org/wiki/Aurora_Islands", 41.40393356054125
"http://en.wikipedia.org/wiki/Princes_Street_Gardens", 41.33836909571629
"http://en.wikipedia.org/wiki/John_Bethune_(clergyman)", 41.33836909571629
"http://en.wikipedia.org/wiki/Industrial_Schools_in_Ireland", 41.33836909571629
"http://en.wikipedia.org/wiki/List_of_Stewards_of_the_Chiltern_Hundreds", 41.33836909571629
"http://en.wikipedia.org/wiki/List_of_books_about_Prime_Ministers_of_Canada", 41.33836909571629
"http://en.wikipedia.org/wiki/William_Dunbar_(songwriter)", 41.33836909571629
"http://en.wikipedia.org/wiki/October_15", 41.33836909571629
"http://en.wikipedia.org/wiki/Cathy_Garcia-Molina", 41.33836909571629
"http://en.wikipedia.org/wiki/List_of_Adelaide_United_club_award_winners", 41.30570344929085
"http://en.wikipedia.org/wiki/1713_in_Great_Britain", 41.30570344929085
"http://en.wikipedia.org/wiki/Doug_Bigelow", 41.247895569215274
"http://en.wikipedia.org/wiki/Rex_Richards_(chemist)", 41.22626278336425
"http://en.wikipedia.org/wiki/Martha_Bruce,_Countess_of_Elgin_and_Kincardine", 41.22092121003484
"http://en.wikipedia.org/wiki/List_of_people_educated_at_Hamilton_Academy", 41.08240150088805
"http://en.wikipedia.org/wiki/1706_in_poetry", 41.08240150088805
"http://en.wikipedia.org/wiki/As_Time_Goes_By_(Canadian_TV_series)", 40.96732451993514
"http://en.wikipedia.org/wiki/George_Henry_Doucett", 40.824829046386306
"http://en.wikipedia.org/wiki/Puffin", 40.8248290463863
"http://en.wikipedia.org/wiki/Bibliography_of_Canadian_history", 40.8248290463863
"http://en.wikipedia.org/wiki/Janelle_Timmins", 40.8248290463863
"http://en.wikipedia.org/wiki/Rangers_F.C._supporters", 40.8248290463863
"http://en.wikipedia.org/wiki/HMS_Amphion_(1883)", 40.8248290463863
"http://en.wikipedia.org/wiki/Club_transmediale", 40.8248290463863
"http://en.wikipedia.org/wiki/Toronto_Granites", 40.67106266555946
"http://en.wikipedia.org/wiki/The_Montel_Williams_Show", 40.62616689884987
"http://en.wikipedia.org/wiki/List_of_American_Civil_War_Generals_(Union)", 40.56562116192928
"http://en.wikipedia.org/wiki/Stanley_Park_Aerodrome_(Blackpool)", 40.56562116192928
"http://en.wikipedia.org/wiki/John_Steell", 40.50957468334666
"http://en.wikipedia.org/wiki/Maxwell_Knight", 40.38583963198919
"http://en.wikipedia.org/wiki/Clancy_Brown", 40.30474629419794
"http://en.wikipedia.org/wiki/Gary_Lewis_%26_the_Playboys", 40.30474629419794
"http://en.wikipedia.org/wiki/Clyde_F.C._Reserves_and_Youth_squads", 40.30474629419794
"http://en.wikipedia.org/wiki/Nordic_League", 40.219983326992185
"http://en.wikipedia.org/wiki/1722_in_literature", 40.21998332699218
"http://en.wikipedia.org/wiki/1784_in_Great_Britain", 40.1960262217233
"http://en.wikipedia.org/wiki/BP_Portrait_Award", 40.14999200402781
"http://en.wikipedia.org/wiki/Paul_Fournel", 40.14436757421748
"http://en.wikipedia.org/wiki/List_of_Vanity_Fair_(British_magazine)_caricatures_(1905%E2%80%9309)", 40.04217186200269
"http://en.wikipedia.org/wiki/List_of_Old_Harrovians", 40.04217186200269
"http://en.wikipedia.org/wiki/Vice_Ganda", 40.04217186200269
"http://en.wikipedia.org/wiki/James_Henry_Thomas", 40.04217186200269
"http://en.wikipedia.org/wiki/Carly_Rae_Jepsen", 40.04217186200269
"http://en.wikipedia.org/wiki/Ontario_general_election,_1995", 40.04217186200269
"http://en.wikipedia.org/wiki/Norman_MacLeod_(The_Wicked_Man)", 39.95562949272161
"http://en.wikipedia.org/wiki/Mackenzie_baronets", 39.902114868133495
"http://en.wikipedia.org/wiki/Bois_Brule_Township,_Missouri", 39.85533406496052
"http://en.wikipedia.org/wiki/1728_in_poetry", 39.82966565625366
"http://en.wikipedia.org/wiki/North_Kelvinside", 39.81308308937635
"http://en.wikipedia.org/wiki/Canada_at_the_2012_Summer_Olympics", 39.777864208786504
"http://en.wikipedia.org/wiki/The_Box_(TV_series)", 39.777864208786504
"http://en.wikipedia.org/wiki/BAFTA_Award_for_Best_Film", 39.777864208786504
"http://en.wikipedia.org/wiki/1931", 39.777864208786504
"http://en.wikipedia.org/wiki/Pollokshaws_Bowling_Club", 39.777864208786504
"http://en.wikipedia.org/wiki/List_of_eponymously_named_diseases", 39.777864208786504
"http://en.wikipedia.org/wiki/Compadre_(ship)", 39.75312416438507
"http://en.wikipedia.org/wiki/Henry_Balnaves", 39.75030289301681
"http://en.wikipedia.org/wiki/Alan_R._Hawley", 39.72125095937661
"http://en.wikipedia.org/wiki/List_of_books_for_the_%22Famous_Scots_Series%22", 39.65816376298382
"http://en.wikipedia.org/wiki/Alexander_Ramsey", 39.64727423814972
"http://en.wikipedia.org/wiki/Ministry_of_Correctional_Services", 39.58742450708909
"http://en.wikipedia.org/wiki/Ardeer_Thistle_F.C.", 39.57064946311071
"http://en.wikipedia.org/wiki/List_of_Scottish_football_transfers_summer_2011", 39.51178855226824
"http://en.wikipedia.org/wiki/Bibliography_of_the_1837%E2%80%9338_insurrections_in_Lower_Canada", 39.51178855226824
"http://en.wikipedia.org/wiki/Michelle_Giroux", 39.413171126571726
"http://en.wikipedia.org/wiki/John_Shackleton", 39.409814957525185
"http://en.wikipedia.org/wiki/Pump_It", 39.343507061668355
"http://en.wikipedia.org/wiki/James_Murray_(British_Army_officer)", 39.24449199370299
"http://en.wikipedia.org/wiki/List_of_Aston_Villa_F.C._records_and_statistics", 39.24390893101316
"http://en.wikipedia.org/wiki/List_of_historians_by_area_of_study", 39.24390893101316
"http://en.wikipedia.org/wiki/October_13", 39.24390893101316
"http://en.wikipedia.org/wiki/1953_New_Year_Honours", 39.24390893101316
"http://en.wikipedia.org/wiki/McNab", 38.987177379235845
"http://en.wikipedia.org/wiki/List_of_reality_television_show_franchises", 38.974188147697866
"http://en.wikipedia.org/wiki/Cowdenbeath_F.C.", 38.974188147697866
"http://en.wikipedia.org/wiki/2011_in_film", 38.974188147697866
"http://en.wikipedia.org/wiki/Collins_Crime_Club", 38.974188147697866
"http://en.wikipedia.org/wiki/The_Welding_Institute", 38.974188147697866
"http://en.wikipedia.org/wiki/Anne_Curtis", 38.974188147697866
"http://en.wikipedia.org/wiki/List_of_residents_of_the_greater_Ashfield_area", 38.70258770881671
"http://en.wikipedia.org/wiki/1_Squadron_SAAF", 38.70258770881671
"http://en.wikipedia.org/wiki/List_of_Geelong_Football_Club_players", 38.70258770881671
"http://en.wikipedia.org/wiki/Tonquin", 38.70258770881671
"http://en.wikipedia.org/wiki/List_of_Manchester_United_F.C._seasons", 38.42906776055266
"http://en.wikipedia.org/wiki/List_of_veterans_of_World_War_I_who_died_in_1999", 38.42906776055266
"http://en.wikipedia.org/wiki/Ontario_general_election,_1999", 38.42906776055266
"http://en.wikipedia.org/wiki/Lord_President_of_the_Council", 38.153587020510216
"http://en.wikipedia.org/wiki/September_2", 38.153587020510216
"http://en.wikipedia.org/wiki/Parc_Jean-Jacques_Rousseau", 38.153587020510216
"http://en.wikipedia.org/wiki/Images_of_Canada", 38.12200410828153
"http://en.wikipedia.org/wiki/David_Murray_Anderson", 37.876102704979346
"http://en.wikipedia.org/wiki/Aero_Club_of_America", 37.876102704979346
"http://en.wikipedia.org/wiki/Special_advisers_(UK_government)", 37.876102704979346
"http://en.wikipedia.org/wiki/John_Lindsay_(Royal_Navy_officer)", 37.876102704979346
"http://en.wikipedia.org/wiki/Ontario_general_election,_1990", 37.876102704979346
"http://en.wikipedia.org/wiki/1762_in_art", 37.86586232230509
"http://en.wikipedia.org/wiki/Alan_Ramsay", 37.84390048634126
"http://en.wikipedia.org/wiki/Timiskaming_(provincial_electoral_district)", 37.79644730092272
"http://en.wikipedia.org/wiki/Macdonald", 37.59657045136752
"http://en.wikipedia.org/wiki/2002_Birthday_Honours", 37.59657045136752
"http://en.wikipedia.org/wiki/2012%E2%80%9313_Scottish_Cup", 37.59657045136752
"http://en.wikipedia.org/wiki/1766_in_art", 37.46343246326775
"http://en.wikipedia.org/wiki/Allan_M._Ramsay", 37.38154508127982
"http://en.wikipedia.org/wiki/2006_New_Year_Honours", 37.31494423540171
"http://en.wikipedia.org/wiki/December_7", 37.31494423540171
"http://en.wikipedia.org/wiki/List_of_Church_of_Scotland_parishes", 37.31494423540171
"http://en.wikipedia.org/wiki/1880%E2%80%9381_Home_Nations_rugby_union_matches", 37.31494423540171
"http://en.wikipedia.org/wiki/List_of_English_people", 37.31494423540171
"http://en.wikipedia.org/wiki/January_7", 37.31494423540171
"http://en.wikipedia.org/wiki/Charles_Stewart_(Royal_Navy_officer)", 37.31494423540171
"http://en.wikipedia.org/wiki/List_of_people_educated_at_the_Royal_High_School,_Edinburgh", 37.31494423540171
"http://en.wikipedia.org/wiki/Larry_Grossman_(politician)", 37.201190457142246
"http://en.wikipedia.org/wiki/Dunedin_Public_Art_Gallery", 37.11348095126027
"http://en.wikipedia.org/wiki/Mosley_(TV_serial)", 37.031176282662656
"http://en.wikipedia.org/wiki/1977_in_Australia", 37.031176282662656
"http://en.wikipedia.org/wiki/List_of_Nobel_laureates_by_university_affiliation", 37.031176282662656
"http://en.wikipedia.org/wiki/Index_of_philosophy_articles_(A%E2%80%93C)", 37.031176282662656
"http://en.wikipedia.org/wiki/Rangers_F.C._Reserve_and_Youth_squads", 37.031176282662656
"http://en.wikipedia.org/wiki/List_of_Saint_Joseph%27s_University_people", 37.031176282662656
"http://en.wikipedia.org/wiki/United_States_House_of_Representatives_elections,_1952", 37.031176282662656
"http://en.wikipedia.org/wiki/Alf_(name)", 36.94698045956347
"http://en.wikipedia.org/wiki/James_MacDonald", 36.86048903872428
"http://en.wikipedia.org/wiki/Mal_Pascoe", 36.84210526315789
"http://en.wikipedia.org/wiki/Edinburgh_Encyclop%C3%A6dia", 36.82298471593294
"http://en.wikipedia.org/wiki/List_of_Magkaribal_characters", 36.74521697397003
"http://en.wikipedia.org/wiki/Scottish_National_Gallery", 36.74521697397003
"http://en.wikipedia.org/wiki/Ministry_of_Community_Safety_and_Correctional_Services", 36.697477720685
"http://en.wikipedia.org/wiki/1894_in_science", 36.58664615902029
"http://en.wikipedia.org/wiki/Apologetic_apostrophe", 36.457014744087765
"http://en.wikipedia.org/wiki/The_Story_of_Film:_An_Odyssey", 36.457014744087765
"http://en.wikipedia.org/wiki/List_of_Scottish_writers", 36.457014744087765
"http://en.wikipedia.org/wiki/Melbourne_Law_School", 36.457014744087765
"http://en.wikipedia.org/wiki/Paolo_Ballesteros", 36.457014744087765
"http://en.wikipedia.org/wiki/Provincial_Secretary_and_Registrar_of_Ontario", 36.44344934278313
"http://en.wikipedia.org/wiki/Dunbar%27s_local_songs_and_recitations_1874", 36.30988791223411
"http://en.wikipedia.org/wiki/Manitoba_municipal_elections,_2002", 36.2245385694578
"http://en.wikipedia.org/wiki/List_of_United_Kingdom_by-elections_(1900%E2%80%931918)", 36.16651597316405
"http://en.wikipedia.org/wiki/List_of_United_Kingdom_by-elections_(1885%E2%80%931900)", 36.16651597316405
"http://en.wikipedia.org/wiki/List_of_Olympic_men%27s_ice_hockey_players_for_Canada", 36.16651597316405
"http://en.wikipedia.org/wiki/List_of_Canadian_musicians", 36.16651597316405
"http://en.wikipedia.org/wiki/1724_in_literature", 36.15232885249534
"http://en.wikipedia.org/wiki/Peter_O%27Brien_(actor)", 36.07221672252911
"http://en.wikipedia.org/wiki/Council_of_Ministers_of_the_Isle_of_Man", 35.97913814805772
"http://en.wikipedia.org/wiki/List_of_Nobel_laureates", 35.873664870258644
"http://en.wikipedia.org/wiki/Elections_in_Scotland", 35.873664870258644
"http://en.wikipedia.org/wiki/List_of_United_Kingdom_by-elections_(1868%E2%80%931885)", 35.873664870258644
"http://en.wikipedia.org/wiki/Timeline_of_art", 35.873664870258644
"http://en.wikipedia.org/wiki/1992_Birthday_Honours", 35.873664870258644
"http://en.wikipedia.org/wiki/List_of_people_from_Hampstead", 35.873664870258644
"http://en.wikipedia.org/wiki/List_of_barons_in_the_peerages_of_Britain_and_Ireland", 35.873664870258644
"http://en.wikipedia.org/wiki/Deaths_in_July_2013", 35.873664870258644
"http://en.wikipedia.org/wiki/1758", 35.578403348241004
"http://en.wikipedia.org/wiki/1686", 35.57398888040984
"http://en.wikipedia.org/wiki/1758_in_Great_Britain", 35.5449132818615
"http://en.wikipedia.org/wiki/Library_Edition_of_the_British_Poets", 35.453959443529904
"http://en.wikipedia.org/wiki/Toronto_Varsity_Blues_men%27s_ice_hockey", 35.40566696958629
"http://en.wikipedia.org/wiki/Pearson_Playwrights%27_Scheme", 35.35533905932738
"http://en.wikipedia.org/wiki/List_of_Chicago_Blackhawks_players", 35.28067088926491
"http://en.wikipedia.org/wiki/2011_Queen%27s_Birthday_Honours_(Australia)", 35.28067088926491
"http://en.wikipedia.org/wiki/List_of_Old_Carthusians", 34.980404399936866
"http://en.wikipedia.org/wiki/2012_New_Year_Honours", 34.980404399936866
"http://en.wikipedia.org/wiki/Cunninghame_North_(Scottish_Parliament_constituency)", 34.980404399936866
"http://en.wikipedia.org/wiki/Elliott_Cresson_Medal", 34.980404399936866
"http://en.wikipedia.org/wiki/List_of_British_generals_and_brigadiers", 34.980404399936866
"http://en.wikipedia.org/wiki/Lord_Claud_Hamilton_(1843%E2%80%931925)", 34.85957362644761
"http://en.wikipedia.org/wiki/11th_Division_(Australia)", 34.71050672503116
"http://en.wikipedia.org/wiki/List_of_Ontario_by-elections", 34.67753805519677
"http://en.wikipedia.org/wiki/New_Canadian_Library", 34.67753805519677
"http://en.wikipedia.org/wiki/Otago_Rugby_Football_Union", 34.67753805519677
"http://en.wikipedia.org/wiki/Southern_Rhodesian_general_election,_1946", 34.67753805519677
"http://en.wikipedia.org/wiki/Chad_Marshall", 34.47652086501874
"http://en.wikipedia.org/wiki/1784_in_art", 34.474984991496875
"http://en.wikipedia.org/wiki/1722_in_art", 34.384095303675174
"http://en.wikipedia.org/wiki/List_of_National_Basketball_Association_head_coaches_with_400_games_coached", 34.37200312981655
"http://en.wikipedia.org/wiki/1991_Birthday_Honours", 34.37200312981655
"http://en.wikipedia.org/wiki/List_of_L%C3%A9gion_d%27honneur_recipients_by_name", 34.37200312981655
"http://en.wikipedia.org/wiki/1784", 34.37200312981655
"http://en.wikipedia.org/wiki/Electoral_firsts_in_Canada", 34.0637278162948
"http://en.wikipedia.org/wiki/List_of_Ambassadors_of_the_United_Kingdom_to_Lebanon", 33.91817326856071
"http://en.wikipedia.org/wiki/Ramsay_(surname)", 33.8240712601273
"http://en.wikipedia.org/wiki/List_of_Fellows_of_the_Royal_Society_P,Q,R", 33.75263702778072
"http://en.wikipedia.org/wiki/List_of_American_films_of_1996", 33.75263702778072
"http://en.wikipedia.org/wiki/List_of_Lords_Commissioners_of_the_Admiralty", 33.75263702778072
"http://en.wikipedia.org/wiki/South_African_Open_(golf)", 33.75263702778072
"http://en.wikipedia.org/wiki/Candidates_of_the_Australian_federal_election,_2010", 33.75263702778072
"http://en.wikipedia.org/wiki/List_of_British_recipients_of_the_L%C3%A9gion_d%27Honneur_for_the_Crimean_War", 33.75263702778072
"http://en.wikipedia.org/wiki/Saskatchewan_general_election,_1944", 33.75263702778072
"http://en.wikipedia.org/wiki/Secretary_of_State_for_Education", 33.75263702778072
"http://en.wikipedia.org/wiki/1904_in_the_United_Kingdom", 33.75263702778072
"http://en.wikipedia.org/wiki/1752_in_art", 33.669024917071724
"http://en.wikipedia.org/wiki/Candidates_of_the_Australian_federal_election,_1906", 33.4386521844947
"http://en.wikipedia.org/wiki/List_of_NHL_players_with_1000_games_played", 33.4386521844947
"http://en.wikipedia.org/wiki/1926%E2%80%9327_Toronto_St._Patricks_season", 33.4386521844947
"http://en.wikipedia.org/wiki/List_of_Fellows_of_the_Royal_Society_S,T,U,V", 33.4386521844947
"http://en.wikipedia.org/wiki/Oxford_Book_of_English_Verse", 33.4386521844947
"http://en.wikipedia.org/wiki/List_of_Nobel_laureates_by_country", 33.12169098192467
"http://en.wikipedia.org/wiki/List_of_Ambassadors_of_the_United_Kingdom_to_Sudan", 33.00165012376032
"http://en.wikipedia.org/wiki/List_of_Scottish_rugby_union_players", 33.001650123760314
"http://en.wikipedia.org/wiki/1971_Sandown_250", 32.95667340763291
"http://en.wikipedia.org/wiki/Page_of_Honour", 32.80166713886061
"http://en.wikipedia.org/wiki/List_of_Olympic_medalists_in_ice_hockey", 32.80166713886061
"http://en.wikipedia.org/wiki/List_of_Aston_Villa_F.C._players", 32.80166713886061
"http://en.wikipedia.org/wiki/National_Executive_Committee", 32.80166713886061
"http://en.wikipedia.org/wiki/List_of_United_Kingdom_MPs:_R", 32.48931448269654
"http://en.wikipedia.org/wiki/List_of_MPs_elected_in_the_United_Kingdom_general_election,_1945", 32.47849012308154
"http://en.wikipedia.org/wiki/John_Ramsey_Miller", 32.47849012308154
"http://en.wikipedia.org/wiki/List_of_Lord_Provosts_of_Edinburgh", 32.47849012308154
"http://en.wikipedia.org/wiki/82nd_United_States_Congress", 32.47849012308154
"http://en.wikipedia.org/wiki/1761_in_art", 32.33104030567818
"http://en.wikipedia.org/wiki/35th_Canadian_Parliament", 32.15206485222377
"http://en.wikipedia.org/wiki/British_Cemetery_Montevideo_Soldiers_and_Sailors", 32.15206485222377
"http://en.wikipedia.org/wiki/2007_New_Year_Honours", 32.15206485222377
"http://en.wikipedia.org/wiki/2011_Australian_Manufacturers%27_Championship", 31.822291367029205
"http://en.wikipedia.org/wiki/Ontario_Liberal_Party_leadership_elections", 31.822291367029205
"http://en.wikipedia.org/wiki/1991_New_Year_Honours", 31.822291367029205
"http://en.wikipedia.org/wiki/List_of_public_art_in_Edinburgh", 31.489064473791522
"http://en.wikipedia.org/wiki/Oxfordshire_County_Council_election,_2013", 31.489064473791522
"http://en.wikipedia.org/wiki/1990_New_Year_Honours", 31.489064473791522
"http://en.wikipedia.org/wiki/Stirlingshire_(UK_Parliament_constituency)", 31.399291281137963
"http://en.wikipedia.org/wiki/Sabri_Kali%C3%A7", 31.369452548482407
"http://en.wikipedia.org/wiki/List_of_Australian_generals_and_brigadiers", 31.152273352375055
"http://en.wikipedia.org/wiki/Candidates_of_the_Australian_federal_election,_1910", 31.152273352375055
"http://en.wikipedia.org/wiki/Ontario_general_election,_1987", 31.152273352375055
"http://en.wikipedia.org/wiki/Omega_European_Masters", 30.811801125666037
"http://en.wikipedia.org/wiki/1972_Hardie-Ferodo_500", 30.811801125666037
"http://en.wikipedia.org/wiki/Alberta_general_election,_1986", 30.811801125666037
"http://en.wikipedia.org/wiki/7th_Canadian_Parliament", 30.811801125666037
"http://en.wikipedia.org/wiki/List_of_Scottish_representative_peers", 30.811801125666037
"http://en.wikipedia.org/wiki/1924_in_Australia", 30.555865781563675
"http://en.wikipedia.org/wiki/John_Hargreaves_(actor)", 30.54528366322673
"http://en.wikipedia.org/wiki/Agnes_Benidickson_Tricolour_Award", 30.467524385714256
"http://en.wikipedia.org/wiki/2012_Safeway_Championship", 30.467524385714256
"http://en.wikipedia.org/wiki/2010%E2%80%9311_Dundee_F.C._season", 30.467524385714256
"http://en.wikipedia.org/wiki/List_of_schools_in_Darling_Downs", 30.119312671118355
"http://en.wikipedia.org/wiki/FAMAS_Award_for_Best_Actor", 30.119312671118355
"http://en.wikipedia.org/wiki/List_of_University_of_London_people", 30.119312671118355
"http://en.wikipedia.org/wiki/Lord_Provost_of_Glasgow", 29.76702788937936
"http://en.wikipedia.org/wiki/1971_Hardie-Ferodo_500", 29.76702788937936
"http://en.wikipedia.org/wiki/Ontario_municipal_elections,_2010", 29.76702788937936
"http://en.wikipedia.org/wiki/List_of_Fellows_of_the_Australian_Academy_of_Science", 29.410523676969554
"http://en.wikipedia.org/wiki/List_of_Western_films_of_the_1940s", 29.410523676969554
"http://en.wikipedia.org/wiki/Glenfiddich_Spirit_of_Scotland_Awards", 29.410523676969554
"http://en.wikipedia.org/wiki/List_of_St_Kilda_Football_Club_players", 29.049644688706337
"http://en.wikipedia.org/wiki/List_of_MPs_elected_in_the_United_Kingdom_general_election,_1935", 29.049644688706337
"http://en.wikipedia.org/wiki/List_of_Blackpool_F.C._players", 29.049644688706337
"http://en.wikipedia.org/wiki/List_of_male_golfers", 29.049644688706337
"http://en.wikipedia.org/wiki/Superbrands_Council", 29.049644688706337
"http://en.wikipedia.org/wiki/List_of_Ambassadors_of_the_United_Kingdom_to_Hungary", 28.867513459481287
"http://en.wikipedia.org/wiki/2002_Toronto_International_Film_Festival", 28.684225806644708
"http://en.wikipedia.org/wiki/List_of_Presidents_of_Co-operative_Congress", 28.684225806644708
"http://en.wikipedia.org/wiki/Candidates_of_the_Victorian_state_election,_2010", 28.684225806644708
"http://en.wikipedia.org/wiki/Saskatchewan_general_election,_1948", 28.684225806644708
"http://en.wikipedia.org/wiki/Juno_Awards_of_2013", 28.684225806644708
"http://en.wikipedia.org/wiki/List_of_Canadian_national_ice_hockey_team_rosters", 28.684225806644708
"http://en.wikipedia.org/wiki/1972_Australian_Touring_Car_Championship", 28.607941594086057
"http://en.wikipedia.org/wiki/Candidates_of_the_New_South_Wales_state_election,_2011", 28.314091257059275
"http://en.wikipedia.org/wiki/Aberdeenshire_Council_election,_2007", 28.314091257059275
"http://en.wikipedia.org/wiki/List_of_University_of_Oxford_people_in_academic_disciplines", 28.314091257059275
"http://en.wikipedia.org/wiki/List_of_Somerset_CCC_players", 28.314091257059275
"http://en.wikipedia.org/wiki/Sheffield_Council_election,_2004", 27.939053622117882
"http://en.wikipedia.org/wiki/1999_Toronto_International_Film_Festival", 27.939053622117882
"http://en.wikipedia.org/wiki/List_of_MPs_elected_in_the_United_Kingdom_general_election,_1931", 27.558912730477523
"http://en.wikipedia.org/wiki/List_of_Boston_Bruins_draft_picks", 27.558912730477523
"http://en.wikipedia.org/wiki/2005_New_Year_Honours", 27.558912730477523
"http://en.wikipedia.org/wiki/1985_Birthday_Honours", 27.558912730477523
"http://en.wikipedia.org/wiki/United_States_House_of_Representatives_elections,_1950", 27.558912730477523
"http://en.wikipedia.org/wiki/List_of_Labour_Party_(UK)_MPs", 27.558912730477523
"http://en.wikipedia.org/wiki/2012%E2%80%9313_Cowdenbeath_F.C._season", 27.558912730477523
"http://en.wikipedia.org/wiki/2013_Canadian_Olympic_Curling_Trials_%E2%80%93_Road_to_the_Roar", 27.558912730477523
"http://en.wikipedia.org/wiki/Scotland_at_the_2002_Commonwealth_Games", 27.429019252949672
"http://en.wikipedia.org/wiki/List_of_American_films_of_1937", 27.173454408164115
"http://en.wikipedia.org/wiki/List_of_Australia_national_rugby_union_players", 27.173454408164115
"http://en.wikipedia.org/wiki/List_of_Conservative_Party_(UK)_MPs", 27.173454408164115
"http://en.wikipedia.org/wiki/List_of_Privy_Counsellors_(1952%E2%80%93present)", 27.173454408164115
"http://en.wikipedia.org/wiki/60th_FAMAS_Awards", 26.967994498529684
"http://en.wikipedia.org/wiki/List_of_births,_marriages_and_deaths_in_Neighbours", 26.850143995109967
"http://en.wikipedia.org/wiki/List_of_Essendon_Football_Club_players", 26.782449067609033
"http://en.wikipedia.org/wiki/List_of_MPs_elected_in_the_United_Kingdom_general_election,_1922", 26.782449067609033
"http://en.wikipedia.org/wiki/List_of_Glaswegians", 26.782449067609033
"http://en.wikipedia.org/wiki/List_of_After_Dark_editions", 26.782449067609033
"http://en.wikipedia.org/wiki/List_of_British_films_of_1999", 26.38565010845042
"http://en.wikipedia.org/wiki/Deputy_Lieutenant_of_Aberdeenshire", 26.38565010845042
"http://en.wikipedia.org/wiki/List_of_The_Avengers_and_The_New_Avengers_cast_members", 26.38565010845042
"http://en.wikipedia.org/wiki/List_of_jazz_arrangers", 26.38565010845042
"http://en.wikipedia.org/wiki/1986_Birthday_Honours", 26.38565010845042
"http://en.wikipedia.org/wiki/List_of_Philippine_films_of_the_2010s", 25.982792098465236
"http://en.wikipedia.org/wiki/Great_Britain_at_the_1988_Summer_Olympics", 25.982792098465236
"http://en.wikipedia.org/wiki/List_of_North_Melbourne_Football_Club_players", 25.982792098465236
"http://en.wikipedia.org/wiki/Recurring_characters_of_Neighbours", 25.982792098465236
"http://en.wikipedia.org/wiki/Politics_of_Greenwich", 25.982792098465236
"http://en.wikipedia.org/wiki/List_of_MPs_elected_in_the_United_Kingdom_general_election,_January_1910", 25.982792098465236
"http://en.wikipedia.org/wiki/2011%E2%80%9312_St._Mirren_F.C._season", 25.57358869651589
"http://en.wikipedia.org/wiki/List_of_life_peerages_(1979%E2%80%931997)", 25.57358869651589
"http://en.wikipedia.org/wiki/List_of_MPs_elected_in_the_United_Kingdom_general_election,_1885", 25.57358869651589
"http://en.wikipedia.org/wiki/List_of_foreign_Veikkausliiga_players", 25.57358869651589
"http://en.wikipedia.org/wiki/2010%E2%80%9311_Ross_County_F.C._season", 25.57358869651589
"http://en.wikipedia.org/wiki/List_of_townships_in_Ontario", 25.57358869651589
"http://en.wikipedia.org/wiki/Members_of_the_New_South_Wales_Legislative_Assembly,_1973%E2%80%931976", 25.357750709877674
"http://en.wikipedia.org/wiki/List_of_University_Football_Club_players", 25.182262437346942
"http://en.wikipedia.org/wiki/Manitoba_general_election,_2003", 25.15773027133138
"http://en.wikipedia.org/wiki/List_of_MPs_elected_in_the_United_Kingdom_general_election,_1880", 25.15773027133138
"http://en.wikipedia.org/wiki/Scotland_(European_Parliament_constituency)", 25.15773027133138
"http://en.wikipedia.org/wiki/List_of_authors_of_names_published_under_the_ICZN", 25.15773027133138
"http://en.wikipedia.org/wiki/35th_Legislative_Assembly_of_Ontario", 25.15773027133138
"http://en.wikipedia.org/wiki/List_of_Toronto_Maple_Leafs_players", 25.15773027133138
"http://en.wikipedia.org/wiki/List_of_Cambridge_University_CC_players", 25.15773027133138
"http://en.wikipedia.org/wiki/Governor_General%27s_Award_for_English-language_non-fiction", 25.15773027133138
"http://en.wikipedia.org/wiki/Members_of_the_New_South_Wales_Legislative_Assembly,_1971%E2%80%931973", 24.885056862419894
"http://en.wikipedia.org/wiki/2011_Whites_Drug_Store_Classic", 24.765567494675615
"http://en.wikipedia.org/wiki/2011%E2%80%9312_Cowdenbeath_F.C._season", 24.734881159843102
"http://en.wikipedia.org/wiki/2010%E2%80%9311_Cowdenbeath_F.C._season", 24.734881159843102
"http://en.wikipedia.org/wiki/2010%E2%80%9311_Stirling_Albion_F.C._season", 24.734881159843102
"http://en.wikipedia.org/wiki/List_of_MPs_elected_in_the_United_Kingdom_general_election,_December_1910", 24.734881159843102
"http://en.wikipedia.org/wiki/2012%E2%80%9313_Alloa_Athletic_F.C._season", 24.734881159843102
"http://en.wikipedia.org/wiki/List_of_listed_buildings_in_Linton,_Scottish_Borders", 24.40514874501808
"http://en.wikipedia.org/wiki/2011%E2%80%9312_Airdrie_United_F.C._season", 24.304676496058512
"http://en.wikipedia.org/wiki/Candidates_of_the_New_South_Wales_state_election,_1981", 24.304676496058512
"http://en.wikipedia.org/wiki/List_of_Australian_athletics_champions_(men)", 24.304676496058512
"http://en.wikipedia.org/wiki/PMPC_Star_Awards_for_TV_2011_Nominees", 24.304676496058512
"http://en.wikipedia.org/wiki/2011%E2%80%9312_Albion_Rovers_F.C._season", 24.304676496058512
"http://en.wikipedia.org/wiki/List_of_Brighton_%26_Hove_bus_names", 24.304676496058512
"http://en.wikipedia.org/wiki/2007%E2%80%9308_Cowdenbeath_F.C._season", 24.304676496058512
"http://en.wikipedia.org/wiki/2011%E2%80%9312_Forfar_Athletic_F.C._season", 24.304676496058512
"http://en.wikipedia.org/wiki/List_of_Filipinos", 24.304676496058512
"http://en.wikipedia.org/wiki/Members_of_the_New_South_Wales_Legislative_Assembly,_1981%E2%80%931984", 24.19669592479136
"http://en.wikipedia.org/wiki/Candidates_of_the_New_South_Wales_state_election,_1973", 23.866718525271903
"http://en.wikipedia.org/wiki/Candidates_of_the_New_South_Wales_state_election,_1999", 23.866718525271903
"http://en.wikipedia.org/wiki/List_of_past_Coronation_Street_characters", 23.866718525271903
"http://en.wikipedia.org/wiki/List_of_St_Paul%27s_College,_University_of_Sydney_alumni", 23.836564731139806
"http://en.wikipedia.org/wiki/New_Zealand_Individual_Speedway_Championship", 23.815208987209783
"http://en.wikipedia.org/wiki/2012_Canad_Inns_Prairie_Classic", 23.722785729558886
"http://en.wikipedia.org/wiki/Members_of_the_New_South_Wales_Legislative_Assembly,_1976%E2%80%931978", 23.70782339080799
"http://en.wikipedia.org/wiki/2011%E2%80%9312_Stenhousemuir_F.C._season", 23.420572297684252
"http://en.wikipedia.org/wiki/East_Hampshire_Council_election,_2003", 23.420572297684252
"http://en.wikipedia.org/wiki/Candidates_of_the_New_South_Wales_state_election,_1976", 23.420572297684252
"http://en.wikipedia.org/wiki/Stafford_Council_election,_2011", 23.420572297684252
"http://en.wikipedia.org/wiki/List_of_Olympic_medalists_in_field_hockey", 23.420572297684252
"http://en.wikipedia.org/wiki/List_of_living_life_peers", 23.420572297684252
"http://en.wikipedia.org/wiki/List_of_Australian_admirals", 23.420572297684252
"http://en.wikipedia.org/wiki/List_of_A-League_players", 22.965760608731266
"http://en.wikipedia.org/wiki/2011%E2%80%9312_Clyde_F.C._season", 22.965760608731266
"http://en.wikipedia.org/wiki/IUCN_Red_List_endangered_animal_species", 22.965760608731266
"http://en.wikipedia.org/wiki/Sky_News_reporters_and_presenters", 22.965760608731266
"http://en.wikipedia.org/wiki/2012%E2%80%9313_Clyde_F.C._season", 22.965760608731266
"http://en.wikipedia.org/wiki/32nd_Legislative_Assembly_of_Ontario", 22.84160962880643
"http://en.wikipedia.org/wiki/List_of_NHL_players_(R)", 22.785683200564314
"http://en.wikipedia.org/wiki/List_of_listed_buildings_in_Penicuik,_Midlothian", 22.722331478659644
"http://en.wikipedia.org/wiki/13th_Legislative_Assembly_of_Quebec", 22.53932985637176
"http://en.wikipedia.org/wiki/33rd_Legislative_Assembly_of_Ontario", 22.53278210331945
"http://en.wikipedia.org/wiki/List_of_Filipino_actors", 22.501758018520484
"http://en.wikipedia.org/wiki/2013_Pomeroy_Inn_%26_Suites_Prairie_Showdown", 22.501758018520484
"http://en.wikipedia.org/wiki/List_of_The_Professionals_episodes", 22.501758018520484
"http://en.wikipedia.org/wiki/2010_Safeway_Championship", 22.501758018520484
"http://en.wikipedia.org/wiki/List_of_listed_buildings_in_Edinburgh/19", 22.501758018520484
"http://en.wikipedia.org/wiki/Candidates_of_the_New_South_Wales_state_election,_1984", 22.501758018520484
"http://en.wikipedia.org/wiki/List_of_teams_on_the_2012%E2%80%9313_World_Curling_Tour", 22.501758018520484
"http://en.wikipedia.org/wiki/South_Africa_at_the_2006_Commonwealth_Games", 22.501758018520484
"http://en.wikipedia.org/wiki/Scottish_Olympic_medallists", 22.08630521496931
"http://en.wikipedia.org/wiki/List_of_teams_on_the_2011%E2%80%9312_World_Curling_Tour", 22.02798373684139
"http://en.wikipedia.org/wiki/Results_of_the_Victorian_state_election,_1982_(Legislative_Assembly_A-L)", 22.02798373684139
"http://en.wikipedia.org/wiki/Ontario_general_election,_2011_(candidates)", 22.02798373684139
"http://en.wikipedia.org/wiki/List_of_listed_buildings_in_Kilconquhar,_Fife", 22.02798373684139
"http://en.wikipedia.org/wiki/34th_Legislative_Assembly_of_Ontario", 21.869176243407466
"http://en.wikipedia.org/wiki/Wilderness_Confederate_order_of_battle", 21.718612138153464
"http://en.wikipedia.org/wiki/2013_Safeway_Championship", 21.543793099105052
"http://en.wikipedia.org/wiki/2009_Safeway_Championship", 21.543793099105052
"http://en.wikipedia.org/wiki/Candidates_of_the_New_South_Wales_state_election,_1971", 21.543793099105052
"http://en.wikipedia.org/wiki/List_of_Guggenheim_Fellowships_awarded_in_1981", 21.543793099105052
"http://en.wikipedia.org/wiki/2010_Whites_Drug_Store_Classic", 21.05587219030789
"http://en.wikipedia.org/wiki/List_of_Law_%26_Order_cast_members", 21.048467276349232
"http://en.wikipedia.org/wiki/List_of_teams_on_the_2013%E2%80%9314_World_Curling_Tour", 21.048467276349232
"http://en.wikipedia.org/wiki/List_of_painters_by_name_beginning_with_%E2%80%9CR%E2%80%9D", 20.71121492313991
"http://en.wikipedia.org/wiki/Spotsylvania_Court_House_Confederate_order_of_battle", 20.021085931001345
"http://en.wikipedia.org/wiki/Results_of_the_New_South_Wales_state_election,_1999_(Legislative_Assembly_M-Z)", 20.021085931001345
"http://en.wikipedia.org/wiki/List_of_horror_films_of_1972", 20.021085931001345
"http://en.wikipedia.org/wiki/List_of_delegates_of_the_2nd_Comintern_congress", 20.021085931001345
"http://en.wikipedia.org/wiki/List_of_Great_Britain_and_Ireland_Walker_Cup_golfers", 19.487094073848933
"http://en.wikipedia.org/wiki/List_of_women_ODI_cricketers", 19.487094073848933
"http://en.wikipedia.org/wiki/Electoral_results_for_the_Division_of_Melbourne_Ports", 18.938051352489673
"http://en.wikipedia.org/wiki/Results_of_the_Victorian_state_election,_1979_(Legislative_Assembly_A-L)", 18.372608486985015
"http://en.wikipedia.org/wiki/Results_of_the_Victorian_state_election,_1985_(Legislative_Assembly_A-L)", 18.372608486985015
"http://en.wikipedia.org/wiki/Results_of_the_Victorian_state_election,_1976_(Legislative_Assembly_A-L)", 17.789201674120502
"http://en.wikipedia.org/wiki/List_of_curlers", 17.789201674120502
"http://en.wikipedia.org/wiki/US_Squash_Doubles_Champions", NaN
"http://en.wikipedia.org/wiki/Results_of_the_New_South_Wales_state_election,_1981_(Legislative_Assembly_L-Z)", 17.186001564908274
"http://en.wikipedia.org/wiki/Results_of_the_Australian_federal_election,_2010_(Queensland)", 17.186001564908274
"http://en.wikipedia.org/wiki/Electoral_results_for_the_district_of_Williamstown", 16.164240171828105
