"http://en.wikipedia.org/wiki/William_Tennant", 76.4840007553312
"http://en.wikipedia.org/wiki/John_Ruskin", 75.77977472535625
"http://en.wikipedia.org/wiki/2000s_(decade)", 73.7939330463924
"http://en.wikipedia.org/wiki/History_of_women_in_the_United_States", 71.52280441338353
"http://en.wikipedia.org/wiki/Industrial_Revolution", 70.59389739796906
"http://en.wikipedia.org/wiki/QI_(I_series)", 70.59389739796906
"http://en.wikipedia.org/wiki/Franz_Kafka", 70.35975447302918
"http://en.wikipedia.org/wiki/Doctor_(Doctor_Who)", 68.2163129063324
"http://en.wikipedia.org/wiki/History_of_chemistry", 67.73078137652472
"http://en.wikipedia.org/wiki/Glasgow", 67.2417440673167
"http://en.wikipedia.org/wiki/Giacomo_Casanova", 67.2417440673167
"http://en.wikipedia.org/wiki/Henry_James", 66.7491239234977
"http://en.wikipedia.org/wiki/List_of_Doctor_Who_villains", 66.50144542958762
"http://en.wikipedia.org/wiki/QI_(G_series)", 66.50144542958762
"http://en.wikipedia.org/wiki/Hamlet", 66.25284102507898
"http://en.wikipedia.org/wiki/Pride_and_Prejudice", 66.00330024752063
"http://en.wikipedia.org/wiki/Shiloh_(Naylor_novel)", 65.75281243592795
"http://en.wikipedia.org/wiki/Grover_Cleveland", 65.50136672546833
"http://en.wikipedia.org/wiki/Kirsopp_Lake", 65.248952041962
"http://en.wikipedia.org/wiki/List_of_Doctor_Who_parodies", 64.99555709619099
"http://en.wikipedia.org/wiki/University_of_St_Andrews", 64.99555709619099
"http://en.wikipedia.org/wiki/William_Tennent_(disambiguation)", 64.75761258027333
"http://en.wikipedia.org/wiki/List_of_Torchwood_characters", 64.74117037800747
"http://en.wikipedia.org/wiki/Russell_T_Davies", 64.74117037800747
"http://en.wikipedia.org/wiki/The_Hobbit_(film_series)", 64.48578015023278
"http://en.wikipedia.org/wiki/List_of_films_based_on_actual_events", 64.2293744423385
"http://en.wikipedia.org/wiki/St_Helens,_Merseyside", 64.2293744423385
"http://en.wikipedia.org/wiki/Ted_Hughes", 64.2293744423385
"http://en.wikipedia.org/wiki/Newcastle_upon_Tyne", 64.2293744423385
"http://en.wikipedia.org/wiki/Sardinia", 63.97194104389903
"http://en.wikipedia.org/wiki/Joss_Whedon", 63.7134674978066
"http://en.wikipedia.org/wiki/Humphry_Davy", 63.45394109323726
"http://en.wikipedia.org/wiki/Jack_London", 63.45394109323726
"http://en.wikipedia.org/wiki/List_of_unmade_Doctor_Who_serials_and_films", 63.45394109323726
"http://en.wikipedia.org/wiki/Arthur_Balfour", 63.45394109323726
"http://en.wikipedia.org/wiki/Cocaine", 63.19334885835687
"http://en.wikipedia.org/wiki/2010s", 63.19334885835687
"http://en.wikipedia.org/wiki/Japanese_American_internment", 63.19334885835687
"http://en.wikipedia.org/wiki/James_Watt", 62.93167755275526
"http://en.wikipedia.org/wiki/Christopher_Lee", 62.93167755275526
"http://en.wikipedia.org/wiki/Doctor_Who", 62.668913659596235
"http://en.wikipedia.org/wiki/List_of_Doctor_Who_universe_creatures_and_aliens_(0-9)_%26_(A-G)", 62.668913659596235
"http://en.wikipedia.org/wiki/Christadelphians", 62.668913659596235
"http://en.wikipedia.org/wiki/Howard_Hughes", 62.668913659596235
"http://en.wikipedia.org/wiki/Blackpool", 62.40504337746985
"http://en.wikipedia.org/wiki/Doctor_Who_in_Australia", 62.14005261193347
"http://en.wikipedia.org/wiki/List_of_Tales_of_the_Unexpected_episodes", 62.14005261193347
"http://en.wikipedia.org/wiki/History_of_Doctor_Who", 62.14005261193347
"http://en.wikipedia.org/wiki/Heartbeat_(series_11%E2%80%9315)", 61.873926966726685
"http://en.wikipedia.org/wiki/Burke_and_Hare_murders", 61.873926966726685
"http://en.wikipedia.org/wiki/List_of_minor_humans_(Animorphs)", 61.873926966726685
"http://en.wikipedia.org/wiki/Australian_art", 61.60665173464466
"http://en.wikipedia.org/wiki/H._H._Asquith", 61.60665173464466
"http://en.wikipedia.org/wiki/Robbie_Williams", 61.60665173464466
"http://en.wikipedia.org/wiki/Chemistry:_A_Volatile_History", 61.60665173464466
"http://en.wikipedia.org/wiki/Bruce_Payne", 61.60665173464466
"http://en.wikipedia.org/wiki/Charles_Walton_(murder_victim)", 61.60665173464466
"http://en.wikipedia.org/wiki/Tony_Abbott", 61.60665173464466
"http://en.wikipedia.org/wiki/Etaples_art_colony", 61.33821188805362
"http://en.wikipedia.org/wiki/William_Gairdner", 61.237243569579455
"http://en.wikipedia.org/wiki/Robert_Meek_Carter", 61.23724356957945
"http://en.wikipedia.org/wiki/List_of_unreleased_Madonna_songs", 61.068592069031105
"http://en.wikipedia.org/wiki/Stanley_Muttlebury", 61.068592069031105
"http://en.wikipedia.org/wiki/History_of_the_Australian_Capital_Territory", 61.068592069031105
"http://en.wikipedia.org/wiki/Th%C3%A9ophile_Gautier", 60.52574936862543
"http://en.wikipedia.org/wiki/Siegfried_Sassoon", 60.52574936862543
"http://en.wikipedia.org/wiki/The_Smiths", 60.52574936862543
"http://en.wikipedia.org/wiki/Will_Young", 60.52574936862543
"http://en.wikipedia.org/wiki/Nontrinitarianism", 60.25249402558892
"http://en.wikipedia.org/wiki/History_of_Canberra", 60.25249402558892
"http://en.wikipedia.org/wiki/Tesco", 60.25249402558892
"http://en.wikipedia.org/wiki/Munich_air_disaster", 60.25249402558892
"http://en.wikipedia.org/wiki/John_McDouall_Stuart", 60.25249402558892
"http://en.wikipedia.org/wiki/Doctor_Who_(series_5)", 60.25249402558892
"http://en.wikipedia.org/wiki/Transcendental_Meditation_movement", 60.25249402558892
"http://en.wikipedia.org/wiki/United_Kingdom_Alternative_Vote_referendum,_2011", 60.25249402558892
"http://en.wikipedia.org/wiki/HMS_Victoria_(1887)", 59.977993764159834
"http://en.wikipedia.org/wiki/Apollo_1", 59.977993764159834
"http://en.wikipedia.org/wiki/Steve_Martin", 59.70223141259934
"http://en.wikipedia.org/wiki/Robert_Byrd", 59.70223141259934
"http://en.wikipedia.org/wiki/Master_(Doctor_Who)", 59.70223141259934
"http://en.wikipedia.org/wiki/David_Morrissey", 59.70223141259934
"http://en.wikipedia.org/wiki/Princess_Margaret,_Countess_of_Snowdon", 59.70223141259934
"http://en.wikipedia.org/wiki/Cerebral_palsy", 59.42518940073755
"http://en.wikipedia.org/wiki/Robert_Burns_and_the_Eglinton_Estate", 59.42518940073755
"http://en.wikipedia.org/wiki/Patrick_Stewart", 59.42518940073755
"http://en.wikipedia.org/wiki/Tyrannosaurus", 59.42518940073755
"http://en.wikipedia.org/wiki/Traditions_of_Derry_City_F.C.", 59.14684974690958
"http://en.wikipedia.org/wiki/University_of_Edinburgh_Medical_School", 59.14684974690958
"http://en.wikipedia.org/wiki/Arthur_Eddington", 59.14684974690958
"http://en.wikipedia.org/wiki/Goguryeo", 59.14684974690958
"http://en.wikipedia.org/wiki/Transcendental_Meditation_technique", 58.86719404433563
"http://en.wikipedia.org/wiki/Hartlepool", 58.86719404433563
"http://en.wikipedia.org/wiki/Cyberman", 58.86719404433563
"http://en.wikipedia.org/wiki/Reese_Witherspoon", 58.586203446915995
"http://en.wikipedia.org/wiki/List_of_show_business_families", 58.586203446915995
"http://en.wikipedia.org/wiki/Marcus_Trescothick", 58.586203446915995
"http://en.wikipedia.org/wiki/Colin_Farrell", 58.586203446915995
"http://en.wikipedia.org/wiki/Ellisland_Farm", 58.586203446915995
"http://en.wikipedia.org/wiki/List_of_works_by_Derren_Brown", 58.586203446915995
"http://en.wikipedia.org/wiki/Martha_Jones", 58.30385865440982
"http://en.wikipedia.org/wiki/List_of_French_inventions_and_discoveries", 58.30385865440982
"http://en.wikipedia.org/wiki/Richard_II_(play)", 58.30385865440982
"http://en.wikipedia.org/wiki/Dead_Ringers_(comedy)", 58.30385865440982
"http://en.wikipedia.org/wiki/Monkland_and_Kirkintilloch_Railway", 58.30385865440982
"http://en.wikipedia.org/wiki/King_of_Clubs_(Whig_club)", 58.30385865440982
"http://en.wikipedia.org/wiki/William_Richards_School,_Kolar_Gold_Fields,_India", 58.27715174143585
"http://en.wikipedia.org/wiki/Northern_State_University", 58.02013989696479
"http://en.wikipedia.org/wiki/History_of_the_British_canal_system", 58.02013989696479
"http://en.wikipedia.org/wiki/Philomela", 58.02013989696479
"http://en.wikipedia.org/wiki/Charles_Fenerty", 58.02013989696479
"http://en.wikipedia.org/wiki/Twelfth_Night", 58.02013989696479
"http://en.wikipedia.org/wiki/List_of_Parker_Lewis_Can%27t_Lose_episodes", 58.02013989696479
"http://en.wikipedia.org/wiki/Ninth_Doctor", 57.735026918962575
"http://en.wikipedia.org/wiki/Hollyoaks", 57.735026918962575
"http://en.wikipedia.org/wiki/1971", 57.735026918962575
"http://en.wikipedia.org/wiki/Bull_Ring,_Birmingham", 57.735026918962575
"http://en.wikipedia.org/wiki/Percy_Crosby", 57.4484989621426
"http://en.wikipedia.org/wiki/The_X_Factor_(UK_TV_series)", 57.4484989621426
"http://en.wikipedia.org/wiki/Peniel_Missionary_Society", 57.4484989621426
"http://en.wikipedia.org/wiki/James_Forrestal", 57.4484989621426
"http://en.wikipedia.org/wiki/List_of_Scots", 57.4484989621426
"http://en.wikipedia.org/wiki/History_of_electrochemistry", 57.16053474796459
"http://en.wikipedia.org/wiki/Phoebe_Judson", 57.16053474796459
"http://en.wikipedia.org/wiki/Yeerk", 57.16053474796459
"http://en.wikipedia.org/wiki/Paisley", 57.16053474796459
"http://en.wikipedia.org/wiki/Neath_and_Tennant_Canal", 57.16053474796459
"http://en.wikipedia.org/wiki/Amy_Pond", 57.16053474796459
"http://en.wikipedia.org/wiki/William_St_James_Wheelhouse", 56.98028822981897
"http://en.wikipedia.org/wiki/William_Tennant_(disambiguation)", 56.949479745149944
"http://en.wikipedia.org/wiki/Sir_Graham_Graham-Montgomery,_3rd_Baronet", 56.916048876554235
"http://en.wikipedia.org/wiki/Doctor_Who_fandom", 56.871112459167115
"http://en.wikipedia.org/wiki/Prince_Hamlet", 56.871112459167115
"http://en.wikipedia.org/wiki/Tenth_Doctor", 56.871112459167115
"http://en.wikipedia.org/wiki/Henry_Morton_Stanley", 56.871112459167115
"http://en.wikipedia.org/wiki/List_of_people_from_Wolverhampton", 56.871112459167115
"http://en.wikipedia.org/wiki/Anna_and_the_King_of_Siam_(film)", 56.58020972047737
"http://en.wikipedia.org/wiki/Much_Ado_About_Nothing", 56.58020972047737
"http://en.wikipedia.org/wiki/Boston_College_Eagles_football", 56.58020972047737
"http://en.wikipedia.org/wiki/Irvine_Harbour", 56.58020972047737
"http://en.wikipedia.org/wiki/Emerson_Tennent_baronets", 56.3436169819011
"http://en.wikipedia.org/wiki/Beverley", 56.28780357842336
"http://en.wikipedia.org/wiki/Life_Ball", 56.28780357842336
"http://en.wikipedia.org/wiki/Xenomania", 56.28780357842336
"http://en.wikipedia.org/wiki/Kirsty_Williams_(drama)", 56.28780357842336
"http://en.wikipedia.org/wiki/Copley_Medal", 56.28780357842336
"http://en.wikipedia.org/wiki/Covenanter", 56.28780357842336
"http://en.wikipedia.org/wiki/Fingerstyle_guitar", 56.28780357842336
"http://en.wikipedia.org/wiki/Winnipeg_municipal_election,_1963", 56.13096232478871
"http://en.wikipedia.org/wiki/Peter_Johnstone_(mathematician)", 56.08981561505028
"http://en.wikipedia.org/wiki/How_to_Train_Your_Dragon_(film)", 55.99387048019753
"http://en.wikipedia.org/wiki/Doctor_Who_merchandise", 55.99387048019753
"http://en.wikipedia.org/wiki/2012_Summer_Olympics_closing_ceremony", 55.99387048019753
"http://en.wikipedia.org/wiki/Daguerreotype", 55.99387048019753
"http://en.wikipedia.org/wiki/Sinking_of_Prince_of_Wales_and_Repulse", 55.99387048019753
"http://en.wikipedia.org/wiki/1954", 55.99387048019753
"http://en.wikipedia.org/wiki/Race_to_the_North", 55.99387048019753
"http://en.wikipedia.org/wiki/Magnetic_monopole", 55.99387048019753
"http://en.wikipedia.org/wiki/List_of_Judicial_Committee_of_the_Privy_Council_cases_originating_in_Canada,_1890%E2%80%931899", 55.69838625151631
"http://en.wikipedia.org/wiki/Regeneration_(Doctor_Who)", 55.69838625151631
"http://en.wikipedia.org/wiki/Scottish_feudal_barony", 55.69838625151631
"http://en.wikipedia.org/wiki/European_exploration_of_Australia", 55.69838625151631
"http://en.wikipedia.org/wiki/Cloud_computing", 55.69838625151631
"http://en.wikipedia.org/wiki/Adelaide_Steamship_Company", 55.69838625151631
"http://en.wikipedia.org/wiki/Diamond", 55.69838625151631
"http://en.wikipedia.org/wiki/Charles_Tennant", 55.69838625151631
"http://en.wikipedia.org/wiki/Milnrow", 55.69838625151631
"http://en.wikipedia.org/wiki/Battle_of_Dunkirk", 55.401326073416946
"http://en.wikipedia.org/wiki/The_Wonder_Years_(season_3)", 55.401326073416946
"http://en.wikipedia.org/wiki/Royal_Shakespeare_Company", 55.401326073416946
"http://en.wikipedia.org/wiki/Brigadier_Lethbridge-Stewart", 55.401326073416946
"http://en.wikipedia.org/wiki/List_of_Alfred_Hitchcock_Presents_episodes", 55.401326073416946
"http://en.wikipedia.org/wiki/Clevedon", 55.401326073416946
"http://en.wikipedia.org/wiki/List_of_Doctor_Who_serials", 55.401326073416946
"http://en.wikipedia.org/wiki/The_Shakespeare_Code", 55.401326073416946
"http://en.wikipedia.org/wiki/Cobbinshaw", 55.37749241945383
"http://en.wikipedia.org/wiki/List_of_Fish_Hooks_episodes", 55.10266445792832
"http://en.wikipedia.org/wiki/Who_Killed_Archie%3F", 55.10266445792832
"http://en.wikipedia.org/wiki/Black_Comedy_(play)", 55.10266445792832
"http://en.wikipedia.org/wiki/St_Albans_City_F.C.", 55.10266445792832
"http://en.wikipedia.org/wiki/Bowman_Brothers", 55.10266445792832
"http://en.wikipedia.org/wiki/Horace_Robertson", 55.10266445792832
"http://en.wikipedia.org/wiki/Rab_C._Nesbitt", 55.10266445792832
"http://en.wikipedia.org/wiki/Genesis_of_the_Daleks", 55.10266445792832
"http://en.wikipedia.org/wiki/The_Pillowman", 55.10266445792832
"http://en.wikipedia.org/wiki/Journey%27s_End_(Doctor_Who)", 54.80237522254855
"http://en.wikipedia.org/wiki/Olga_Maynard", 54.80237522254855
"http://en.wikipedia.org/wiki/Beilby_Porteus", 54.80237522254855
"http://en.wikipedia.org/wiki/Sarah_Jane_Smith", 54.80237522254855
"http://en.wikipedia.org/wiki/Cecil_Beaton", 54.80237522254855
"http://en.wikipedia.org/wiki/Cleopatra_Jones", 54.80237522254855
"http://en.wikipedia.org/wiki/Tales_from_the_Public_Domain", 54.80237522254855
"http://en.wikipedia.org/wiki/London_Metropolitan_University", 54.80237522254855
"http://en.wikipedia.org/wiki/List_of_alumni_of_the_University_of_St_Andrews", 54.80237522254855
"http://en.wikipedia.org/wiki/Central_London_Railway", 54.80237522254855
"http://en.wikipedia.org/wiki/Middleton,_Leeds", 54.500431463456955
"http://en.wikipedia.org/wiki/Hamlet_on_screen", 54.500431463456955
"http://en.wikipedia.org/wiki/James_Young_(Scottish_chemist)", 54.500431463456955
"http://en.wikipedia.org/wiki/The_Eleventh_Hour_(Doctor_Who)", 54.500431463456955
"http://en.wikipedia.org/wiki/The_Sunday_Night_Project", 54.500431463456955
"http://en.wikipedia.org/wiki/David_Tennant", 54.500431463456955
"http://en.wikipedia.org/wiki/Dunkirk_evacuation", 54.19680552738267
"http://en.wikipedia.org/wiki/Great_Britain_at_the_2012_Summer_Olympics", 54.19680552738267
"http://en.wikipedia.org/wiki/Dollar_Academy", 54.19680552738267
"http://en.wikipedia.org/wiki/The_New_Adventures_of_Huckleberry_Finn", 54.19680552738267
"http://en.wikipedia.org/wiki/Castlevania", 54.19680552738267
"http://en.wikipedia.org/wiki/Antonio_Stradivari", 54.19680552738267
"http://en.wikipedia.org/wiki/List_of_Scottish_clans", 54.19680552738267
"http://en.wikipedia.org/wiki/H._V._Evatt", 54.19680552738267
"http://en.wikipedia.org/wiki/Iridium", 54.19680552738267
"http://en.wikipedia.org/wiki/1848_in_Scotland", 54.12294272573258
"http://en.wikipedia.org/wiki/Cardinal_Beaton_(play)", 53.968707222086586
"http://en.wikipedia.org/wiki/Polyethylene_terephthalate", 53.89146898204672
"http://en.wikipedia.org/wiki/List_of_Desert_Island_Discs_episodes_(2001%E2%80%932010)", 53.89146898204672
"http://en.wikipedia.org/wiki/John_Rylands_Library", 53.89146898204672
"http://en.wikipedia.org/wiki/Fayetteville,_Arkansas", 53.89146898204672
"http://en.wikipedia.org/wiki/North_Eastern_Railway_(UK)", 53.89146898204672
"http://en.wikipedia.org/wiki/Hanley_Castle_High_School", 53.89146898204672
"http://en.wikipedia.org/wiki/The_Bloody_Chamber", 53.89146898204672
"http://en.wikipedia.org/wiki/Royal_Aircraft_Factory_F.E.2", 53.89146898204672
"http://en.wikipedia.org/wiki/Period_6_element", 53.89146898204672
"http://en.wikipedia.org/wiki/John_Balliol_(play)", 53.626644435989576
"http://en.wikipedia.org/wiki/Exotic_Gothic", 53.58439258508834
"http://en.wikipedia.org/wiki/Brian_Cox_(actor)", 53.58439258508834
"http://en.wikipedia.org/wiki/Will_Self", 53.58439258508834
"http://en.wikipedia.org/wiki/1987", 53.58439258508834
"http://en.wikipedia.org/wiki/Doctor_Who_in_Canada_and_the_United_States", 53.58439258508834
"http://en.wikipedia.org/wiki/Six_Sigma", 53.58439258508834
"http://en.wikipedia.org/wiki/Goguryeo%E2%80%93Wei_War", 53.27554625137913
"http://en.wikipedia.org/wiki/West_Downs_School", 53.27554625137913
"http://en.wikipedia.org/wiki/Francis_Clark_and_Sons", 53.27554625137913
"http://en.wikipedia.org/wiki/John_Charles_Molteno", 53.27554625137913
"http://en.wikipedia.org/wiki/New_Zealand_Special_Air_Service", 53.27554625137913
"http://en.wikipedia.org/wiki/Systemic_lupus_erythematosus", 53.27554625137913
"http://en.wikipedia.org/wiki/1971_in_the_United_Kingdom", 53.27554625137913
"http://en.wikipedia.org/wiki/Gosforth", 53.27554625137913
"http://en.wikipedia.org/wiki/Alexander_Kennedy", 52.9648990186218
"http://en.wikipedia.org/wiki/List_of_United_States_death_row_inmates", 52.9648990186218
"http://en.wikipedia.org/wiki/1922", 52.9648990186218
"http://en.wikipedia.org/wiki/Muriel_Paget", 52.9648990186218
"http://en.wikipedia.org/wiki/Harry_Saltzman", 52.9648990186218
"http://en.wikipedia.org/wiki/J._E._B._Seely,_1st_Baron_Mottistone", 52.9648990186218
"http://en.wikipedia.org/wiki/Charles_Muir_Campbell", 52.9648990186218
"http://en.wikipedia.org/wiki/Mount_Tennant", 52.85941398709243
"http://en.wikipedia.org/wiki/Pertinent_(magazine)", 52.70462766947299
"http://en.wikipedia.org/wiki/Harold_Pinter_bibliography", 52.652419011122106
"http://en.wikipedia.org/wiki/Selby", 52.652419011122106
"http://en.wikipedia.org/wiki/List_of_steamboats_on_the_Yukon_River", 52.652419011122106
"http://en.wikipedia.org/wiki/Duns", 52.652419011122106
"http://en.wikipedia.org/wiki/List_of_children_of_clergy", 52.652419011122106
"http://en.wikipedia.org/wiki/Elders_Limited", 52.652419011122106
"http://en.wikipedia.org/wiki/1987_in_the_United_Kingdom", 52.652419011122106
"http://en.wikipedia.org/wiki/North_Shields", 52.652419011122106
"http://en.wikipedia.org/wiki/William_Gill_(photographer)", 52.48906591678239
"http://en.wikipedia.org/wiki/Hedz", 52.33807340161404
"http://en.wikipedia.org/wiki/Doctor_Who_(series_3)", 52.33807340161404
"http://en.wikipedia.org/wiki/Henry_Cockburn,_Lord_Cockburn", 52.33807340161404
"http://en.wikipedia.org/wiki/Burke_%26_Hare_(2010_film)", 52.33807340161404
"http://en.wikipedia.org/wiki/William_Hely", 52.33807340161404
"http://en.wikipedia.org/wiki/Swansea_Canal", 52.33807340161404
"http://en.wikipedia.org/wiki/Boulogne-sur-Mer", 52.021828371008894
"http://en.wikipedia.org/wiki/Bathgate", 52.021828371008894
"http://en.wikipedia.org/wiki/Andy_Serkis", 52.021828371008894
"http://en.wikipedia.org/wiki/John_Hookham_Frere", 52.021828371008894
"http://en.wikipedia.org/wiki/Anglican_religious_order", 52.021828371008894
"http://en.wikipedia.org/wiki/Geology_of_the_Australian_Capital_Territory", 52.021828371008894
"http://en.wikipedia.org/wiki/Annie_E._Holdsworth", 52.021828371008894
"http://en.wikipedia.org/wiki/2012_Philadelphia_Eagles_season", 52.021828371008894
"http://en.wikipedia.org/wiki/United_States_v._Lara", 52.021828371008894
"http://en.wikipedia.org/wiki/Clement_Lindley_Wragge", 52.021828371008894
"http://en.wikipedia.org/wiki/List_of_extant_baronetcies", 52.021828371008894
"http://en.wikipedia.org/wiki/Tennent", 51.83210553488161
"http://en.wikipedia.org/wiki/HMS_Raleigh_(1873)", 51.703649065928346
"http://en.wikipedia.org/wiki/William_Henry_Temple_Gairdner", 51.703649065928346
"http://en.wikipedia.org/wiki/Garbage_picking", 51.703649065928346
"http://en.wikipedia.org/wiki/Timeline_of_chemical_element_discoveries", 51.703649065928346
"http://en.wikipedia.org/wiki/Battle_of_Meiktila_and_Mandalay", 51.703649065928346
"http://en.wikipedia.org/wiki/Hugh_Mercer", 51.703649065928346
"http://en.wikipedia.org/wiki/List_of_people_from_Illinois", 51.703649065928346
"http://en.wikipedia.org/wiki/Chepstow_Castle", 51.703649065928346
"http://en.wikipedia.org/wiki/Operation_Dracula", 51.703649065928346
"http://en.wikipedia.org/wiki/Bookaboo", 51.703649065928346
"http://en.wikipedia.org/wiki/James_Tennant_Molteno", 51.703649065928346
"http://en.wikipedia.org/wiki/Robert_William_Thomson", 51.703649065928346
"http://en.wikipedia.org/wiki/Will_Zimmerman", 51.38349955387079
"http://en.wikipedia.org/wiki/Midland,_Maryland", 51.38349955387079
"http://en.wikipedia.org/wiki/Major_Tom", 51.38349955387079
"http://en.wikipedia.org/wiki/Stones_Brewery", 51.38349955387079
"http://en.wikipedia.org/wiki/Silence_in_the_Library", 51.38349955387079
"http://en.wikipedia.org/wiki/Samuel_Pierpont_Langley", 51.38349955387079
"http://en.wikipedia.org/wiki/Alfred_Lyttelton", 51.38349955387079
"http://en.wikipedia.org/wiki/Springburn", 51.38349955387079
"http://en.wikipedia.org/wiki/St._Catherine_University", 51.38349955387079
"http://en.wikipedia.org/wiki/Thrill_of_a_Lifetime", 51.38349955387079
"http://en.wikipedia.org/wiki/Guantanamo_Bay_attorneys", 51.06134277584763
"http://en.wikipedia.org/wiki/Ottawa_67%27s", 51.06134277584763
"http://en.wikipedia.org/wiki/Kilbirnie", 51.06134277584763
"http://en.wikipedia.org/wiki/Ralston,_Renfrewshire", 51.06134277584763
"http://en.wikipedia.org/wiki/2013_in_British_television", 51.06134277584763
"http://en.wikipedia.org/wiki/Bridport", 51.06134277584763
"http://en.wikipedia.org/wiki/Elisabeth_Sladen", 51.06134277584763
"http://en.wikipedia.org/wiki/Ruthenium", 51.06134277584763
"http://en.wikipedia.org/wiki/Robert_Bernays", 51.06134277584763
"http://en.wikipedia.org/wiki/Foyle%27s_War_(series_one)", 51.06134277584763
"http://en.wikipedia.org/wiki/The_Next_Doctor", 51.06134277584763
"http://en.wikipedia.org/wiki/Charles_Eaton_(RAAF_officer)", 51.06134277584763
"http://en.wikipedia.org/wiki/Sir_Walter_Palmer,_1st_Baronet", 50.85476277156078
"http://en.wikipedia.org/wiki/Parliament_of_the_Cape_of_Good_Hope", 50.73714049631268
"http://en.wikipedia.org/wiki/Plagiarism", 50.73714049631268
"http://en.wikipedia.org/wiki/Effie_Gray", 50.73714049631268
"http://en.wikipedia.org/wiki/Detmar_Blow", 50.73714049631268
"http://en.wikipedia.org/wiki/Software_patents_under_United_Kingdom_patent_law", 50.73714049631268
"http://en.wikipedia.org/wiki/A_House_of_Pomegranates", 50.73714049631268
"http://en.wikipedia.org/wiki/Dervla_Murphy", 50.73714049631268
"http://en.wikipedia.org/wiki/List_of_stage_names", 50.73714049631268
"http://en.wikipedia.org/wiki/Guildford_City_F.C.", 50.73714049631268
"http://en.wikipedia.org/wiki/2008_in_British_television", 50.73714049631268
"http://en.wikipedia.org/wiki/Aerotel_v_Telco_and_Macrossan%27s_Application", 50.73714049631268
"http://en.wikipedia.org/wiki/House_of_Rufus", 50.73714049631268
"http://en.wikipedia.org/wiki/John_Mawe", 50.73714049631268
"http://en.wikipedia.org/wiki/Nicholas_Courtney", 50.73714049631268
"http://en.wikipedia.org/wiki/George_Anderson_(MP)", 50.67117097095317
"http://en.wikipedia.org/wiki/Fair_Park", 50.410853250193455
"http://en.wikipedia.org/wiki/The_Purple_Land", 50.410853250193455
"http://en.wikipedia.org/wiki/Eve_Langley", 50.410853250193455
"http://en.wikipedia.org/wiki/Osmium", 50.410853250193455
"http://en.wikipedia.org/wiki/Stuart_Milner-Barry", 50.410853250193455
"http://en.wikipedia.org/wiki/Kenneth_Branagh", 50.410853250193455
"http://en.wikipedia.org/wiki/List_of_film_director_and_composer_collaborations", 50.410853250193455
"http://en.wikipedia.org/wiki/The_Herbal_Bed", 50.410853250193455
"http://en.wikipedia.org/wiki/List_of_Edinburgh_people", 50.082440286816166
"http://en.wikipedia.org/wiki/Edward_Stanley,_17th_Earl_of_Derby", 50.082440286816166
"http://en.wikipedia.org/wiki/Benjamin_Drake_Wright", 50.082440286816166
"http://en.wikipedia.org/wiki/Manly,_New_South_Wales", 50.082440286816166
"http://en.wikipedia.org/wiki/Bromance", 50.082440286816166
"http://en.wikipedia.org/wiki/Agnes_Broun", 50.082440286816166
"http://en.wikipedia.org/wiki/John_Tennant_(bushranger)", 50.082440286816166
"http://en.wikipedia.org/wiki/A._Alfred_Taubman", 50.082440286816166
"http://en.wikipedia.org/wiki/Love_%26_Monsters", 50.082440286816166
"http://en.wikipedia.org/wiki/Craig-y-Nos_Castle", 50.082440286816166
"http://en.wikipedia.org/wiki/St_Andrew%27s_and_St_George%27s_West_Church", 50.082440286816166
"http://en.wikipedia.org/wiki/Moeller_High_School", 50.082440286816166
"http://en.wikipedia.org/wiki/Addiscombe_Military_Seminary", 50.082440286816166
"http://en.wikipedia.org/wiki/The_Sound_of_Drums", 50.082440286816166
"http://en.wikipedia.org/wiki/Doctor_Who_Prom_(2008)", 50.082440286816166
"http://en.wikipedia.org/wiki/Supergroup_(music)", 50.082440286816166
"http://en.wikipedia.org/wiki/1916_in_poetry", 50.082440286816166
"http://en.wikipedia.org/wiki/Terence_Knapp", 50.082440286816166
"http://en.wikipedia.org/wiki/Leeds_(UK_Parliament_constituency)", 50.082440286816166
"http://en.wikipedia.org/wiki/Winnipeg_municipal_election,_1965", 50.0
"http://en.wikipedia.org/wiki/Palm_Sunday_Case", 49.844478627922676
"http://en.wikipedia.org/wiki/Forced_Vengeance", 49.75185951049944
"http://en.wikipedia.org/wiki/List_of_Stradivarius_instruments", 49.75185951049944
"http://en.wikipedia.org/wiki/Yorick", 49.75185951049944
"http://en.wikipedia.org/wiki/The_Muse_in_Arms", 49.75185951049944
"http://en.wikipedia.org/wiki/Nothing_but_the_Beat", 49.75185951049944
"http://en.wikipedia.org/wiki/Naked_City_(TV_series)", 49.75185951049944
"http://en.wikipedia.org/wiki/Virtual_team", 49.75185951049944
"http://en.wikipedia.org/wiki/List_of_inductees_of_Canada%27s_Walk_of_Fame", 49.75185951049944
"http://en.wikipedia.org/wiki/Andrew_Cavendish,_11th_Duke_of_Devonshire", 49.75185951049944
"http://en.wikipedia.org/wiki/The_Christmas_Invasion", 49.41906741757114
"http://en.wikipedia.org/wiki/Stage_name", 49.41906741757114
"http://en.wikipedia.org/wiki/Harris_Goldberg", 49.41906741757114
"http://en.wikipedia.org/wiki/In_and_Out_of_Consciousness:_Greatest_Hits_1990%E2%80%932010", 49.41906741757114
"http://en.wikipedia.org/wiki/Kingdom_Hospital", 49.41906741757114
"http://en.wikipedia.org/wiki/Hacker_(computer_security)", 49.41906741757114
"http://en.wikipedia.org/wiki/Abbotsleigh", 49.41906741757114
"http://en.wikipedia.org/wiki/Index_of_philosophy_articles_(I%E2%80%93Q)", 49.08401902954167
"http://en.wikipedia.org/wiki/List_of_awards_and_nominations_received_by_Doctor_Who", 49.08401902954167
"http://en.wikipedia.org/wiki/Star_Wars:_The_Clone_Wars_(2008_TV_series)", 49.08401902954167
"http://en.wikipedia.org/wiki/Peterborough_Petes", 49.08401902954167
"http://en.wikipedia.org/wiki/Henry_Woodward_(colonist)", 49.08401902954167
"http://en.wikipedia.org/wiki/Plum_Sykes", 49.08401902954167
"http://en.wikipedia.org/wiki/List_of_University_of_Sydney_people", 49.08401902954167
"http://en.wikipedia.org/wiki/List_of_Curiosity_%E2%80%93_What%27s_Inside_the_Cube%3F_layers", 49.08401902954167
"http://en.wikipedia.org/wiki/List_of_Harry_Potter_cast_members", 49.08401902954167
"http://en.wikipedia.org/wiki/George_Benn", 49.08401902954167
"http://en.wikipedia.org/wiki/Clarksburg,_West_Virginia", 49.08401902954167
"http://en.wikipedia.org/wiki/The_Pirates!_In_an_Adventure_with_Scientists!", 49.08401902954167
"http://en.wikipedia.org/wiki/Anstruther", 48.74666782214325
"http://en.wikipedia.org/wiki/List_of_Sliders_episodes", 48.74666782214325
"http://en.wikipedia.org/wiki/L.A._Without_a_Map", 48.74666782214325
"http://en.wikipedia.org/wiki/Hulsean_Lectures", 48.74666782214325
"http://en.wikipedia.org/wiki/List_of_musicals:_A_to_L", 48.74666782214325
"http://en.wikipedia.org/wiki/The_Lazarus_Experiment", 48.74666782214325
"http://en.wikipedia.org/wiki/Ackworth_School", 48.74666782214325
"http://en.wikipedia.org/wiki/Charles_Lyttelton,_10th_Viscount_Cobham", 48.74666782214325
"http://en.wikipedia.org/wiki/Bensalem_High_School", 48.74666782214325
"http://en.wikipedia.org/wiki/Oliver_Messel", 48.74666782214325
"http://en.wikipedia.org/wiki/James_Finley_(minister)", 48.74666782214325
"http://en.wikipedia.org/wiki/Carolina_Bay", 48.74666782214325
"http://en.wikipedia.org/wiki/Tightlacing", 48.74666782214325
"http://en.wikipedia.org/wiki/List_of_Doctor_Who_novelisations", 48.74666782214325
"http://en.wikipedia.org/wiki/John_Gairdner", 48.686449556014765
"http://en.wikipedia.org/wiki/William_Hyde_Wollaston", 48.40696564991801
"http://en.wikipedia.org/wiki/John_Balliol", 48.40696564991801
"http://en.wikipedia.org/wiki/Power_(tv_production_and_distribution)", 48.40696564991801
"http://en.wikipedia.org/wiki/White_Diamond:_A_Personal_Portrait_of_Kylie_Minogue", 48.40696564991801
"http://en.wikipedia.org/wiki/July_10", 48.40696564991801
"http://en.wikipedia.org/wiki/The_Sisterhood_of_the_Traveling_Pants_(film)", 48.40696564991801
"http://en.wikipedia.org/wiki/OneTaste", 48.40696564991801
"http://en.wikipedia.org/wiki/Elizabeth_Bowen", 48.40696564991801
"http://en.wikipedia.org/wiki/University_of_Adelaide", 48.40696564991801
"http://en.wikipedia.org/wiki/List_of_University_of_Wisconsin%E2%80%93Madison_people", 48.40696564991801
"http://en.wikipedia.org/wiki/BP_Professor_of_Organic_Chemistry", 48.37794468468966
"http://en.wikipedia.org/wiki/Eveleen_Tennant", 48.15434123430768
"http://en.wikipedia.org/wiki/Douglas_Crabbe", 48.06486266600905
"http://en.wikipedia.org/wiki/Einstein_and_Eddington", 48.06486266600905
"http://en.wikipedia.org/wiki/Midlothian", 48.06486266600905
"http://en.wikipedia.org/wiki/Matt_Smith_(actor)", 48.06486266600905
"http://en.wikipedia.org/wiki/Slings_and_Arrows", 48.06486266600905
"http://en.wikipedia.org/wiki/Jan_Crull,_Jr.", 48.06486266600905
"http://en.wikipedia.org/wiki/Queanbeyan", 48.06486266600905
"http://en.wikipedia.org/wiki/Vincent_Perronet", 48.06486266600905
"http://en.wikipedia.org/wiki/List_of_films_about_the_RMS_Titanic", 48.06486266600905
"http://en.wikipedia.org/wiki/Busick_Harwood", 47.861768653889236
"http://en.wikipedia.org/wiki/Saint_John%27s_Church_(Hagerstown,_Maryland)", 47.720307236775795
"http://en.wikipedia.org/wiki/John_Loder,_2nd_Baron_Wakehurst", 47.720307236775795
"http://en.wikipedia.org/wiki/List_of_English_writers", 47.720307236775795
"http://en.wikipedia.org/wiki/February_28", 47.720307236775795
"http://en.wikipedia.org/wiki/Mariners%27_Church", 47.720307236775795
"http://en.wikipedia.org/wiki/Barrow_Creek,_Northern_Territory", 47.720307236775795
"http://en.wikipedia.org/wiki/Ghost_of_Christmas_Present", 47.720307236775795
"http://en.wikipedia.org/wiki/Fright_Night", 47.720307236775795
"http://en.wikipedia.org/wiki/May_3", 47.720307236775795
"http://en.wikipedia.org/wiki/Asimov%27s_Biographical_Encyclopedia_of_Science_and_Technology", 47.720307236775795
"http://en.wikipedia.org/wiki/Midnight_(Doctor_Who)", 47.3732458508201
"http://en.wikipedia.org/wiki/List_of_Vanity_Fair_(British_magazine)_caricatures_(1905%E2%80%9309)", 47.3732458508201
"http://en.wikipedia.org/wiki/Tuggeranong", 47.3732458508201
"http://en.wikipedia.org/wiki/Thomas_Elder", 47.3732458508201
"http://en.wikipedia.org/wiki/List_of_actors_who_have_played_the_Doctor", 47.3732458508201
"http://en.wikipedia.org/wiki/Bill_Nighy", 47.3732458508201
"http://en.wikipedia.org/wiki/Henry_Cust", 47.3732458508201
"http://en.wikipedia.org/wiki/Cyrus_Gates_Farmstead", 47.3732458508201
"http://en.wikipedia.org/wiki/Leblanc_process", 47.3732458508201
"http://en.wikipedia.org/wiki/Australian_Overland_Telegraph_Line", 47.3732458508201
"http://en.wikipedia.org/wiki/Takeshi_Nishimoto", 47.215456823558576
"http://en.wikipedia.org/wiki/Adaptations_of_Jane_Eyre", 47.02362302196855
"http://en.wikipedia.org/wiki/Democratic_Labor_Party_(historical)", 47.02362302196855
"http://en.wikipedia.org/wiki/Australian_Labor_Party_split_of_1955", 47.02362302196855
"http://en.wikipedia.org/wiki/Tooth_and_Claw_(Doctor_Who)", 47.02362302196855
"http://en.wikipedia.org/wiki/United_States_Senate_elections,_2014", 47.02362302196855
"http://en.wikipedia.org/wiki/Bibliography_of_New_Zealand_history", 47.02362302196855
"http://en.wikipedia.org/wiki/St_Trinian%27s_2:_The_Legend_of_Fritton%27s_Gold", 47.02362302196855
"http://en.wikipedia.org/wiki/Lord_High_Commissioner_to_the_General_Assembly_of_the_Church_of_Scotland", 47.02362302196855
"http://en.wikipedia.org/wiki/Brian_Blessed", 47.02362302196855
"http://en.wikipedia.org/wiki/Royal_Astronomical_Society", 47.02362302196855
"http://en.wikipedia.org/wiki/Claire_Bloom", 46.67138118571356
"http://en.wikipedia.org/wiki/HMS_Versatile_(D32)", 46.67138118571356
"http://en.wikipedia.org/wiki/William_Giles_(colonial_manager)", 46.67138118571356
"http://en.wikipedia.org/wiki/April_18", 46.67138118571356
"http://en.wikipedia.org/wiki/New_Yorkshire_Writing", 46.67138118571356
"http://en.wikipedia.org/wiki/Neil_Tennant", 46.67138118571356
"http://en.wikipedia.org/wiki/List_of_University_of_Southern_California_people", 46.67138118571356
"http://en.wikipedia.org/wiki/List_of_Doctor_Who_DVD_and_Blu-ray_releases", 46.67138118571356
"http://en.wikipedia.org/wiki/March_2010_in_sports", 46.67138118571356
"http://en.wikipedia.org/wiki/Pollokshaws_Bowling_Club", 46.67138118571356
"http://en.wikipedia.org/wiki/Archie_(comic_strip)", 46.54746681256314
"http://en.wikipedia.org/wiki/Hefner_Soccer_Complex", 46.529006583079415
"http://en.wikipedia.org/wiki/Percy_Wyndham_(politician)", 46.418704555348
"http://en.wikipedia.org/wiki/Charles_Tennant_(politician)", 46.38856253622454
"http://en.wikipedia.org/wiki/Gavin_Petrie", 46.35472285084351
"http://en.wikipedia.org/wiki/2005_in_British_television", 46.31646058856555
"http://en.wikipedia.org/wiki/Junior_Campbell", 46.31646058856555
"http://en.wikipedia.org/wiki/Royal_Society_of_Medicine", 46.31646058856555
"http://en.wikipedia.org/wiki/War_and_Remembrance_(TV_miniseries)", 46.31646058856555
"http://en.wikipedia.org/wiki/The_Adoration_of_the_Kings_(Gossaert)", 46.31646058856555
"http://en.wikipedia.org/wiki/Sandy_Blight_Junction_Road", 46.31646058856555
"http://en.wikipedia.org/wiki/Coventry_Blue_Coat_Church_of_England_School", 46.31646058856555
"http://en.wikipedia.org/wiki/Muckaty_Station", 46.31646058856555
"http://en.wikipedia.org/wiki/HMS_Dido_(1869)", 46.31646058856555
"http://en.wikipedia.org/wiki/William_Tennant_Gairdner", 46.31646058856555
"http://en.wikipedia.org/wiki/William_Thackeray_Marriott", 46.29100498862757
"http://en.wikipedia.org/wiki/Mary_Annie_Sloane", 46.20423639315076
"http://en.wikipedia.org/wiki/Little_Aston_Hall", 45.99331055038999
"http://en.wikipedia.org/wiki/Syrie_Maugham", 45.958799169714084
"http://en.wikipedia.org/wiki/2010_NFL_Draft", 45.958799169714084
"http://en.wikipedia.org/wiki/2012_in_film", 45.958799169714084
"http://en.wikipedia.org/wiki/The_Badger_Herald", 45.958799169714084
"http://en.wikipedia.org/wiki/Totally_Doctor_Who", 45.958799169714084
"http://en.wikipedia.org/wiki/Peter_Rouw", 45.958799169714084
"http://en.wikipedia.org/wiki/Metro_Atlantic_Athletic_Conference", 45.958799169714084
"http://en.wikipedia.org/wiki/List_of_Watford_F.C._seasons", 45.958799169714084
"http://en.wikipedia.org/wiki/Saints_%26_Sinners_(All_Saints_album)", 45.958799169714084
"http://en.wikipedia.org/wiki/Deaths_in_2001", 45.958799169714084
"http://en.wikipedia.org/wiki/William_Forbes_Mackenzie", 45.76043153224293
"http://en.wikipedia.org/wiki/Charles_Ambler_(barrister)", 45.722995685921255
"http://en.wikipedia.org/wiki/Duplex_soil", 45.67637173913662
"http://en.wikipedia.org/wiki/United_States_House_of_Representatives_elections,_1932", 45.59833243433447
"http://en.wikipedia.org/wiki/Thomas_McCall_Anderson", 45.59833243433447
"http://en.wikipedia.org/wiki/List_of_people_from_Cincinnati", 45.59833243433447
"http://en.wikipedia.org/wiki/Australian_Aboriginal_Flag", 45.59833243433447
"http://en.wikipedia.org/wiki/Deep_sleep_therapy", 45.59833243433447
"http://en.wikipedia.org/wiki/Herbert_Gladstone,_1st_Viscount_Gladstone", 45.59833243433447
"http://en.wikipedia.org/wiki/Broad_Street,_Birmingham", 45.59833243433447
"http://en.wikipedia.org/wiki/Sir_John_Easthope,_1st_Baronet", 45.50068680800324
"http://en.wikipedia.org/wiki/Canada_Southern_Railway", 45.26787302125926
"http://en.wikipedia.org/wiki/Rudebox", 45.23499331780702
"http://en.wikipedia.org/wiki/Douglas_Gairdner", 45.23499331780702
"http://en.wikipedia.org/wiki/Ripon_(UK_Parliament_constituency)", 45.23499331780702
"http://en.wikipedia.org/wiki/Geraldine_Cummins", 45.23499331780702
"http://en.wikipedia.org/wiki/Thomas_Harding_(writer)", 45.23499331780702
"http://en.wikipedia.org/wiki/88_Minutes", 45.23499331780702
"http://en.wikipedia.org/wiki/Medicinal_Purposes", 45.208357860443854
"http://en.wikipedia.org/wiki/Cleopatra_Jones_and_the_Casino_of_Gold", 45.01270699313332
"http://en.wikipedia.org/wiki/It_Begins_Again", 44.86871204003981
"http://en.wikipedia.org/wiki/Constance_Fenimore_Woolson", 44.86871204003981
"http://en.wikipedia.org/wiki/Agnes_Goode", 44.86871204003981
"http://en.wikipedia.org/wiki/Andrew_Tennant_(pastoralist)", 44.86871204003981
"http://en.wikipedia.org/wiki/List_of_Watford_F.C._players", 44.86871204003981
"http://en.wikipedia.org/wiki/Takamure_Itsue", 44.86871204003981
"http://en.wikipedia.org/wiki/2010_in_film", 44.86871204003981
"http://en.wikipedia.org/wiki/USS_Nautilus_(1799)", 44.86871204003981
"http://en.wikipedia.org/wiki/William,_Count_of_%C3%89vreux", 44.86871204003981
"http://en.wikipedia.org/wiki/List_of_Doctor_Who_audiobooks", 44.86871204003981
"http://en.wikipedia.org/wiki/List_of_World_War_II_aces_from_the_United_Kingdom", 44.86871204003981
"http://en.wikipedia.org/wiki/Baron_Glenconner", 44.721359549995796
"http://en.wikipedia.org/wiki/William_Jackson,_1st_Baron_Allerton", 44.62230879815472
"http://en.wikipedia.org/wiki/Jan_Etherington", 44.53617714151233
"http://en.wikipedia.org/wiki/Doctor_Who_(2013_specials)", 44.49941594899847
"http://en.wikipedia.org/wiki/Northern_Football_League_(Australia)", 44.49941594899847
"http://en.wikipedia.org/wiki/List_of_St_Helens_RLFC_past_players", 44.49941594899847
"http://en.wikipedia.org/wiki/Richard_Rutt", 44.49941594899847
"http://en.wikipedia.org/wiki/The_Winds_of_War_(miniseries)", 44.49941594899847
"http://en.wikipedia.org/wiki/List_of_English_people", 44.49941594899847
"http://en.wikipedia.org/wiki/Duane_Reade", 44.49941594899847
"http://en.wikipedia.org/wiki/Lasswade_High_School_Centre", 44.49941594899847
"http://en.wikipedia.org/wiki/HMS_Royal_Sovereign_(1891)", 44.49941594899847
"http://en.wikipedia.org/wiki/William_Gossage", 44.49941594899847
"http://en.wikipedia.org/wiki/Mortlock", 44.487826050130465
"http://en.wikipedia.org/wiki/James_Gairdner", 44.46059138210502
"http://en.wikipedia.org/wiki/John_Beecroft", 44.4554224474387
"http://en.wikipedia.org/wiki/Bright_young_things", 44.32026302139592
"http://en.wikipedia.org/wiki/Summer_Heat", 44.23258684646914
"http://en.wikipedia.org/wiki/The_Sitwells", 44.152672441818424
"http://en.wikipedia.org/wiki/Kinistino_(N.W.T._electoral_district)", 44.149207720783416
"http://en.wikipedia.org/wiki/Frederic_William_Henry_Myers", 44.12702935244958
"http://en.wikipedia.org/wiki/List_of_musicals_by_composer:_A_to_L", 44.12702935244958
"http://en.wikipedia.org/wiki/Glasgow_Necropolis", 44.12702935244958
"http://en.wikipedia.org/wiki/HMS_Repulse_(1892)", 44.12702935244958
"http://en.wikipedia.org/wiki/42_(Doctor_Who)", 44.12702935244958
"http://en.wikipedia.org/wiki/December_1", 44.12702935244958
"http://en.wikipedia.org/wiki/October_1", 44.12702935244958
"http://en.wikipedia.org/wiki/2009_in_Wales", 44.12702935244958
"http://en.wikipedia.org/wiki/HMS_Monarch_(1868)", 44.12702935244958
"http://en.wikipedia.org/wiki/William_Leake_(rugby_union)", 44.12702935244958
"http://en.wikipedia.org/wiki/List_of_Doctor_Who_supporting_characters", 44.12702935244958
"http://en.wikipedia.org/wiki/Australian_Labor_Party_(Anti-Communist)", 44.11287732562846
"http://en.wikipedia.org/wiki/The_Coal_King", 43.92976851069794
"http://en.wikipedia.org/wiki/Alexander_McDonnell_(engineer)", 43.91550328268399
"http://en.wikipedia.org/wiki/Sir_John_Barran,_1st_Baronet", 43.89855730355308
"http://en.wikipedia.org/wiki/Mick_Ford", 43.81780460041329
"http://en.wikipedia.org/wiki/Macdonald", 43.751473336813625
"http://en.wikipedia.org/wiki/Clarence_Railway", 43.751473336813625
"http://en.wikipedia.org/wiki/Thomas_McKinnon_Wood", 43.751473336813625
"http://en.wikipedia.org/wiki/Modern_Fantasy:_The_100_Best_Novels", 43.751473336813625
"http://en.wikipedia.org/wiki/December_8", 43.751473336813625
"http://en.wikipedia.org/wiki/1815_in_the_United_Kingdom", 43.751473336813625
"http://en.wikipedia.org/wiki/1907_Sub-Antarctic_Islands_Scientific_Expedition", 43.751473336813625
"http://en.wikipedia.org/wiki/Aberdeen_North_(UK_Parliament_constituency)", 43.751473336813625
"http://en.wikipedia.org/wiki/The_Whole_Duty_of_Man", 43.751473336813625
"http://en.wikipedia.org/wiki/Redmond-Bate_v_Director_of_Public_Prosecutions", 43.751473336813625
"http://en.wikipedia.org/wiki/James_Oswald_(merchant)", 43.751473336813625
"http://en.wikipedia.org/wiki/Thomas_Lister,_4th_Baron_Ribblesdale", 43.704832221970165
"http://en.wikipedia.org/wiki/Langham,_Norfolk", 43.643578047198474
"http://en.wikipedia.org/wiki/William_Anstruther-Gray_(senior)", 43.61391879943235
"http://en.wikipedia.org/wiki/John_Lyttelton,_9th_Viscount_Cobham", 43.574467033059506
"http://en.wikipedia.org/wiki/William_Morris_Davis", 43.506978093831606
"http://en.wikipedia.org/wiki/Mackenzie_Thorpe", 43.495883620084
"http://en.wikipedia.org/wiki/Josie_Rourke", 43.46134936801766
"http://en.wikipedia.org/wiki/Deborah_Cavendish,_Duchess_of_Devonshire", 43.37266557190001
"http://en.wikipedia.org/wiki/1989_in_film", 43.37266557190001
"http://en.wikipedia.org/wiki/List_of_Scottish_writers", 43.37266557190001
"http://en.wikipedia.org/wiki/Royal_Society_of_Literature", 43.37266557190001
"http://en.wikipedia.org/wiki/April_1971", 43.37266557190001
"http://en.wikipedia.org/wiki/Upton-upon-Severn", 43.37266557190001
"http://en.wikipedia.org/wiki/Ontario_Hockey_League", 43.37266557190001
"http://en.wikipedia.org/wiki/Port_Neill,_South_Australia", 43.37266557190001
"http://en.wikipedia.org/wiki/Harcourt_Clare", 43.163849118474516
"http://en.wikipedia.org/wiki/Sir_Charles_Cameron,_1st_Baronet", 43.15953079030419
"http://en.wikipedia.org/wiki/Jeanne_Moreau", 42.99052010015519
"http://en.wikipedia.org/wiki/West_Lothian", 42.99052010015519
"http://en.wikipedia.org/wiki/James_Emerson_Tennent", 42.99052010015519
"http://en.wikipedia.org/wiki/St_Albans_(UK_Parliament_constituency)", 42.99052010015519
"http://en.wikipedia.org/wiki/Doctor_Who:_Destiny_of_the_Doctors", 42.99052010015519
"http://en.wikipedia.org/wiki/Putney_(UK_Parliament_constituency)", 42.99052010015519
"http://en.wikipedia.org/wiki/The_Aerospace_Corporation", 42.99052010015519
"http://en.wikipedia.org/wiki/1999_in_film", 42.99052010015519
"http://en.wikipedia.org/wiki/Wyndham%27s_Theatre", 42.99052010015519
"http://en.wikipedia.org/wiki/Christians_for_Biblical_Equality", 42.99052010015519
"http://en.wikipedia.org/wiki/Farmington_Mine_disaster", 42.99052010015519
"http://en.wikipedia.org/wiki/2011_in_film", 42.99052010015519
"http://en.wikipedia.org/wiki/Who_Do_You_Think_You_Are%3F_(UK_TV_series)", 42.99052010015519
"http://en.wikipedia.org/wiki/List_of_University_of_Southampton_people", 42.99052010015519
"http://en.wikipedia.org/wiki/Scottish_place_names_in_the_United_States", 42.99052010015519
"http://en.wikipedia.org/wiki/A_rose_by_any_other_name_would_smell_as_sweet", 42.99052010015519
"http://en.wikipedia.org/wiki/Dunkirk_(TV_series)", 42.99052010015519
"http://en.wikipedia.org/wiki/Salisbury_(UK_Parliament_constituency)", 42.99052010015519
"http://en.wikipedia.org/wiki/SS_London_(1864)", 42.99052010015519
"http://en.wikipedia.org/wiki/List_of_military_figures_by_nickname", 42.99052010015519
"http://en.wikipedia.org/wiki/List_of_British_generals_and_brigadiers", 42.99052010015519
"http://en.wikipedia.org/wiki/Los_Angeles_Guitar_Quartet", 42.966892442365975
"http://en.wikipedia.org/wiki/Gertrude_Tennant", 42.89522117905444
"http://en.wikipedia.org/wiki/The_Souls", 42.79002121398116
"http://en.wikipedia.org/wiki/Nathaniel_Buchanan", 42.60494710889587
"http://en.wikipedia.org/wiki/List_of_years_in_Australian_literature", 42.60494710889587
"http://en.wikipedia.org/wiki/Peggy_Rockman_Napaljarri", 42.60494710889587
"http://en.wikipedia.org/wiki/1954_in_music", 42.60494710889587
"http://en.wikipedia.org/wiki/List_of_fictional_atheists_and_agnostics", 42.60494710889587
"http://en.wikipedia.org/wiki/HMS_Active_(1869)", 42.60494710889587
"http://en.wikipedia.org/wiki/List_of_Old_Wykehamists", 42.60494710889587
"http://en.wikipedia.org/wiki/List_of_barons_in_the_peerages_of_Britain_and_Ireland", 42.60494710889587
"http://en.wikipedia.org/wiki/1926_in_the_United_Kingdom", 42.60494710889587
"http://en.wikipedia.org/wiki/Blooded_(film)", 42.60494710889587
"http://en.wikipedia.org/wiki/Alexander_Tennant", 42.56853928563619
"http://en.wikipedia.org/wiki/Charles_Ottley_Groom_Napier", 42.56853928563619
"http://en.wikipedia.org/wiki/Keep_the_Change_(film)", 42.511515094885176
"http://en.wikipedia.org/wiki/High_Sheriff_of_Staffordshire", 42.21585268381751
"http://en.wikipedia.org/wiki/HMS_Swinger_(1872)", 42.21585268381751
"http://en.wikipedia.org/wiki/Introspective", 42.21585268381751
"http://en.wikipedia.org/wiki/William_Tennant_(Royal_Navy_officer)", 42.21585268381751
"http://en.wikipedia.org/wiki/1838", 42.21585268381751
"http://en.wikipedia.org/wiki/List_of_Lincoln_City_F.C._players_(25%E2%80%9399_appearances)", 42.21585268381751
"http://en.wikipedia.org/wiki/Arsenic_toxicity", 42.21585268381751
"http://en.wikipedia.org/wiki/2005_in_film", 42.21585268381751
"http://en.wikipedia.org/wiki/Roger_Lloyd-Pack", 42.21585268381751
"http://en.wikipedia.org/wiki/Winnipeg_municipal_election,_1953", 42.21585268381751
"http://en.wikipedia.org/wiki/Dan_McTeague", 42.21585268381751
"http://en.wikipedia.org/wiki/The_Hollywood_Knights", 42.21585268381751
"http://en.wikipedia.org/wiki/William_H._Cade", 42.19128715791786
"http://en.wikipedia.org/wiki/Betty_Jane_Wylie", 42.1637021355784
"http://en.wikipedia.org/wiki/James_Grimston,_2nd_Earl_of_Verulam", 42.036511190777595
"http://en.wikipedia.org/wiki/Singleton%27s_Graveyard", 42.00840252084029
"http://en.wikipedia.org/wiki/The_Proposal_(Animorphs)", 41.97754801611135
"http://en.wikipedia.org/wiki/Martindale_Hall", 41.968602983225885
"http://en.wikipedia.org/wiki/Universal_resurrection", 41.907903806247475
"http://en.wikipedia.org/wiki/Group_9_element", 41.84676897602394
"http://en.wikipedia.org/wiki/Nancy_Phelan", 41.823138541861596
"http://en.wikipedia.org/wiki/Katharine_Elliot,_Baroness_Elliot_of_Harwood", 41.823138541861596
"http://en.wikipedia.org/wiki/EQ_Nicholson", 41.823138541861596
"http://en.wikipedia.org/wiki/HMS_Egeria_(1873)", 41.823138541861596
"http://en.wikipedia.org/wiki/Sir_Michael_Duff,_3rd_Baronet", 41.823138541861596
"http://en.wikipedia.org/wiki/HMS_St_Lawrence_(1813)", 41.823138541861596
"http://en.wikipedia.org/wiki/Military_in_Calgary", 41.823138541861596
"http://en.wikipedia.org/wiki/West_Virginia_Mountaineer", 41.823138541861596
"http://en.wikipedia.org/wiki/Robert_McGhee_(minister)", 41.823138541861596
"http://en.wikipedia.org/wiki/Star_of_Midnight", 41.823138541861596
"http://en.wikipedia.org/wiki/Private_Passions", 41.823138541861596
"http://en.wikipedia.org/wiki/List_of_Liverpool_F.C._players_(25%E2%80%9399_appearances)", 41.823138541861596
"http://en.wikipedia.org/wiki/Timeline_of_clothing_and_textiles_technology", 41.823138541861596
"http://en.wikipedia.org/wiki/Richard_Bethell,_1st_Baron_Westbury", 41.823138541861596
"http://en.wikipedia.org/wiki/James_Henderson_Blount", 41.823138541861596
"http://en.wikipedia.org/wiki/Seconds_Apart", 41.81959975617672
"http://en.wikipedia.org/wiki/Lord_Lieutenant_of_Worcestershire", 41.73215826802953
"http://en.wikipedia.org/wiki/Thomas_Coke,_5th_Earl_of_Leicester", 41.67165638785894
"http://en.wikipedia.org/wiki/Allan_G._Wyon", 41.620709563472474
"http://en.wikipedia.org/wiki/Tennant_(surname)", 41.56047072968167
"http://en.wikipedia.org/wiki/The_Soap_Factory", 41.48409614006481
"http://en.wikipedia.org/wiki/Cowan_(surname)", 41.44624724921359
"http://en.wikipedia.org/wiki/Physician_to_the_Queen", 41.44624724921359
"http://en.wikipedia.org/wiki/Literary_and_Philosophical_Society_of_Newcastle_upon_Tyne", 41.443422299665315
"http://en.wikipedia.org/wiki/Socialist_Party_of_Great_Britain_debates", 41.42670174128899
"http://en.wikipedia.org/wiki/Brennan_Manning", 41.42670174128899
"http://en.wikipedia.org/wiki/List_of_United_Kingdom_by-elections_(1885%E2%80%931900)", 41.42670174128899
"http://en.wikipedia.org/wiki/Bancroft_Library", 41.42670174128899
"http://en.wikipedia.org/wiki/List_of_Fellows_of_the_Royal_Society_G,H,I", 41.42670174128899
"http://en.wikipedia.org/wiki/History_of_cricket_in_New_Zealand_to_1890", 41.42670174128899
"http://en.wikipedia.org/wiki/1897_in_literature", 41.42670174128899
"http://en.wikipedia.org/wiki/Olivia_Williams", 41.42670174128899
"http://en.wikipedia.org/wiki/Walhallow_Station", 41.35850959342555
"http://en.wikipedia.org/wiki/Darlington_Railway_Centre_and_Museum", 41.20816918460671
"http://en.wikipedia.org/wiki/The_Glen,_Scottish_Borders", 41.183893383274814
"http://en.wikipedia.org/wiki/Thomas_Howes_(actor)", 41.13766756037212
"http://en.wikipedia.org/wiki/Circus_Days", 41.08907018066591
"http://en.wikipedia.org/wiki/John_Francis_Mitchell", 41.02643436653596
"http://en.wikipedia.org/wiki/List_of_United_Kingdom_by-elections_(1900%E2%80%931918)", 41.02643436653596
"http://en.wikipedia.org/wiki/List_of_Painkiller_Jane_episodes", 41.02643436653596
"http://en.wikipedia.org/wiki/United_States_House_of_Representatives_elections,_1938", 41.02643436653596
"http://en.wikipedia.org/wiki/2005%E2%80%9306_OHL_season", 41.02643436653596
"http://en.wikipedia.org/wiki/List_of_United_Kingdom_by-elections_(1868%E2%80%931885)", 41.02643436653596
"http://en.wikipedia.org/wiki/2006_New_Year_Honours", 41.02643436653596
"http://en.wikipedia.org/wiki/1941_in_literature", 41.02643436653596
"http://en.wikipedia.org/wiki/Barkly_Tableland", 41.02643436653596
"http://en.wikipedia.org/wiki/Monroe,_Wisconsin", 41.02643436653596
"http://en.wikipedia.org/wiki/Supreme_Court_of_the_Northern_Territory", 41.02643436653596
"http://en.wikipedia.org/wiki/HMS_Resolution_(1892)", 41.02643436653596
"http://en.wikipedia.org/wiki/Fry%27s_Planet_Word", 41.02643436653596
"http://en.wikipedia.org/wiki/State_Library_of_South_Australia", 41.02643436653596
"http://en.wikipedia.org/wiki/1991_in_film", 41.02643436653596
"http://en.wikipedia.org/wiki/List_of_people_from_Ohio", 41.02643436653596
"http://en.wikipedia.org/wiki/Obesity-associated_morbidity", 41.02643436653596
"http://en.wikipedia.org/wiki/Longest_tennis_match_records", 41.02643436653596
"http://en.wikipedia.org/wiki/List_of_directorial_debuts", 41.02643436653596
"http://en.wikipedia.org/wiki/Esmond_Harmsworth,_2nd_Viscount_Rothermere", 41.02643436653596
"http://en.wikipedia.org/wiki/Leo_Myers", 40.973553870616605
"http://en.wikipedia.org/wiki/List_of_people_on_stamps_of_the_United_Kingdom", 40.622223185119374
"http://en.wikipedia.org/wiki/1988_in_Australia", 40.622223185119374
"http://en.wikipedia.org/wiki/Flossmoor,_Illinois", 40.622223185119374
"http://en.wikipedia.org/wiki/Hastings_(UK_Parliament_constituency)", 40.622223185119374
"http://en.wikipedia.org/wiki/2012_Birthday_Honours", 40.622223185119374
"http://en.wikipedia.org/wiki/1992_Birthday_Honours", 40.622223185119374
"http://en.wikipedia.org/wiki/Shaun_Dingwall", 40.622223185119374
"http://en.wikipedia.org/wiki/List_of_musicals_by_composer:_M_to_Z", 40.622223185119374
"http://en.wikipedia.org/wiki/Secretary_of_State_for_Scotland", 40.622223185119374
"http://en.wikipedia.org/wiki/1768", 40.622223185119374
"http://en.wikipedia.org/wiki/Central_Bucks_High_School_South", 40.51902077760665
"http://en.wikipedia.org/wiki/Geoffrey_Howard_(Liberal_politician)", 40.48030956137655
"http://en.wikipedia.org/wiki/Leckhampton,_Corpus_Christi_College,_Cambridge", 40.47499544129309
"http://en.wikipedia.org/wiki/Walter_Elliot_(Scottish_politician)", 40.36867138796656
"http://en.wikipedia.org/wiki/List_of_American_films_of_2011", 40.21394927349982
"http://en.wikipedia.org/wiki/2012_Australia_Day_Honours", 40.21394927349982
"http://en.wikipedia.org/wiki/HMS_Inconstant_(1868)", 40.21394927349982
"http://en.wikipedia.org/wiki/Miranda_Raison", 40.21394927349982
"http://en.wikipedia.org/wiki/Estelle_Taylor", 40.21394927349982
"http://en.wikipedia.org/wiki/Kim_Darby", 40.21394927349982
"http://en.wikipedia.org/wiki/National_Outdoor_Book_Award", 40.21394927349982
"http://en.wikipedia.org/wiki/Edward_Marjoribanks,_2nd_Baron_Tweedmouth", 40.21394927349982
"http://en.wikipedia.org/wiki/University_of_Lethbridge", 40.21394927349982
"http://en.wikipedia.org/wiki/1896_FA_Cup_Final", 40.21394927349982
"http://en.wikipedia.org/wiki/Stella_Tennant", 40.21394927349982
"http://en.wikipedia.org/wiki/Juliet_Stevenson", 40.21394927349982
"http://en.wikipedia.org/wiki/List_of_film_score_composers", 40.21394927349982
"http://en.wikipedia.org/wiki/Bibliography_of_Christadelphians", 40.21394927349982
"http://en.wikipedia.org/wiki/Tom_Wall", 40.19184762342502
"http://en.wikipedia.org/wiki/William_Anstruther-Gray,_Baron_Kilmany", 40.08918628686366
"http://en.wikipedia.org/wiki/Petrit_%C3%87eku", 40.08918628686366
"http://en.wikipedia.org/wiki/We_Married_Margo", 40.055931045730276
"http://en.wikipedia.org/wiki/Regius_Professor_of_Medicine_and_Therapeutics,_Glasgow", 39.93860318714061
"http://en.wikipedia.org/wiki/Christoffel_Brand", 39.833602236788366
"http://en.wikipedia.org/wiki/List_of_American_films_of_2010", 39.80148760839956
"http://en.wikipedia.org/wiki/Deaths_in_September_2006", 39.80148760839956
"http://en.wikipedia.org/wiki/Deaths_in_August_2010", 39.80148760839956
"http://en.wikipedia.org/wiki/Sphinx_(film)", 39.80148760839956
"http://en.wikipedia.org/wiki/Great_Seal_of_Scotland", 39.80148760839956
"http://en.wikipedia.org/wiki/List_of_gay,_lesbian_or_bisexual_people:_T%E2%80%93V", 39.80148760839956
"http://en.wikipedia.org/wiki/Malvolio", 39.80148760839956
"http://en.wikipedia.org/wiki/1803_in_the_United_Kingdom", 39.80148760839956
"http://en.wikipedia.org/wiki/List_of_cricket_and_rugby_union_players", 39.80148760839956
"http://en.wikipedia.org/wiki/Paul_Englishby", 39.80148760839956
"http://en.wikipedia.org/wiki/Jealousy_(Pet_Shop_Boys_song)", 39.80148760839956
"http://en.wikipedia.org/wiki/Camooweal", 39.80148760839956
"http://en.wikipedia.org/wiki/Evolution_(JLS_album)", 39.80148760839956
"http://en.wikipedia.org/wiki/List_of_major_surface_ships_of_the_Ottoman_steam_navy", 39.80148760839956
"http://en.wikipedia.org/wiki/Ian_Brooker_(actor)", 39.80148760839956
"http://en.wikipedia.org/wiki/Sir_Charles_Tennant,_1st_Baronet", 39.62635403218794
"http://en.wikipedia.org/wiki/Lobby_Hero", 39.58308068477864
"http://en.wikipedia.org/wiki/Sophie_Aldred", 39.50042642735978
"http://en.wikipedia.org/wiki/William_Dennis_Weeks_Memorial_Library", 39.44053188733077
"http://en.wikipedia.org/wiki/1943_in_literature", 39.38470661959476
"http://en.wikipedia.org/wiki/1985_in_film", 39.38470661959476
"http://en.wikipedia.org/wiki/Sister_Mary_Explains_It_All", 39.38470661959476
"http://en.wikipedia.org/wiki/Victoria_Wicks", 39.38470661959476
"http://en.wikipedia.org/wiki/Michael_J_McEvoy", 39.38470661959476
"http://en.wikipedia.org/wiki/Orkney_and_Shetland_(UK_Parliament_constituency)", 39.38470661959476
"http://en.wikipedia.org/wiki/Hamlet_(disambiguation)", 39.33142923880152
"http://en.wikipedia.org/wiki/Lord_Lieutenant_of_Peeblesshire", 39.31226965534482
"http://en.wikipedia.org/wiki/Let_Us_Live", 39.151586370522296
"http://en.wikipedia.org/wiki/Caird_%26_Company", 39.07804493650001
"http://en.wikipedia.org/wiki/Korean_studies", 38.99663225445167
"http://en.wikipedia.org/wiki/J._M._Robertson", 38.96346769964806
"http://en.wikipedia.org/wiki/1981_in_film", 38.96346769964806
"http://en.wikipedia.org/wiki/North_America_and_West_Indies_Station", 38.96346769964806
"http://en.wikipedia.org/wiki/Pendle_Council_election,_2002", 38.96346769964806
"http://en.wikipedia.org/wiki/List_of_United_States_political_families_(W)", 38.96346769964806
"http://en.wikipedia.org/wiki/Beerbohm_family", 38.96346769964806
"http://en.wikipedia.org/wiki/List_of_Fellows_of_the_Royal_Society_S,T,U,V", 38.96346769964806
"http://en.wikipedia.org/wiki/High_Sheriff_of_Nottinghamshire", 38.96346769964806
"http://en.wikipedia.org/wiki/List_of_television_programs_in_which_one_character_was_played_by_multiple_actors", 38.96346769964806
"http://en.wikipedia.org/wiki/List_of_universities_in_Australia", 38.96346769964806
"http://en.wikipedia.org/wiki/James_Campbell_Clouston", 38.96346769964806
"http://en.wikipedia.org/wiki/1906_in_the_United_Kingdom", 38.96346769964806
"http://en.wikipedia.org/wiki/All_Souls,_Blackman_Lane", 38.96346769964806
"http://en.wikipedia.org/wiki/Manse", 38.72983346207417
"http://en.wikipedia.org/wiki/The_Key_(1934_film)", 38.665444666985024
"http://en.wikipedia.org/wiki/Strangers_Kiss", 38.61642228606165
"http://en.wikipedia.org/wiki/Glasgow_(UK_Parliament_constituency)", 38.59224924939799
"http://en.wikipedia.org/wiki/David_Tennant_Cowan", 38.537624665403094
"http://en.wikipedia.org/wiki/List_of_minerals_named_after_people", 38.537624665403094
"http://en.wikipedia.org/wiki/1956_in_Wales", 38.537624665403094
"http://en.wikipedia.org/wiki/List_of_authors_of_%27%27Climate_Change_2007:_The_Physical_Science_Basis%27%27", 38.537624665403094
"http://en.wikipedia.org/wiki/List_of_members_of_London_County_Council_1949%E2%80%931965", 38.537624665403094
"http://en.wikipedia.org/wiki/Lethbridge_(provincial_electoral_district)", 38.537624665403094
"http://en.wikipedia.org/wiki/List_of_tramroads_in_South_Wales", 38.537624665403094
"http://en.wikipedia.org/wiki/1761_in_science", 38.490017945975055
"http://en.wikipedia.org/wiki/Richard_Symonds-Tayler", 38.45612096190436
"http://en.wikipedia.org/wiki/Harry_G._E._Luchford", 38.26598638851107
"http://en.wikipedia.org/wiki/Gateshead_(UK_Parliament_constituency)", 38.10702316530972
"http://en.wikipedia.org/wiki/List_of_unreleased_Britney_Spears_songs", 38.10702316530972
"http://en.wikipedia.org/wiki/David_Knijnenburg", 38.10702316530972
"http://en.wikipedia.org/wiki/Candidates_of_the_Australian_federal_election,_1961", 38.10702316530972
"http://en.wikipedia.org/wiki/1971_in_film", 38.10702316530972
"http://en.wikipedia.org/wiki/Tube_Tales", 38.10702316530972
"http://en.wikipedia.org/wiki/High_Sheriff_of_Tyrone", 38.10702316530972
"http://en.wikipedia.org/wiki/List_of_guest_appearances_in_Doctor_Who", 38.10702316530972
"http://en.wikipedia.org/wiki/1912_in_literature", 38.10702316530972
"http://en.wikipedia.org/wiki/Sir_Philip_Miles,_2nd_Baronet", 38.10702316530972
"http://en.wikipedia.org/wiki/List_of_Australian_novelists", 38.10702316530972
"http://en.wikipedia.org/wiki/Hallo_Spaceboy", 38.10702316530972
"http://en.wikipedia.org/wiki/High_Sheriff_of_Antrim", 38.10702316530972
"http://en.wikipedia.org/wiki/Alutiiq_language", 38.069349381344054
"http://en.wikipedia.org/wiki/David_Ogilvy,_12th_Earl_of_Airlie", 37.871664185868184
"http://en.wikipedia.org/wiki/1815_in_science", 37.86412228313765
"http://en.wikipedia.org/wiki/1987_in_film", 37.67150002576775
"http://en.wikipedia.org/wiki/Locomotives_of_the_North_Eastern_Railway", 37.67150002576775
"http://en.wikipedia.org/wiki/List_of_MPs_elected_in_the_United_Kingdom_general_election,_1900", 37.67150002576775
"http://en.wikipedia.org/wiki/2009_Atlantic_Coast_Conference_football_season", 37.67150002576775
"http://en.wikipedia.org/wiki/Paisley_Grammar_School", 37.67150002576775
"http://en.wikipedia.org/wiki/List_of_American_films_of_1995", 37.67150002576775
"http://en.wikipedia.org/wiki/Asquith_family", 37.67150002576775
"http://en.wikipedia.org/wiki/Scottish_place_names_in_Australia", 37.67150002576775
"http://en.wikipedia.org/wiki/1988_in_film", 37.67150002576775
"http://en.wikipedia.org/wiki/1995_in_film", 37.67150002576775
"http://en.wikipedia.org/wiki/Electric_(Pet_Shop_Boys_album)", 37.67150002576775
"http://en.wikipedia.org/wiki/Port_Dundas", 37.67150002576775
"http://en.wikipedia.org/wiki/Michael_Rooker", 37.67150002576775
"http://en.wikipedia.org/wiki/Northern_Territory_Fire_and_Rescue_Service", 37.67150002576775
"http://en.wikipedia.org/wiki/List_of_Vanity_Fair_(British_magazine)_caricatures_(1910%E2%80%9314)", 37.67150002576775
"http://en.wikipedia.org/wiki/Glasgow_Central_(UK_Parliament_constituency)", 37.67150002576775
"http://en.wikipedia.org/wiki/Johnstone_(surname)", 37.51542892474252
"http://en.wikipedia.org/wiki/Irvine_Glennie", 37.5
"http://en.wikipedia.org/wiki/Abigail_Rokison", 37.4916322658782
"http://en.wikipedia.org/wiki/USC_Thornton_School_of_Music", 37.23088252863993
"http://en.wikipedia.org/wiki/1926_in_Wales", 37.23088252863993
"http://en.wikipedia.org/wiki/Anglo-German_Fellowship", 37.23088252863993
"http://en.wikipedia.org/wiki/List_of_American_films_of_1987", 37.23088252863993
"http://en.wikipedia.org/wiki/Edward_Baines_(1800%E2%80%931890)", 37.23088252863993
"http://en.wikipedia.org/wiki/Secretary_of_State_of_West_Virginia", 37.23088252863993
"http://en.wikipedia.org/wiki/List_of_hereditary_baronies_in_the_Peerage_of_the_United_Kingdom", 37.23088252863993
"http://en.wikipedia.org/wiki/William_Ranson_Mortlock", 37.23088252863993
"http://en.wikipedia.org/wiki/Toronto_municipal_election,_1954", 37.23088252863993
"http://en.wikipedia.org/wiki/Guitar_Legend:_The_RCA_Years", 37.23088252863993
"http://en.wikipedia.org/wiki/John_Spencer-Churchill,_10th_Duke_of_Marlborough", 37.23088252863993
"http://en.wikipedia.org/wiki/Helen_F._Holt", 37.1884218998905
"http://en.wikipedia.org/wiki/The_Exterminators_(Doctor_Who_audio)", 37.16959708375141
"http://en.wikipedia.org/wiki/HMS_Nottingham_(1913)", 37.13906763541036
"http://en.wikipedia.org/wiki/Sir_Francis_Dyke_Acland,_14th_Baronet", 37.05724539978273
"http://en.wikipedia.org/wiki/1797_in_science", 36.98001308168194
"http://en.wikipedia.org/wiki/Second_Leiter_Building", 36.98001308168194
"http://en.wikipedia.org/wiki/Beverley_Grammar_School", 36.92744729379982
"http://en.wikipedia.org/wiki/2007%E2%80%9308_OHL_season", 36.78498761086312
"http://en.wikipedia.org/wiki/Science_Writing_Award", 36.78498761086312
"http://en.wikipedia.org/wiki/William_%26_Kate", 36.78498761086312
"http://en.wikipedia.org/wiki/Liberal_Government_1905%E2%80%931915", 36.78498761086312
"http://en.wikipedia.org/wiki/Ekachai_Jearakul", 36.78498761086312
"http://en.wikipedia.org/wiki/Victoria_Tennant", 36.78498761086312
"http://en.wikipedia.org/wiki/Peebles_and_Selkirk_(UK_Parliament_constituency)", 36.760731104690386
"http://en.wikipedia.org/wiki/Ariel_poems_(Faber)", 36.59114829970786
"http://en.wikipedia.org/wiki/List_of_Doctor_Who_cast_members", 36.33362097563798
"http://en.wikipedia.org/wiki/List_of_American_films_of_1997", 36.33362097563798
"http://en.wikipedia.org/wiki/2006%E2%80%9307_OHL_season", 36.33362097563798
"http://en.wikipedia.org/wiki/Voices_of_the_W.I.", 36.33362097563798
"http://en.wikipedia.org/wiki/Real_Relay", 36.33362097563798
"http://en.wikipedia.org/wiki/Lindsay_Posner", 36.33362097563798
"http://en.wikipedia.org/wiki/2009%E2%80%9310_OHL_season", 36.33362097563798
"http://en.wikipedia.org/wiki/List_of_playwrights_by_nationality_and_year_of_birth", 36.33362097563798
"http://en.wikipedia.org/wiki/(Red)_Christmas", 36.313651960128155
"http://en.wikipedia.org/wiki/List_of_American_films_of_2008", 35.8765761029573
"http://en.wikipedia.org/wiki/List_of_MPs_elected_in_the_United_Kingdom_general_election,_1895", 35.8765761029573
"http://en.wikipedia.org/wiki/List_of_MPs_elected_in_the_United_Kingdom_general_election,_1906", 35.8765761029573
"http://en.wikipedia.org/wiki/1895_in_art", 35.8765761029573
"http://en.wikipedia.org/wiki/List_of_Fortians", 35.8765761029573
"http://en.wikipedia.org/wiki/2012%E2%80%9313_OHL_season", 35.8765761029573
"http://en.wikipedia.org/wiki/1761_in_Great_Britain", 35.8765761029573
"http://en.wikipedia.org/wiki/Mowat_Cup", 35.8765761029573
"http://en.wikipedia.org/wiki/1912_in_Australia", 35.8765761029573
"http://en.wikipedia.org/wiki/Kathryn_Drysdale", 35.751859933740576
"http://en.wikipedia.org/wiki/Market_Building,_Penzance", 35.72948005052482
"http://en.wikipedia.org/wiki/Sheriff_of_Dublin_City", 35.41363314517806
"http://en.wikipedia.org/wiki/List_of_American_films_of_2002", 35.41363314517806
"http://en.wikipedia.org/wiki/Page_of_Honour", 35.41363314517806
"http://en.wikipedia.org/wiki/List_of_game_show_hosts", 35.41363314517806
"http://en.wikipedia.org/wiki/List_of_comedy_films_of_the_2000s", 35.41363314517806
"http://en.wikipedia.org/wiki/List_of_American_films_of_1991", 35.41363314517806
"http://en.wikipedia.org/wiki/Rushmoor_Council_election,_2006", 35.41363314517806
"http://en.wikipedia.org/wiki/Candidates_of_the_Victorian_state_election,_2006", 35.41363314517806
"http://en.wikipedia.org/wiki/Silvertown_(UK_Parliament_constituency)", 35.41363314517806
"http://en.wikipedia.org/wiki/1784_in_literature", 35.41363314517806
"http://en.wikipedia.org/wiki/The_Demons_(Doctor_Who_audio)", 35.233213170882216
"http://en.wikipedia.org/wiki/Parliamentary_Secretary_to_the_Board_of_Trade", 35.03245248726853
"http://en.wikipedia.org/wiki/List_of_lead_vocalists", 34.94455769087972
"http://en.wikipedia.org/wiki/Order_of_precedence_in_Northern_Ireland", 34.94455769087972
"http://en.wikipedia.org/wiki/2008%E2%80%9309_OHL_season", 34.94455769087972
"http://en.wikipedia.org/wiki/Candidates_of_the_Victorian_state_election,_2010", 34.94455769087972
"http://en.wikipedia.org/wiki/List_of_people_on_the_cover_of_Attitude_magazine", 34.94455769087972
"http://en.wikipedia.org/wiki/British_Fantasy_Award", 34.94455769087972
"http://en.wikipedia.org/wiki/Master_of_the_Mercers%27_Company", 34.94455769087972
"http://en.wikipedia.org/wiki/Fayetteville_Historic_Square", 34.94455769087972
"http://en.wikipedia.org/wiki/Colonel_Light_Gardens,_South_Australia", 34.94455769087972
"http://en.wikipedia.org/wiki/FIBT_World_Championships", 34.94455769087972
"http://en.wikipedia.org/wiki/Morris_(electoral_district)", 34.740416688982556
"http://en.wikipedia.org/wiki/1803_in_science", 34.72281323374084
"http://en.wikipedia.org/wiki/Berwickshire_(UK_Parliament_constituency)", 34.554737023254404
"http://en.wikipedia.org/wiki/NGC_3227", 34.503277967117704
"http://en.wikipedia.org/wiki/Durham_County_Council_election,_2005", 34.46909937728556
"http://en.wikipedia.org/wiki/Candidates_of_the_Australian_federal_election,_1943", 34.46909937728556
"http://en.wikipedia.org/wiki/Candidates_of_the_Australian_federal_election,_1996", 34.46909937728556
"http://en.wikipedia.org/wiki/2007_New_Year_Honours", 34.46909937728556
"http://en.wikipedia.org/wiki/List_of_companies_based_in_London", 34.46909937728556
"http://en.wikipedia.org/wiki/1930%E2%80%9331_Stoke_City_F.C._season", 34.46909937728556
"http://en.wikipedia.org/wiki/Henry_Fonda_filmography", 34.46909937728556
"http://en.wikipedia.org/wiki/List_of_shipwrecks_in_March_1918", 34.46909937728556
"http://en.wikipedia.org/wiki/The_Decoy_Bride", 34.4190207522968
"http://en.wikipedia.org/wiki/Toronto_municipal_election,_1955", 34.39179697143973
"http://en.wikipedia.org/wiki/Hamlet_(2009_TV_film)", 34.25593945223371
"http://en.wikipedia.org/wiki/List_of_British_cyclists", 33.98699032793511
"http://en.wikipedia.org/wiki/List_of_Vanity_Fair_(British_magazine)_caricatures_(1880%E2%80%9384)", 33.98699032793511
"http://en.wikipedia.org/wiki/List_of_American_films_of_1998", 33.98699032793511
"http://en.wikipedia.org/wiki/List_of_Stoke_City_F.C._players_(25%E2%80%9399_appearances)", 33.98699032793511
"http://en.wikipedia.org/wiki/Showgirl:_The_Greatest_Hits_Tour", 33.98699032793511
"http://en.wikipedia.org/wiki/1804_in_science", 33.98699032793511
"http://en.wikipedia.org/wiki/List_of_playwrights", 33.98699032793511
"http://en.wikipedia.org/wiki/Chain_Reaction_(radio)", 33.94725845892895
"http://en.wikipedia.org/wiki/Fantome-class_sloop", 33.927557187198836
"http://en.wikipedia.org/wiki/HMS_Vulcan_(1889)", 33.90317518104052
"http://en.wikipedia.org/wiki/Force_Z", 33.66501646120692
"http://en.wikipedia.org/wiki/Financial_Secretary_to_the_War_Office", 33.52999187338979
"http://en.wikipedia.org/wiki/9th_Parliament_of_the_United_Kingdom", 33.49794338793237
"http://en.wikipedia.org/wiki/List_of_paintings_by_Dante_Gabriel_Rossetti", 33.49794338793237
"http://en.wikipedia.org/wiki/List_of_newspaper_comic_strips_A%E2%80%93F", 33.49794338793237
"http://en.wikipedia.org/wiki/List_of_Transcendental_Meditation_practitioners", 33.49794338793237
"http://en.wikipedia.org/wiki/Wakefield_Council_election,_2004", 33.49794338793237
"http://en.wikipedia.org/wiki/News_Profile", 33.41782861042191
"http://en.wikipedia.org/wiki/Berwick_and_Haddington_(UK_Parliament_constituency)", 33.33333333333333
"http://en.wikipedia.org/wiki/Results", 33.22166356108445
"http://en.wikipedia.org/wiki/List_of_action_films_of_the_2010s", 33.001650123760314
"http://en.wikipedia.org/wiki/List_of_20th-century_earthquakes", 33.001650123760314
"http://en.wikipedia.org/wiki/Durham_County_Council_election,_2008", 33.001650123760314
"http://en.wikipedia.org/wiki/List_of_American_films_of_1999", 33.001650123760314
"http://en.wikipedia.org/wiki/List_of_British_films_of_2009", 33.001650123760314
"http://en.wikipedia.org/wiki/New_York_state_elections,_2008", 33.001650123760314
"http://en.wikipedia.org/wiki/List_of_Warwickshire_CCC_players", 33.001650123760314
"http://en.wikipedia.org/wiki/2011%E2%80%9312_OHL_season", 33.001650123760314
"http://en.wikipedia.org/wiki/Wakefield_Council_election,_2006", 33.001650123760314
"http://en.wikipedia.org/wiki/Camille_Coduri", 33.001650123760314
"http://en.wikipedia.org/wiki/2004%E2%80%9305_OHL_season", 33.001650123760314
"http://en.wikipedia.org/wiki/Canadian_Hockey_League_awards", 32.659863237109036
"http://en.wikipedia.org/wiki/List_of_American_films_of_2005", 32.497778548095496
"http://en.wikipedia.org/wiki/List_of_lakes_in_New_Zealand", 32.497778548095496
"http://en.wikipedia.org/wiki/List_of_The_Nerdist_Podcast_episodes", 32.497778548095496
"http://en.wikipedia.org/wiki/5th_Legislative_Assembly_of_Manitoba", 32.497778548095496
"http://en.wikipedia.org/wiki/Screen_One", 32.497778548095496
"http://en.wikipedia.org/wiki/1988_in_literature", 32.497778548095496
"http://en.wikipedia.org/wiki/List_of_Fellows_of_the_Royal_Society_of_Arts", 32.497778548095496
"http://en.wikipedia.org/wiki/1990_Birthday_Honours", 32.497778548095496
"http://en.wikipedia.org/wiki/List_of_comedy_films_of_the_2010s", 32.497778548095496
"http://en.wikipedia.org/wiki/Humanitas_Prize_for_30_Minute_Network_or_Syndicated_Television", 32.497778548095496
"http://en.wikipedia.org/wiki/Chartered_Institute_of_Patent_Attorneys", 32.44428422615251
"http://en.wikipedia.org/wiki/1954_in_British_music", 32.191138998982524
"http://en.wikipedia.org/wiki/With_Byrd_at_the_South_Pole", 32.009219983224
"http://en.wikipedia.org/wiki/List_of_members_of_the_International_Olympic_Committee", 31.985970521949515
"http://en.wikipedia.org/wiki/Critics%27_Circle_Theatre_Award", 31.985970521949515
"http://en.wikipedia.org/wiki/List_of_Knights_and_Ladies_of_the_Thistle", 31.985970521949515
"http://en.wikipedia.org/wiki/ALS_Gold_Medal", 31.985970521949515
"http://en.wikipedia.org/wiki/List_of_Scottish_rugby_union_players", 31.985970521949515
"http://en.wikipedia.org/wiki/List_of_MPs_elected_in_the_United_Kingdom_general_election,_January_1910", 31.985970521949515
"http://en.wikipedia.org/wiki/The_Healers_(audio_drama)", 31.851102863530308
"http://en.wikipedia.org/wiki/The_Warriors_(Doctor_Who_audio)", 31.622776601683793
"http://en.wikipedia.org/wiki/The_Survivors_(Doctor_Who_audio)", 31.510439562444066
"http://en.wikipedia.org/wiki/List_of_Companions_of_the_Order_of_Canada", 31.46583877637763
"http://en.wikipedia.org/wiki/Oxford_period_poetry_anthologies", 31.46583877637763
"http://en.wikipedia.org/wiki/Trinity_College_Chapel,_Cambridge", 31.46583877637763
"http://en.wikipedia.org/wiki/List_of_Members_of_the_Order_of_the_Companions_of_Honour", 31.46583877637763
"http://en.wikipedia.org/wiki/National_Register_of_Historic_Places_listings_in_Fairfield_County,_Ohio", 31.46583877637763
"http://en.wikipedia.org/wiki/List_of_Scotland_national_rugby_union_players", 31.46583877637763
"http://en.wikipedia.org/wiki/National_Register_of_Historic_Places_listings_in_Northwest_Philadelphia", 31.46583877637763
"http://en.wikipedia.org/wiki/List_of_Scottish_dramatists", 30.995139779590147
"http://en.wikipedia.org/wiki/List_of_godchildren_of_members_of_the_British_Royal_Family", 30.936963483363343
"http://en.wikipedia.org/wiki/List_of_MPs_elected_in_the_United_Kingdom_general_election,_1880", 30.936963483363343
"http://en.wikipedia.org/wiki/List_of_MPs_elected_in_the_United_Kingdom_general_election,_1885", 30.936963483363343
"http://en.wikipedia.org/wiki/1983_New_Year_Honours", 30.936963483363343
"http://en.wikipedia.org/wiki/Rushmoor_Council_election,_2012", 30.936963483363343
"http://en.wikipedia.org/wiki/Poems_of_Today", 30.936963483363343
"http://en.wikipedia.org/wiki/2010%E2%80%9311_OHL_season", 30.936963483363343
"http://en.wikipedia.org/wiki/List_of_MPs_elected_in_the_United_Kingdom_general_election,_December_1910", 30.936963483363343
"http://en.wikipedia.org/wiki/1989_Birthday_Honours", 30.936963483363343
"http://en.wikipedia.org/wiki/1984_Birthday_Honours", 30.936963483363343
"http://en.wikipedia.org/wiki/San_Francisco_Giants_all-time_roster", 30.936963483363343
"http://en.wikipedia.org/wiki/Glasgow_Partick_(UK_Parliament_constituency)", 30.936963483363343
"http://en.wikipedia.org/wiki/Second_Asquith_ministry", 30.860669992418376
"http://en.wikipedia.org/wiki/The_Future_(Doctor_Who_audio)", 30.581886772420553
"http://en.wikipedia.org/wiki/List_of_philosophers_(R%E2%80%93Z)", 30.398888289556314
"http://en.wikipedia.org/wiki/List_of_MPs_elected_in_the_United_Kingdom_general_election,_1874", 30.398888289556314
"http://en.wikipedia.org/wiki/1910_Five_Nations_Championship", 30.398888289556314
"http://en.wikipedia.org/wiki/List_of_Friday_Night_with_Jonathan_Ross_episodes", 30.398888289556314
"http://en.wikipedia.org/wiki/American_Advertising_Federation_Hall_of_Fame", 30.398888289556314
"http://en.wikipedia.org/wiki/List_of_Leicestershire_CCC_players", 29.85111570629967
"http://en.wikipedia.org/wiki/2010_European_Cricket_Championship_Division_One", 29.85111570629967
"http://en.wikipedia.org/wiki/List_of_Oxford_University_Boat_Race_crews", 29.85111570629967
"http://en.wikipedia.org/wiki/List_of_Guggenheim_Fellowships_awarded_in_1981", 29.85111570629967
"http://en.wikipedia.org/wiki/Political_party_strength_in_West_Virginia", 29.85111570629967
"http://en.wikipedia.org/wiki/Deputy_Lieutenants_of_Aberdeen", 29.85111570629967
"http://en.wikipedia.org/wiki/List_of_Australian_Army_Cadet_units", 29.85111570629967
"http://en.wikipedia.org/wiki/List_of_philosophers_born_in_the_19th_century", 29.85111570629967
"http://en.wikipedia.org/wiki/List_of_thriller_films_of_the_1980s", 29.85111570629967
"http://en.wikipedia.org/wiki/List_of_public_art_in_Coventry", 29.85111570629967
"http://en.wikipedia.org/wiki/36th_Saturn_Awards", 29.293101723457998
"http://en.wikipedia.org/wiki/Under-Secretary_of_State_for_War", 29.012942659282974
"http://en.wikipedia.org/wiki/List_of_past_EastEnders_characters", 28.7242494810713
"http://en.wikipedia.org/wiki/List_of_contributors_to_the_Dictionary_of_National_Biography", 28.7242494810713
"http://en.wikipedia.org/wiki/List_of_NCAA_Division_I_men%27s_soccer_First-Team_All-America_teams", 28.7242494810713
"http://en.wikipedia.org/wiki/Whispers_in_the_Dark_(album)", 28.195373370429195
"http://en.wikipedia.org/wiki/List_of_listed_buildings_in_Caputh,_Perth_and_Kinross", 28.14390178921168
"http://en.wikipedia.org/wiki/Special_Honours_2009", 28.14390178921168
"http://en.wikipedia.org/wiki/List_of_adventure_films_of_the_2000s", 28.14390178921168
"http://en.wikipedia.org/wiki/List_of_film_and_television_directors", 28.14390178921168
"http://en.wikipedia.org/wiki/Arkangel_Shakespeare", 27.55133222896416
"http://en.wikipedia.org/wiki/North_East_England_(European_Parliament_constituency)", 27.55133222896416
"http://en.wikipedia.org/wiki/List_of_members_of_the_Executive_Council_of_New_Hampshire", 27.55133222896416
"http://en.wikipedia.org/wiki/List_of_British_actors_and_actresses", 27.55133222896416
"http://en.wikipedia.org/wiki/List_of_guests_on_The_Paul_O%27Grady_Show", 27.55133222896416
"http://en.wikipedia.org/wiki/1922_Five_Nations_Championship", 26.94573449102336
"http://en.wikipedia.org/wiki/British_National_Circuit_Race_Championships", 26.94573449102336
"http://en.wikipedia.org/wiki/List_of_World_War_I_aces_credited_with_7_victories", 26.94573449102336
"http://en.wikipedia.org/wiki/List_of_horror_films_of_1989", 26.94573449102336
"http://en.wikipedia.org/wiki/List_of_Privy_Counsellors_(1910%E2%80%931936)", 26.326209505561053
"http://en.wikipedia.org/wiki/List_of_American_philosophers", 26.326209505561053
"http://en.wikipedia.org/wiki/List_of_American_films_of_1923", 25.691749776935396
"http://en.wikipedia.org/wiki/List_of_past_Emmerdale_characters", 25.691749776935396
"http://en.wikipedia.org/wiki/Norfolk_SharX", 25.43159784901902
"http://en.wikipedia.org/wiki/List_of_classical_guitarists", 25.041220143408083
"http://en.wikipedia.org/wiki/Knowsley_Council_election,_2004", 25.041220143408083
"http://en.wikipedia.org/wiki/List_of_horror_films_of_2002", 25.041220143408083
"http://en.wikipedia.org/wiki/List_of_actors_in_Royal_Shakespeare_Company_productions", 24.373333911071626
"http://en.wikipedia.org/wiki/Baltimore_Orioles_all-time_roster", 24.373333911071626
"http://en.wikipedia.org/wiki/Leith_Burghs_(UK_Parliament_constituency)", 23.68662292541005
"http://en.wikipedia.org/wiki/Electoral_results_for_the_Division_of_Franklin", 23.68662292541005
"http://en.wikipedia.org/wiki/List_of_The_Bill_cast_members", 23.68662292541005
"http://en.wikipedia.org/wiki/Electoral_results_for_the_Division_of_Eden-Monaro", 23.68662292541005
"http://en.wikipedia.org/wiki/List_of_RADA_alumni", 23.68662292541005
"http://en.wikipedia.org/wiki/List_of_Scottish_actors", 22.979399584857042
"http://en.wikipedia.org/wiki/Satellite_Award_for_Best_Actor_%E2%80%93_Television_Series_Drama", 22.979399584857042
"http://en.wikipedia.org/wiki/2011_Butler_Bulldogs_football_team", 22.249707974499234
"http://en.wikipedia.org/wiki/List_of_presidents_of_the_Geologists%27_Association", 21.69304578186562
"http://en.wikipedia.org/wiki/List_of_United_Kingdom_locations:_Po-Poz", 20.713350870644494
