"http://en.wikipedia.org/wiki/Literature_of_Birmingham", 70.0404195972475
"http://en.wikipedia.org/wiki/Art_of_Birmingham", 70.0404195972475
"http://en.wikipedia.org/wiki/History_of_electromagnetic_theory", 69.77051331545358
"http://en.wikipedia.org/wiki/William_Blake", 69.77051331545358
"http://en.wikipedia.org/wiki/Charles_Wheatstone", 68.68028197434451
"http://en.wikipedia.org/wiki/First_English_Civil_War", 68.68028197434451
"http://en.wikipedia.org/wiki/Stars_and_planetary_systems_in_fiction", 68.40500919537156
"http://en.wikipedia.org/wiki/J._M._W._Turner", 68.40500919537156
"http://en.wikipedia.org/wiki/Wassily_Kandinsky", 67.57246285173463
"http://en.wikipedia.org/wiki/Samurai", 66.44617626035858
"http://en.wikipedia.org/wiki/The_Dark_Knight_Rises", 65.87581226451356
"http://en.wikipedia.org/wiki/List_of_Hollyoaks_characters_(2011)", 65.87581226451356
"http://en.wikipedia.org/wiki/Robert_A._Heinlein", 65.87581226451356
"http://en.wikipedia.org/wiki/List_of_time_travel_science_fiction", 65.58877032276813
"http://en.wikipedia.org/wiki/Casablanca_(film)", 65.30046663995768
"http://en.wikipedia.org/wiki/William_Thomson,_1st_Baron_Kelvin", 65.0108844297601
"http://en.wikipedia.org/wiki/Watercolor_painting", 65.0108844297601
"http://en.wikipedia.org/wiki/Hamilton_Road_Cemetery,_Deal", 64.7200065303073
"http://en.wikipedia.org/wiki/LGBT_themes_in_speculative_fiction", 64.4278153923165
"http://en.wikipedia.org/wiki/Great_Expectations", 63.83942119187178
"http://en.wikipedia.org/wiki/Welsh_art", 63.83942119187178
"http://en.wikipedia.org/wiki/New_Wave_science_fiction", 63.543180979996606
"http://en.wikipedia.org/wiki/Social_history_of_viruses", 63.543180979996606
"http://en.wikipedia.org/wiki/History_of_Saskatchewan", 63.543180979996606
"http://en.wikipedia.org/wiki/Nanboku-ch%C5%8D_period", 63.24555320336758
"http://en.wikipedia.org/wiki/Knoxville,_Tennessee", 62.94651817966898
"http://en.wikipedia.org/wiki/Hirohito", 62.64605575682154
"http://en.wikipedia.org/wiki/Tony_Benn", 62.64605575682154
"http://en.wikipedia.org/wiki/Mauna_Loa", 62.34414529713427
"http://en.wikipedia.org/wiki/List_of_Coronation_Street_characters_(1961)", 62.34414529713427
"http://en.wikipedia.org/wiki/John_Varley_(painter)", 62.229808127679796
"http://en.wikipedia.org/wiki/Bishop_Auckland", 62.040765660762
"http://en.wikipedia.org/wiki/Heartbeat_(series_11%E2%80%9315)", 62.040765660762
"http://en.wikipedia.org/wiki/Galaxy_Science_Fiction", 62.040765660762
"http://en.wikipedia.org/wiki/Canada", 61.73589518843136
"http://en.wikipedia.org/wiki/Heartbeat_(series_6%E2%80%9310)", 61.42951168339512
"http://en.wikipedia.org/wiki/List_of_apocalyptic_and_post-apocalyptic_fiction", 61.42951168339512
"http://en.wikipedia.org/wiki/List_of_kidnappings", 61.42951168339512
"http://en.wikipedia.org/wiki/Franco-Prussian_War", 61.121592392572474
"http://en.wikipedia.org/wiki/Japan", 60.81211398682971
"http://en.wikipedia.org/wiki/The_Simpsons_Movie", 60.81211398682971
"http://en.wikipedia.org/wiki/Maria_Graham", 60.50105254035311
"http://en.wikipedia.org/wiki/Frank_Miller_(comics)", 60.188383509062305
"http://en.wikipedia.org/wiki/Invention_of_the_telephone", 60.188383509062305
"http://en.wikipedia.org/wiki/List_of_fictional_computers", 60.188383509062305
"http://en.wikipedia.org/wiki/Castles_and_Town_Walls_of_King_Edward_in_Gwynedd", 60.188383509062305
"http://en.wikipedia.org/wiki/Angling_in_Yellowstone_National_Park", 60.188383509062305
"http://en.wikipedia.org/wiki/Supply_Officer_(Royal_Navy)", 59.874081708009186
"http://en.wikipedia.org/wiki/Darren_Osborne", 59.874081708009186
"http://en.wikipedia.org/wiki/Georgiana_McCrae", 59.874081708009186
"http://en.wikipedia.org/wiki/Oriel_College,_Oxford", 59.558121287703116
"http://en.wikipedia.org/wiki/Chesterfield", 59.558121287703116
"http://en.wikipedia.org/wiki/Canadian_art", 59.558121287703116
"http://en.wikipedia.org/wiki/List_of_FlashForward_characters", 59.2404757092999
"http://en.wikipedia.org/wiki/Venus_in_fiction", 59.2404757092999
"http://en.wikipedia.org/wiki/First_English_Civil_War,_1644", 59.2404757092999
"http://en.wikipedia.org/wiki/List_of_Tales_of_the_Unexpected_episodes", 59.2404757092999
"http://en.wikipedia.org/wiki/Ondine_(ballet)", 59.2404757092999
"http://en.wikipedia.org/wiki/Beauty_and_the_Beast_(musical)", 58.92111771858667
"http://en.wikipedia.org/wiki/Anti-Iranian_sentiment", 58.92111771858667
"http://en.wikipedia.org/wiki/William_M._Tweed", 58.92111771858667
"http://en.wikipedia.org/wiki/Siege_of_Oxford", 58.92111771858667
"http://en.wikipedia.org/wiki/Louis_Le_Prince", 58.600019318690876
"http://en.wikipedia.org/wiki/Cornelius_Varley", 58.56818725331642
"http://en.wikipedia.org/wiki/Byron_Edmund_Walker", 58.27715174143585
"http://en.wikipedia.org/wiki/List_of_identities_in_The_Gangs_of_New_York_(book)", 58.27715174143585
"http://en.wikipedia.org/wiki/Bradwall", 58.27715174143585
"http://en.wikipedia.org/wiki/Tom_Thomson", 58.27715174143585
"http://en.wikipedia.org/wiki/New_Orleans_Saints_bounty_scandal", 57.952485417260036
"http://en.wikipedia.org/wiki/Novikov_self-consistency_principle", 57.952485417260036
"http://en.wikipedia.org/wiki/Kerry_Ellis", 57.952485417260036
"http://en.wikipedia.org/wiki/List_of_English_inventions_and_discoveries", 57.952485417260036
"http://en.wikipedia.org/wiki/History_of_Cheshire", 57.952485417260036
"http://en.wikipedia.org/wiki/Lists_of_British_inventions", 57.952485417260036
"http://en.wikipedia.org/wiki/The_Ghost_of_a_Flea", 57.62598994361079
"http://en.wikipedia.org/wiki/Law_%26_Order:_Special_Victims_Unit_(season_10)", 57.62598994361079
"http://en.wikipedia.org/wiki/List_of_Marvel_Comics_characters:_M", 57.62598994361079
"http://en.wikipedia.org/wiki/The_Apprentice_(UK_series_nine)", 57.62598994361079
"http://en.wikipedia.org/wiki/A151_road", 57.29763405171743
"http://en.wikipedia.org/wiki/Charles_Burrell_%26_Sons", 57.29763405171743
"http://en.wikipedia.org/wiki/Cats_(musical)", 57.29763405171743
"http://en.wikipedia.org/wiki/List_of_Big_Brother_9_housemates_(UK)", 57.29763405171743
"http://en.wikipedia.org/wiki/John_Sell_Cotman", 57.29763405171743
"http://en.wikipedia.org/wiki/Fran%C3%A7ois_Louis_Thomas_Francia", 57.04023594574633
"http://en.wikipedia.org/wiki/Cheshire", 56.967385571640236
"http://en.wikipedia.org/wiki/Bear_River_Massacre", 56.967385571640236
"http://en.wikipedia.org/wiki/John_Dobson_(architect)", 56.967385571640236
"http://en.wikipedia.org/wiki/Animals_of_Yellowstone", 56.967385571640236
"http://en.wikipedia.org/wiki/List_of_National_Treasures_of_Japan_(writings:_Japanese_books)", 56.635211395485406
"http://en.wikipedia.org/wiki/Copley_Fielding", 56.40760748177662
"http://en.wikipedia.org/wiki/Planets_in_science_fiction", 56.30107743866646
"http://en.wikipedia.org/wiki/University_of_Brighton", 56.30107743866646
"http://en.wikipedia.org/wiki/Violet_(color)", 56.30107743866646
"http://en.wikipedia.org/wiki/Titanides", 56.19514869490164
"http://en.wikipedia.org/wiki/John_Kaye_(bishop)", 55.96901035825028
"http://en.wikipedia.org/wiki/2/18th_Battalion_(Australia)", 55.964948599083996
"http://en.wikipedia.org/wiki/Victor_Denisov", 55.964948599083996
"http://en.wikipedia.org/wiki/Barclays", 55.964948599083996
"http://en.wikipedia.org/wiki/Outline_of_painting", 55.964948599083996
"http://en.wikipedia.org/wiki/Jack_Dormand", 55.964948599083996
"http://en.wikipedia.org/wiki/Jim_Baen", 55.964948599083996
"http://en.wikipedia.org/wiki/Ocean_thermal_energy_conversion", 55.964948599083996
"http://en.wikipedia.org/wiki/John_Smith_(Labour_Party_leader)", 55.964948599083996
"http://en.wikipedia.org/wiki/Spacesuits_in_fiction", 55.62678871408549
"http://en.wikipedia.org/wiki/University_of_Sheffield", 55.62678871408549
"http://en.wikipedia.org/wiki/E._J._Pratt", 55.62678871408549
"http://en.wikipedia.org/wiki/List_of_rail_accidents_in_the_United_Kingdom", 55.62678871408549
"http://en.wikipedia.org/wiki/Scott_Brown", 55.62678871408549
"http://en.wikipedia.org/wiki/Newcastle-under-Lyme", 55.286560515055605
"http://en.wikipedia.org/wiki/Barbara_Howard_(artist)", 55.286560515055605
"http://en.wikipedia.org/wiki/Standedge_Tunnels", 55.286560515055605
"http://en.wikipedia.org/wiki/Mandy_Richardson", 55.286560515055605
"http://en.wikipedia.org/wiki/Markham,_Ontario", 55.286560515055605
"http://en.wikipedia.org/wiki/List_of_National_Treasures_of_Japan_(writings:_Chinese_books)", 54.9442255794756
"http://en.wikipedia.org/wiki/Children%27s_books_about_death", 54.9442255794756
"http://en.wikipedia.org/wiki/A38_road", 54.9442255794756
"http://en.wikipedia.org/wiki/Jupiter%27s_moons_in_fiction", 54.59974428027752
"http://en.wikipedia.org/wiki/2008_Pittsburgh_Steelers_season", 54.59974428027752
"http://en.wikipedia.org/wiki/Arthur_Foxton_Ferguson", 54.59974428027752
"http://en.wikipedia.org/wiki/Troll_(Internet)", 54.59974428027752
"http://en.wikipedia.org/wiki/List_of_controversies_involving_the_Royal_Canadian_Mounted_Police", 54.59974428027752
"http://en.wikipedia.org/wiki/Come_Dine_with_Me", 54.59974428027752
"http://en.wikipedia.org/wiki/William_Henry_Hunt_(painter)", 54.313902456001074
"http://en.wikipedia.org/wiki/Fort_Yellowstone", 54.25307573230383
"http://en.wikipedia.org/wiki/Christ_Church,_Oxford", 54.25307573230383
"http://en.wikipedia.org/wiki/Sex_and_sexuality_in_speculative_fiction", 54.25307573230383
"http://en.wikipedia.org/wiki/John_Sartain", 54.25307573230383
"http://en.wikipedia.org/wiki/Transatlantic_telegraph_cable", 54.25307573230383
"http://en.wikipedia.org/wiki/Golden_Globe_(disambiguation)", 53.93598899705937
"http://en.wikipedia.org/wiki/Kludge", 53.90417773566804
"http://en.wikipedia.org/wiki/Halifax_Minster", 53.90417773566804
"http://en.wikipedia.org/wiki/Snowy_Mountains_Scheme", 53.55300671579408
"http://en.wikipedia.org/wiki/List_of_National_Treasures_of_Japan_(paintings)", 53.55300671579408
"http://en.wikipedia.org/wiki/Gerald_Kaufman", 53.55300671579408
"http://en.wikipedia.org/wiki/Dennis_O%27Neil", 53.55300671579408
"http://en.wikipedia.org/wiki/Munster_Rugby", 53.55300671579408
"http://en.wikipedia.org/wiki/Bernard_Fleetwood-Walker", 53.55300671579408
"http://en.wikipedia.org/wiki/England_and_Wales_Police_and_Crime_Commissioner_elections,_2012", 53.55300671579408
"http://en.wikipedia.org/wiki/The_Lathe_of_Heaven_(film)", 53.55300671579408
"http://en.wikipedia.org/wiki/Electrostatic_generator", 53.55300671579408
"http://en.wikipedia.org/wiki/Peter_De_Wint", 53.276898817388506
"http://en.wikipedia.org/wiki/Denny_Wright", 53.19951765989315
"http://en.wikipedia.org/wiki/Hawker_Siddeley_Trident", 53.19951765989315
"http://en.wikipedia.org/wiki/Francis_Oliver_Finch", 53.12796481290517
"http://en.wikipedia.org/wiki/George_Arnald", 52.843664049616
"http://en.wikipedia.org/wiki/A_Darkling_Plain", 52.843664049616
"http://en.wikipedia.org/wiki/GamesMaster", 52.843664049616
"http://en.wikipedia.org/wiki/History_of_Southampton_F.C.", 52.843664049616
"http://en.wikipedia.org/wiki/Eight_Worlds", 52.843664049616
"http://en.wikipedia.org/wiki/John_Varley", 52.70462766947299
"http://en.wikipedia.org/wiki/Harry_A._Ironside", 52.4853977895955
"http://en.wikipedia.org/wiki/New_Zealand_general_election,_2011", 52.4853977895955
"http://en.wikipedia.org/wiki/Howards%27_Way", 52.4853977895955
"http://en.wikipedia.org/wiki/1947", 52.4853977895955
"http://en.wikipedia.org/wiki/List_of_RAF_aircrew_in_the_Battle_of_Britain_(V%E2%80%93Z)", 52.4853977895955
"http://en.wikipedia.org/wiki/Battle_of_Thermopylae_in_popular_culture", 52.4853977895955
"http://en.wikipedia.org/wiki/Xanadu_(musical)", 52.4853977895955
"http://en.wikipedia.org/wiki/FlashForward", 52.12466913156833
"http://en.wikipedia.org/wiki/Emperor_Go-Toba", 52.12466913156833
"http://en.wikipedia.org/wiki/Unionville,_Ontario", 52.12466913156833
"http://en.wikipedia.org/wiki/Fordson_tractor", 52.12466913156833
"http://en.wikipedia.org/wiki/History_of_dog_agility", 52.12466913156833
"http://en.wikipedia.org/wiki/University_of_Nottingham_Students%27_Union", 52.12466913156833
"http://en.wikipedia.org/wiki/John_Linnell_(painter)", 52.12466913156833
"http://en.wikipedia.org/wiki/Wilson_Lowry", 51.90437290769092
"http://en.wikipedia.org/wiki/John_Goodwin_Lyman", 51.761426593737426
"http://en.wikipedia.org/wiki/William_Gell", 51.761426593737426
"http://en.wikipedia.org/wiki/Eva_Longoria", 51.761426593737426
"http://en.wikipedia.org/wiki/Llandyssil", 51.761426593737426
"http://en.wikipedia.org/wiki/B._C._Binning", 51.761426593737426
"http://en.wikipedia.org/wiki/Peter_Carington,_6th_Baron_Carrington", 51.761426593737426
"http://en.wikipedia.org/wiki/Heinz_Field", 51.761426593737426
"http://en.wikipedia.org/wiki/John_Mulcahy", 51.57106231293967
"http://en.wikipedia.org/wiki/Persistence_of_vision_(disambiguation)", 51.39561687500467
"http://en.wikipedia.org/wiki/Maywood,_California", 51.39561687500467
"http://en.wikipedia.org/wiki/The_Dark_Knight_Returns", 51.39561687500467
"http://en.wikipedia.org/wiki/List_of_contributors_to_Rees%27s_Cyclop%C3%A6dia", 51.39561687500467
"http://en.wikipedia.org/wiki/Mount_Isa_Mines", 51.39561687500467
"http://en.wikipedia.org/wiki/Michael_D._Higgins", 51.39561687500467
"http://en.wikipedia.org/wiki/John_James_Watson", 51.1071452783998
"http://en.wikipedia.org/wiki/James_Sant", 51.04958967573203
"http://en.wikipedia.org/wiki/List_of_Georgetown_University_alumni", 51.02718476366945
"http://en.wikipedia.org/wiki/Adoption_of_Chinese_literary_culture", 51.02718476366945
"http://en.wikipedia.org/wiki/Cats_(film)", 51.02718476366945
"http://en.wikipedia.org/wiki/Charles_Groves_Wright_Anderson", 51.02718476366945
"http://en.wikipedia.org/wiki/Louise_Mensch", 51.02718476366945
"http://en.wikipedia.org/wiki/Alastair_Reynolds", 51.02718476366945
"http://en.wikipedia.org/wiki/Fred_Krahe", 51.02718476366945
"http://en.wikipedia.org/wiki/1885%E2%80%9386_St._Mary%27s_Y.M.A._season", 51.02718476366945
"http://en.wikipedia.org/wiki/Ronin_(DC_Comics)", 50.65607304015044
"http://en.wikipedia.org/wiki/Eagle_Award_(comics)", 50.65607304015044
"http://en.wikipedia.org/wiki/Augustus_Edwin_Mulready", 50.65607304015044
"http://en.wikipedia.org/wiki/List_of_fictional_badgers", 50.65607304015044
"http://en.wikipedia.org/wiki/2010_Pittsburgh_Steelers_season", 50.65607304015044
"http://en.wikipedia.org/wiki/Harlech_Castle", 50.65607304015044
"http://en.wikipedia.org/wiki/Chesterfield_Canal", 50.65607304015044
"http://en.wikipedia.org/wiki/Roger_Deakin", 50.65607304015044
"http://en.wikipedia.org/wiki/Meiji_Restoration", 50.65607304015044
"http://en.wikipedia.org/wiki/Corporation_Park,_Blackburn", 50.65607304015044
"http://en.wikipedia.org/wiki/Daij%C5%8D-kan", 50.28222237324492
"http://en.wikipedia.org/wiki/William_Mulready", 50.28222237324492
"http://en.wikipedia.org/wiki/List_of_museums_in_Ontario", 50.28222237324492
"http://en.wikipedia.org/wiki/Space_stations_and_habitats_in_fiction", 50.28222237324492
"http://en.wikipedia.org/wiki/Andrew_Pritchard", 50.28222237324492
"http://en.wikipedia.org/wiki/Galway_GAA", 50.28222237324492
"http://en.wikipedia.org/wiki/George_Pretyman_Tomline", 50.28222237324492
"http://en.wikipedia.org/wiki/St_Munchin%27s_College", 50.28222237324492
"http://en.wikipedia.org/wiki/Martin_Miller_(Czech_actor)", 50.28222237324492
"http://en.wikipedia.org/wiki/Pluto_in_fiction", 50.28222237324492
"http://en.wikipedia.org/wiki/Bernard_Ingham", 50.28222237324492
"http://en.wikipedia.org/wiki/War_artist", 50.28222237324492
"http://en.wikipedia.org/wiki/No_More_Good_Days", 50.28222237324492
"http://en.wikipedia.org/wiki/The_Ophiuchi_Hotline", 50.28222237324492
"http://en.wikipedia.org/wiki/Charles_Varlo", 49.905571209393536
"http://en.wikipedia.org/wiki/Ditmar_Award_results", 49.905571209393536
"http://en.wikipedia.org/wiki/Canadian_official_war_artists", 49.905571209393536
"http://en.wikipedia.org/wiki/Royal_Entomological_Society", 49.905571209393536
"http://en.wikipedia.org/wiki/The_Legends_of_Treasure_Island", 49.905571209393536
"http://en.wikipedia.org/wiki/Orbit_(anthology_series)", 49.905571209393536
"http://en.wikipedia.org/wiki/DuPont_Historic_Corridor", 49.52605565436486
"http://en.wikipedia.org/wiki/Peter_Symonds_College", 49.52605565436486
"http://en.wikipedia.org/wiki/Millennium_(film)", 49.52605565436486
"http://en.wikipedia.org/wiki/Crookes_tube", 49.52605565436486
"http://en.wikipedia.org/wiki/Group_of_Seven_(artists)", 49.52605565436486
"http://en.wikipedia.org/wiki/Emperor_Jimmu", 49.52605565436486
"http://en.wikipedia.org/wiki/Sponne_School", 49.52605565436486
"http://en.wikipedia.org/wiki/Union_Chapel,_Brighton", 49.52605565436486
"http://en.wikipedia.org/wiki/John_Preston_Neale", 49.376274960000984
"http://en.wikipedia.org/wiki/Glasshouse_(novel)", 49.1436093467161
"http://en.wikipedia.org/wiki/T%C5%8Ddai-ji", 49.1436093467161
"http://en.wikipedia.org/wiki/Mulai_Ahmed_er_Raisuni", 49.1436093467161
"http://en.wikipedia.org/wiki/Northern_Quarter_(Manchester)", 49.1436093467161
"http://en.wikipedia.org/wiki/Edward_Maltby", 49.1436093467161
"http://en.wikipedia.org/wiki/John_Weale", 49.1436093467161
"http://en.wikipedia.org/wiki/Akamatsu_Masanori", 48.795003647426654
"http://en.wikipedia.org/wiki/Informal_sector", 48.75816332232007
"http://en.wikipedia.org/wiki/Ion_Perdicaris", 48.75816332232007
"http://en.wikipedia.org/wiki/United_Kingdom_European_Communities_membership_referendum,_1975", 48.75816332232007
"http://en.wikipedia.org/wiki/Glanbia", 48.75816332232007
"http://en.wikipedia.org/wiki/William_Turner_(artist)", 48.75816332232007
"http://en.wikipedia.org/wiki/Emperor_Sh%C5%8Dmu", 48.75816332232007
"http://en.wikipedia.org/wiki/OverClocked_ReMix", 48.75816332232007
"http://en.wikipedia.org/wiki/Pease_family", 48.75816332232007
"http://en.wikipedia.org/wiki/Ravens%E2%80%93Steelers_rivalry", 48.75816332232007
"http://en.wikipedia.org/wiki/Bob_Diamond_(banker)", 48.75816332232007
"http://en.wikipedia.org/wiki/The_Prince_of_Wales%27s_Charitable_Foundation", 48.75816332232007
"http://en.wikipedia.org/wiki/Emperor_Keitai", 48.36964586917537
"http://en.wikipedia.org/wiki/Artificial_gravity_(fiction)", 48.36964586917537
"http://en.wikipedia.org/wiki/Christine_Jorgensen", 48.36964586917537
"http://en.wikipedia.org/wiki/List_of_British_artists", 48.36964586917537
"http://en.wikipedia.org/wiki/Hell_and_Back_(comics)", 48.36964586917537
"http://en.wikipedia.org/wiki/Mayo_GAA", 47.97798237163408
"http://en.wikipedia.org/wiki/Little_Lon_district", 47.97798237163408
"http://en.wikipedia.org/wiki/Clive_Gallop", 47.97798237163408
"http://en.wikipedia.org/wiki/Schoolies_week", 47.97798237163408
"http://en.wikipedia.org/wiki/Persons_of_National_Historic_Significance", 47.97798237163408
"http://en.wikipedia.org/wiki/Bagatelle_(disambiguation)", 47.7203072367758
"http://en.wikipedia.org/wiki/Air_raid", 47.67312946227961
"http://en.wikipedia.org/wiki/Petrockstowe", 47.58309514308865
"http://en.wikipedia.org/wiki/Caroline_Hodgson", 47.58309514308865
"http://en.wikipedia.org/wiki/Joan_Murray_(art_historian)", 47.58309514308865
"http://en.wikipedia.org/wiki/Room_at_the_Top_(1959_film)", 47.58309514308865
"http://en.wikipedia.org/wiki/Coalite", 47.58309514308865
"http://en.wikipedia.org/wiki/City_of_Durham_(UK_Parliament_constituency)", 47.58309514308865
"http://en.wikipedia.org/wiki/Tar-Baby", 47.58309514308865
"http://en.wikipedia.org/wiki/Land_reform", 47.58309514308865
"http://en.wikipedia.org/wiki/Luna_City", 47.43416490252569
"http://en.wikipedia.org/wiki/Alfred_Thomas_Story", 47.29526514634586
"http://en.wikipedia.org/wiki/Victor_Child", 47.18490324605554
"http://en.wikipedia.org/wiki/Space_marine", 47.18490324605554
"http://en.wikipedia.org/wiki/Oleg_Frish", 47.18490324605554
"http://en.wikipedia.org/wiki/Kinetic_bombardment", 47.18490324605554
"http://en.wikipedia.org/wiki/Great_Britain_at_the_1908_Summer_Olympics", 47.18490324605554
"http://en.wikipedia.org/wiki/Next_plc", 47.18490324605554
"http://en.wikipedia.org/wiki/List_of_American_novelists", 47.18490324605554
"http://en.wikipedia.org/wiki/Electric_Telegraph_Company", 46.802523334497586
"http://en.wikipedia.org/wiki/X-class_submarine", 46.783322298475326
"http://en.wikipedia.org/wiki/Consider_Her_Ways", 46.783322298475326
"http://en.wikipedia.org/wiki/List_of_Stewards_of_the_Manor_of_Northstead", 46.783322298475326
"http://en.wikipedia.org/wiki/The_Bells_Go_Down", 46.783322298475326
"http://en.wikipedia.org/wiki/Empress_Jingu", 46.783322298475326
"http://en.wikipedia.org/wiki/Hugo_Award_for_Best_Related_Work", 46.783322298475326
"http://en.wikipedia.org/wiki/Satan%27s_Little_Helper", 46.783322298475326
"http://en.wikipedia.org/wiki/Sergei_Firer", 46.783322298475326
"http://en.wikipedia.org/wiki/Greasbrough_Canal", 46.783322298475326
"http://en.wikipedia.org/wiki/Hugh_Henshall", 46.783322298475326
"http://en.wikipedia.org/wiki/Nederland,_Texas", 46.37826426491634
"http://en.wikipedia.org/wiki/Demon_(novel)", 46.37826426491634
"http://en.wikipedia.org/wiki/Paul_O%27Connell", 46.37826426491634
"http://en.wikipedia.org/wiki/Camberwick_Green", 46.37826426491634
"http://en.wikipedia.org/wiki/Hindle_Wakes_(1952_film)", 46.37826426491634
"http://en.wikipedia.org/wiki/Yamaga_Sok%C5%8D", 46.37826426491634
"http://en.wikipedia.org/wiki/St_Peter%27s_College,_Oxford", 46.37826426491634
"http://en.wikipedia.org/wiki/Thomas_Monro", 45.97631061983314
"http://en.wikipedia.org/wiki/List_of_bishops_of_the_Episcopal_Church_in_the_United_States_of_America", 45.9696372312183
"http://en.wikipedia.org/wiki/Fault_(power_engineering)", 45.9696372312183
"http://en.wikipedia.org/wiki/Saturn%27s_moons_in_fiction", 45.9696372312183
"http://en.wikipedia.org/wiki/Color_term", 45.9696372312183
"http://en.wikipedia.org/wiki/Young_and_Innocent", 45.9696372312183
"http://en.wikipedia.org/wiki/Brigantes", 45.9696372312183
"http://en.wikipedia.org/wiki/Frederick_Varley", 45.9696372312183
"http://en.wikipedia.org/wiki/Resistant_starch", 45.9696372312183
"http://en.wikipedia.org/wiki/Balticon", 45.9696372312183
"http://en.wikipedia.org/wiki/Luke_Clennell", 45.81228472908512
"http://en.wikipedia.org/wiki/Red_Thunder", 45.79054698896255
"http://en.wikipedia.org/wiki/Conor_Mortimer", 45.693676673168774
"http://en.wikipedia.org/wiki/George_Park_(politician)", 45.68321925761286
"http://en.wikipedia.org/wiki/Xenoarchaeology", 45.55734516094202
"http://en.wikipedia.org/wiki/Nebula_Award_for_Best_Novelette", 45.55734516094202
"http://en.wikipedia.org/wiki/Heanor", 45.55734516094202
"http://en.wikipedia.org/wiki/Nebula_Award_for_Best_Novella", 45.55734516094202
"http://en.wikipedia.org/wiki/Great_Britain_at_the_1912_Summer_Olympics", 45.55734516094202
"http://en.wikipedia.org/wiki/Secretary_of_State_for_Business,_Innovation_and_Skills", 45.55734516094202
"http://en.wikipedia.org/wiki/Killshot_(film)", 45.55734516094202
"http://en.wikipedia.org/wiki/Thimble_Islands", 45.55734516094202
"http://en.wikipedia.org/wiki/Debenhams", 45.55734516094202
"http://en.wikipedia.org/wiki/Nebula_Award_for_Best_Short_Story", 45.55734516094202
"http://en.wikipedia.org/wiki/Firehole_River", 45.55734516094202
"http://en.wikipedia.org/wiki/Titanide_(Gaea_trilogy)", 45.55734516094202
"http://en.wikipedia.org/wiki/Michael_Kauffmann", 45.45454545454545
"http://en.wikipedia.org/wiki/Olive_Biller", 45.343960638161505
"http://en.wikipedia.org/wiki/Charles_Band_(businessman)", 45.30982379628431
"http://en.wikipedia.org/wiki/Fattorini_and_Sons", 45.22670168666455
"http://en.wikipedia.org/wiki/So_Well_Remembered", 45.14128763179672
"http://en.wikipedia.org/wiki/VRLA_battery", 45.14128763179672
"http://en.wikipedia.org/wiki/Continuous_foam_separation", 45.14128763179672
"http://en.wikipedia.org/wiki/Paul_Kupperberg", 45.14128763179672
"http://en.wikipedia.org/wiki/Emperor_Go-Sai", 45.14128763179672
"http://en.wikipedia.org/wiki/The_Last_Dangerous_Visions", 45.14128763179672
"http://en.wikipedia.org/wiki/Billy_Gardell", 45.14128763179672
"http://en.wikipedia.org/wiki/Future_history", 45.14128763179672
"http://en.wikipedia.org/wiki/Mothers_of_East_Los_Angeles", 45.14128763179672
"http://en.wikipedia.org/wiki/Emperor_Nakamikado", 45.14128763179672
"http://en.wikipedia.org/wiki/John_Varley_(author)", 45.14128763179672
"http://en.wikipedia.org/wiki/Canadian_Portrait_Academy", 44.965074485619034
"http://en.wikipedia.org/wiki/Locus_Award_for_Best_Novel", 44.946657497549474
"http://en.wikipedia.org/wiki/Little_Free_Rock", 44.86177232736354
"http://en.wikipedia.org/wiki/The_Persistence_of_Vision_(short_story)", 44.721359549995796
"http://en.wikipedia.org/wiki/Jinn%C5%8D_Sh%C5%8Dt%C5%8Dki", 44.721359549995796
"http://en.wikipedia.org/wiki/Melba_(film)", 44.721359549995796
"http://en.wikipedia.org/wiki/The_Front_Page", 44.721359549995796
"http://en.wikipedia.org/wiki/2010_end-of-year_rugby_union_tests", 44.721359549995796
"http://en.wikipedia.org/wiki/Royal_Watercolour_Society", 44.721359549995796
"http://en.wikipedia.org/wiki/1580_Dover_Straits_earthquake", 44.721359549995796
"http://en.wikipedia.org/wiki/The_Rough_and_the_Smooth", 44.721359549995796
"http://en.wikipedia.org/wiki/Odin_Teatret", 44.721359549995796
"http://en.wikipedia.org/wiki/Lot%27s_Wife_(student_newspaper)", 44.721359549995796
"http://en.wikipedia.org/wiki/Asuka-dera", 44.56249098554612
"http://en.wikipedia.org/wiki/Akamatsu_clan", 44.46059138210502
"http://en.wikipedia.org/wiki/Relativistic_kill_vehicle", 44.29745084023906
"http://en.wikipedia.org/wiki/Lesbian_utopia", 44.29745084023906
"http://en.wikipedia.org/wiki/Queen%27s_Theatre,_Long_Acre", 44.29745084023906
"http://en.wikipedia.org/wiki/John_Astin", 44.29745084023906
"http://en.wikipedia.org/wiki/Leap_(album)", 44.29745084023906
"http://en.wikipedia.org/wiki/List_of_United_Kingdom_by-elections_(1979%E2%80%93present)", 44.29745084023906
"http://en.wikipedia.org/wiki/Hugo_Award_for_Best_Novelette", 44.29745084023906
"http://en.wikipedia.org/wiki/Canterbury_Music_Hall", 44.29745084023906
"http://en.wikipedia.org/wiki/Geraldine_Dawson", 44.29745084023906
"http://en.wikipedia.org/wiki/John_Skehel", 44.28074427700476
"http://en.wikipedia.org/wiki/Sh%C5%8D%C5%8D_(Kamakura_period)", 44.031528592635546
"http://en.wikipedia.org/wiki/John_W._Campbell_Award_for_Best_New_Writer", 43.8694461087303
"http://en.wikipedia.org/wiki/The_Golden_Globe", 43.8694461087303
"http://en.wikipedia.org/wiki/John_W._Campbell_Memorial_Award_for_Best_Science_Fiction_Novel", 43.8694461087303
"http://en.wikipedia.org/wiki/Single-gender_world", 43.8694461087303
"http://en.wikipedia.org/wiki/CKO", 43.8694461087303
"http://en.wikipedia.org/wiki/Hull_History_Centre", 43.8694461087303
"http://en.wikipedia.org/wiki/Science_Fiction:_The_100_Best_Novels", 43.8694461087303
"http://en.wikipedia.org/wiki/Thomas_C._Griggs", 43.83374704394622
"http://en.wikipedia.org/wiki/Gaea_trilogy", 43.808582711518056
"http://en.wikipedia.org/wiki/Hope_Professor_of_Zoology", 43.792787296289816
"http://en.wikipedia.org/wiki/Maurice_Galbraith_Cullen", 43.528575006600704
"http://en.wikipedia.org/wiki/Jassy_(film)", 43.437224276306935
"http://en.wikipedia.org/wiki/Rent:_Filmed_Live_on_Broadway", 43.437224276306935
"http://en.wikipedia.org/wiki/Tiger_in_the_Smoke", 43.437224276306935
"http://en.wikipedia.org/wiki/Strange_Frame", 43.437224276306935
"http://en.wikipedia.org/wiki/Hugo_Award_for_Best_Short_Story", 43.437224276306935
"http://en.wikipedia.org/wiki/Geoffrey_A._Landis", 43.437224276306935
"http://en.wikipedia.org/wiki/2008_New_Year_Honours", 43.437224276306935
"http://en.wikipedia.org/wiki/E._J._Hughes", 43.437224276306935
"http://en.wikipedia.org/wiki/Shikibu-sh%C5%8D", 43.437224276306935
"http://en.wikipedia.org/wiki/43rd_World_Science_Fiction_Convention", 43.34967855558427
"http://en.wikipedia.org/wiki/John_Fisher_the_elder,_and_John_Fisher_the_younger_(sculptors)", 43.144777916589874
"http://en.wikipedia.org/wiki/Ringmaster", 43.03314829119352
"http://en.wikipedia.org/wiki/Millions_Like_Us", 43.00065817837658
"http://en.wikipedia.org/wiki/The_West_Australian", 43.00065817837658
"http://en.wikipedia.org/wiki/List_of_Welcome_to_Paradox_episodes", 43.00065817837658
"http://en.wikipedia.org/wiki/Wiscon", 43.00065817837658
"http://en.wikipedia.org/wiki/Order_of_the_Rising_Sun", 43.00065817837658
"http://en.wikipedia.org/wiki/Leo_Mol", 43.00065817837658
"http://en.wikipedia.org/wiki/Friday%27s_Child_(novel)", 43.00065817837658
"http://en.wikipedia.org/wiki/John_Plowright_Houfton", 42.904498830548036
"http://en.wikipedia.org/wiki/2012%E2%80%9313_Pro_12", 42.55961412791452
"http://en.wikipedia.org/wiki/Rashard_Mendenhall", 42.55961412791452
"http://en.wikipedia.org/wiki/List_of_Ace_single_volumes", 42.55961412791452
"http://en.wikipedia.org/wiki/Herbert_Railton", 42.55961412791452
"http://en.wikipedia.org/wiki/Crispin_Odey", 42.55961412791452
"http://en.wikipedia.org/wiki/1987_in_comics", 42.55961412791452
"http://en.wikipedia.org/wiki/Nebula_Award_for_Best_Novel", 42.55961412791452
"http://en.wikipedia.org/wiki/List_of_compositions_for_viola:_C_to_E", 42.55961412791452
"http://en.wikipedia.org/wiki/My_Brother%27s_Keeper_(1948_film)", 42.55961412791452
"http://en.wikipedia.org/wiki/List_of_stories_featuring_nuclear_pulse_propulsion", 42.55961412791452
"http://en.wikipedia.org/wiki/Bootle_(UK_Parliament_constituency)", 42.55961412791452
"http://en.wikipedia.org/wiki/Hugo_Award_for_Best_Novel", 42.55961412791452
"http://en.wikipedia.org/wiki/Trai_Essex", 42.55961412791452
"http://en.wikipedia.org/wiki/List_of_UK_hit_singles_by_footballers", 42.55961412791452
"http://en.wikipedia.org/wiki/Les_Huckfield", 42.47497747309828
"http://en.wikipedia.org/wiki/Labour_Party_(UK)_Shadow_Cabinet_election,_1979", 42.1637021355784
"http://en.wikipedia.org/wiki/John_Silvester_Varley", 42.150323203896
"http://en.wikipedia.org/wiki/Overdrawn_at_the_Memory_Bank", 42.11395143726575
"http://en.wikipedia.org/wiki/Erewash_Canal", 42.11395143726575
"http://en.wikipedia.org/wiki/List_of_windmills_in_London", 42.11395143726575
"http://en.wikipedia.org/wiki/Steel_Beach", 42.11395143726575
"http://en.wikipedia.org/wiki/2011_Rugby_World_Cup_squads", 42.11395143726575
"http://en.wikipedia.org/wiki/Hugo_Award_for_Best_Novella", 42.11395143726575
"http://en.wikipedia.org/wiki/Kim_Winser", 42.11395143726575
"http://en.wikipedia.org/wiki/Themis_(hypothetical_moon)", 42.07031619116712
"http://en.wikipedia.org/wiki/Tom_Wall", 42.06222496766866
"http://en.wikipedia.org/wiki/Kevin_Nancekivell", 41.85853260849874
"http://en.wikipedia.org/wiki/Asuka_Kiyomihara_Code", 41.85480638490935
"http://en.wikipedia.org/wiki/Tokushi_Yoron", 41.849879681768876
"http://en.wikipedia.org/wiki/Ky%C5%8Droku", 41.73650061841514
"http://en.wikipedia.org/wiki/1821_in_poetry", 41.663521893903464
"http://en.wikipedia.org/wiki/List_of_department_stores_of_the_United_Kingdom", 41.663521893903464
"http://en.wikipedia.org/wiki/Titan_(John_Varley_novel)", 41.663521893903464
"http://en.wikipedia.org/wiki/1986_in_comics", 41.663521893903464
"http://en.wikipedia.org/wiki/Southern_Court", 41.663521893903464
"http://en.wikipedia.org/wiki/Albert_Bridge,_Manchester", 41.663521893903464
"http://en.wikipedia.org/wiki/List_of_terrorist_incidents", 41.663521893903464
"http://en.wikipedia.org/wiki/List_of_New_Zealand_Kiwis_representatives", 41.663521893903464
"http://en.wikipedia.org/wiki/Fishes_of_Yellowstone_National_Park", 41.663521893903464
"http://en.wikipedia.org/wiki/Enryaku", 41.48409614006481
"http://en.wikipedia.org/wiki/Mungojerrie", 41.47288270665545
"http://en.wikipedia.org/wiki/Klaus_Janson", 41.20816918460671
"http://en.wikipedia.org/wiki/Wizard_(novel)", 41.20816918460671
"http://en.wikipedia.org/wiki/2011_All-Ireland_Senior_Football_Championship", 41.20816918460671
"http://en.wikipedia.org/wiki/Samuel_R._Gummere", 41.20816918460671
"http://en.wikipedia.org/wiki/1976_New_Zealand_rugby_league_season", 41.20816918460671
"http://en.wikipedia.org/wiki/Li%E2%80%93Fraumeni_syndrome", 41.20816918460671
"http://en.wikipedia.org/wiki/Collett_Dickenson_Pearce", 41.20816918460671
"http://en.wikipedia.org/wiki/First_English_Civil_War,_1646", 41.20816918460671
"http://en.wikipedia.org/wiki/Malaya_Command", 41.20816918460671
"http://en.wikipedia.org/wiki/List_of_Wakefield_Trinity_Wildcats_players", 41.20816918460671
"http://en.wikipedia.org/wiki/Donald_R._Bensen", 41.20816918460671
"http://en.wikipedia.org/wiki/Langdon_Elwyn_Mitchell", 41.20816918460671
"http://en.wikipedia.org/wiki/The_Arts_and_Letters_Club_of_Toronto", 41.20816918460671
"http://en.wikipedia.org/wiki/George_Delacourt-Smith,_Baron_Delacourt-Smith", 41.13766756037212
"http://en.wikipedia.org/wiki/The_Agitator", 40.99600308453939
"http://en.wikipedia.org/wiki/Yorkshire_Patent_Steam_Wagon_Co.", 40.98035276784594
"http://en.wikipedia.org/wiki/1094_Siberia", 40.824829046386306
"http://en.wikipedia.org/wiki/Michael_Cooper_(historian)", 40.824829046386306
"http://en.wikipedia.org/wiki/Rowing_at_the_1904_Summer_Olympics_%E2%80%93_Men%27s_coxless_pair", 40.8248290463863
"http://en.wikipedia.org/wiki/List_of_schools_in_rural_Western_Australia", 40.74772826171499
"http://en.wikipedia.org/wiki/List_of_Fellows_of_the_Royal_Society_S,T,U,V", 40.74772826171499
"http://en.wikipedia.org/wiki/United_States_at_the_1904_Summer_Olympics", 40.74772826171499
"http://en.wikipedia.org/wiki/Labour_Government_1974%E2%80%931979", 40.74772826171499
"http://en.wikipedia.org/wiki/List_of_Ace_titles_in_numeric_series", 40.74772826171499
"http://en.wikipedia.org/wiki/West_Lancashire_(UK_Parliament_constituency)", 40.74772826171499
"http://en.wikipedia.org/wiki/2013_All-Ireland_Senior_Football_Championship", 40.74772826171499
"http://en.wikipedia.org/wiki/John_Golding_(British_politician)", 40.74594041412789
"http://en.wikipedia.org/wiki/Rolling_Thunder", 40.50462936504913
"http://en.wikipedia.org/wiki/Roe_Land_District", 40.38818730469177
"http://en.wikipedia.org/wiki/Red_Thunder_(novel)", 40.35824424808243
"http://en.wikipedia.org/wiki/Rowing_at_the_1904_Summer_Olympics_%E2%80%93_Men%27s_double_sculls", 40.298034988465915
"http://en.wikipedia.org/wiki/Chesterfield_Canal_Trust", 40.2820246441755
"http://en.wikipedia.org/wiki/Abbot_Hall_Art_Gallery", 40.2820246441755
"http://en.wikipedia.org/wiki/John_Fowler_%26_Co.", 40.2820246441755
"http://en.wikipedia.org/wiki/St_Bartholomew%27s_Church,_Armley", 40.2820246441755
"http://en.wikipedia.org/wiki/British_Critic", 40.2820246441755
"http://en.wikipedia.org/wiki/Juno_Awards_of_2007", 40.2820246441755
"http://en.wikipedia.org/wiki/Sci_Fiction", 40.2820246441755
"http://en.wikipedia.org/wiki/List_of_fiction_works_made_into_feature_films_(K-R)", 40.2820246441755
"http://en.wikipedia.org/wiki/Toronto_Board_of_Control", 40.2820246441755
"http://en.wikipedia.org/wiki/2011_Celtic_League_Grand_Final", 40.2820246441755
"http://en.wikipedia.org/wiki/Canadian_Group_of_Painters", 40.2820246441755
"http://en.wikipedia.org/wiki/August_9", 40.2820246441755
"http://en.wikipedia.org/wiki/Mammoth_(John_Varley)", 40.24218182927669
"http://en.wikipedia.org/wiki/Chapter_(books)", 40.12176588288426
"http://en.wikipedia.org/wiki/No_Trace", 40.114777854287695
"http://en.wikipedia.org/wiki/Alexander_Astin", 40.04714203168137
"http://en.wikipedia.org/wiki/Tenpy%C5%8D-sh%C5%8Dh%C5%8D", 39.81665296905978
"http://en.wikipedia.org/wiki/Colorist", 39.81087364498999
"http://en.wikipedia.org/wiki/Hallam_Street", 39.81087364498999
"http://en.wikipedia.org/wiki/List_of_science_fiction_novels", 39.81087364498999
"http://en.wikipedia.org/wiki/Northern_Court", 39.81087364498999
"http://en.wikipedia.org/wiki/Millennium_(novel)", 39.81087364498999
"http://en.wikipedia.org/wiki/2012_All-Ireland_Senior_Football_Championship", 39.81087364498999
"http://en.wikipedia.org/wiki/2010%E2%80%9311_Heineken_Cup_pool_stage", 39.81087364498999
"http://en.wikipedia.org/wiki/Maria_Tippett", 39.81087364498999
"http://en.wikipedia.org/wiki/Nine_Men_(film)", 39.766761860091265
"http://en.wikipedia.org/wiki/George_Alfred_Spencer", 39.70612769556579
"http://en.wikipedia.org/wiki/Grotto_of_the_Dancing_Deer", 39.60590171906698
"http://en.wikipedia.org/wiki/The_Passage_(charity)", 39.40552031195503
"http://en.wikipedia.org/wiki/Daij%C5%8D-daijin", 39.33978962347216
"http://en.wikipedia.org/wiki/Studio_!K7", 39.33407951536117
"http://en.wikipedia.org/wiki/List_of_MPs_elected_in_the_United_Kingdom_general_election,_October_1974", 39.33407951536117
"http://en.wikipedia.org/wiki/List_of_Eisner_Award_winners", 39.33407951536117
"http://en.wikipedia.org/wiki/Egyptian_Theatre_(Coos_Bay,_Oregon)", 39.33407951536117
"http://en.wikipedia.org/wiki/The_Other_Change_of_Hobbit", 39.33407951536117
"http://en.wikipedia.org/wiki/Solar_System_in_fiction", 39.33407951536117
"http://en.wikipedia.org/wiki/List_of_Australian_generals_and_brigadiers", 39.33407951536117
"http://en.wikipedia.org/wiki/Party_lists_in_the_New_Zealand_general_election,_2011", 39.33407951536117
"http://en.wikipedia.org/wiki/102_Dalmatians:_Puppies_to_the_Rescue", 39.33407951536117
"http://en.wikipedia.org/wiki/Labour_Party_(UK)_Shadow_Cabinet_election,_1982", 39.2232270276368
"http://en.wikipedia.org/wiki/Kent_Miners%27_Association", 39.18019549846894
"http://en.wikipedia.org/wiki/Treasurer_of_the_Labour_Party", 39.11591293589788
"http://en.wikipedia.org/wiki/Send_for_Paul_Temple", 38.987177379235845
"http://en.wikipedia.org/wiki/List_of_science_fiction_authors", 38.851434494290565
"http://en.wikipedia.org/wiki/1991_New_Year_Honours", 38.851434494290565
"http://en.wikipedia.org/wiki/1842_in_art", 38.851434494290565
"http://en.wikipedia.org/wiki/Penn_State_Nittany_Lions_men%27s_ice_hockey", 38.851434494290565
"http://en.wikipedia.org/wiki/2010_mid-year_rugby_union_tests", 38.851434494290565
"http://en.wikipedia.org/wiki/Willowgrove,_Saskatoon", 38.851434494290565
"http://en.wikipedia.org/wiki/Seiun_Award", 38.851434494290565
"http://en.wikipedia.org/wiki/List_of_novels_based_on_comics", 38.851434494290565
"http://en.wikipedia.org/wiki/Chesterfield_(UK_Parliament_constituency)", 38.851434494290565
"http://en.wikipedia.org/wiki/Holiday_Camp_(film)", 38.79917968315853
"http://en.wikipedia.org/wiki/The_John_Varley_Reader", 38.77199986918665
"http://en.wikipedia.org/wiki/Swazzle", 38.65556717425343
"http://en.wikipedia.org/wiki/Full_Basket_Belize", 38.36271775053935
"http://en.wikipedia.org/wiki/Time_viewer", 38.36271775053935
"http://en.wikipedia.org/wiki/Pointblank_directive", 38.36271775053935
"http://en.wikipedia.org/wiki/Prometheus_Award", 38.36271775053935
"http://en.wikipedia.org/wiki/Shoshone_Lake", 38.36271775053935
"http://en.wikipedia.org/wiki/Chesterfield_by-election,_1984", 38.36271775053935
"http://en.wikipedia.org/wiki/1984_New_Zealand_rugby_league_season", 38.36271775053935
"http://en.wikipedia.org/wiki/P._J._Plauger", 38.36271775053935
"http://en.wikipedia.org/wiki/Daigaku-no-kami", 38.36271775053935
"http://en.wikipedia.org/wiki/Shadow_Cabinet_of_Michael_Foot", 38.36271775053935
"http://en.wikipedia.org/wiki/Stanford_torus", 38.36271775053935
"http://en.wikipedia.org/wiki/List_of_Old_Gregorians", 38.36271775053935
"http://en.wikipedia.org/wiki/Labour_Party_(UK)_Shadow_Cabinet_election,_1980", 38.3325938999964
"http://en.wikipedia.org/wiki/Shadow_Cabinet_of_James_Callaghan", 38.12464258315117
"http://en.wikipedia.org/wiki/Other_Voices_(Canadian_TV_series)", 38.069349381344054
"http://en.wikipedia.org/wiki/Shaw_Lane_Aquaforce_F.C.", 38.04429551263411
"http://en.wikipedia.org/wiki/Department_of_Energy_(United_Kingdom)", 37.94733192202055
"http://en.wikipedia.org/wiki/United_Kingdom_Comic_Art_Convention", 37.86769420166672
"http://en.wikipedia.org/wiki/Bang!_You%27re_Dead", 37.86769420166672
"http://en.wikipedia.org/wiki/Toronto_municipal_election,_1962", 37.86769420166672
"http://en.wikipedia.org/wiki/Prince_Sh%C5%8Dtoku", 37.86769420166672
"http://en.wikipedia.org/wiki/The_Blah!_Party", 37.86769420166672
"http://en.wikipedia.org/wiki/List_of_short_fiction_made_into_feature_films", 37.86769420166672
"http://en.wikipedia.org/wiki/Labour_Party_(UK)_Shadow_Cabinet_election,_1981", 37.79644730092272
"http://en.wikipedia.org/wiki/Rowing_at_the_1904_Summer_Olympics", 37.59047057780561
"http://en.wikipedia.org/wiki/Endeavour_Award", 37.57345746510897
"http://en.wikipedia.org/wiki/Waterloo_Road_(film)", 37.5419228750255
"http://en.wikipedia.org/wiki/Saish%C5%8D-ji", 37.510467550797024
"http://en.wikipedia.org/wiki/37th_World_Science_Fiction_Convention", 37.482778414706004
"http://en.wikipedia.org/wiki/Tocha_(game)", 37.482778414706004
"http://en.wikipedia.org/wiki/Great_Expectations_(1981_TV_serial)", 37.46343246326776
"http://en.wikipedia.org/wiki/Varley", 37.43359300615315
"http://en.wikipedia.org/wiki/Parafield_Airport", 37.36611319222726
"http://en.wikipedia.org/wiki/List_of_LGBT-themed_speculative_fiction", 37.36611319222726
"http://en.wikipedia.org/wiki/First_Wilson_ministry", 37.36611319222726
"http://en.wikipedia.org/wiki/Wales_Green_Party", 37.36611319222726
"http://en.wikipedia.org/wiki/List_of_Question_Time_episodes", 37.36611319222726
"http://en.wikipedia.org/wiki/Ron_Walotsky", 37.36611319222726
"http://en.wikipedia.org/wiki/2011%E2%80%9312_Heineken_Cup_pool_stage", 37.36611319222726
"http://en.wikipedia.org/wiki/GURPS_Bio-Tech", 37.36611319222726
"http://en.wikipedia.org/wiki/Bibliography_of_Yellowstone_National_Park", 37.36611319222726
"http://en.wikipedia.org/wiki/OryCon", 37.36611319222726
"http://en.wikipedia.org/wiki/The_1978_Annual_World%27s_Best_SF", 37.35436838188142
"http://en.wikipedia.org/wiki/Secretary_of_State_for_Energy_and_Climate_Change", 37.25258517258656
"http://en.wikipedia.org/wiki/List_of_United_Kingdom_MPs:_V", 37.21042037676254
"http://en.wikipedia.org/wiki/The_Barbie_Murders", 37.19741656005345
"http://en.wikipedia.org/wiki/Nebula_Winners_Twelve", 37.19741656005345
"http://en.wikipedia.org/wiki/Sadaijin", 37.10541192606408
"http://en.wikipedia.org/wiki/Princess_Iwa", 37.10145844334804
"http://en.wikipedia.org/wiki/Udaijin", 37.068123792912935
"http://en.wikipedia.org/wiki/Hossh%C5%8D-ji", 36.9012483211554
"http://en.wikipedia.org/wiki/AggieCon", 36.857707010037075
"http://en.wikipedia.org/wiki/Tom_Varley", 36.857707010037075
"http://en.wikipedia.org/wiki/Zachary_Knighton", 36.857707010037075
"http://en.wikipedia.org/wiki/List_of_MPs_elected_in_the_United_Kingdom_general_election,_1979", 36.857707010037075
"http://en.wikipedia.org/wiki/List_of_hills_of_Hampshire", 36.857707010037075
"http://en.wikipedia.org/wiki/List_of_1908_Summer_Olympics_medal_winners", 36.857707010037075
"http://en.wikipedia.org/wiki/2008%E2%80%9309_English_Premiership_(rugby_union)", 36.857707010037075
"http://en.wikipedia.org/wiki/Mansfield_(UK_Parliament_constituency)", 36.857707010037075
"http://en.wikipedia.org/wiki/1990_in_comics", 36.857707010037075
"http://en.wikipedia.org/wiki/City_of_Angels_(album)", 36.857707010037075
"http://en.wikipedia.org/wiki/The_1981_Annual_World%27s_Best_SF", 36.77848562449136
"http://en.wikipedia.org/wiki/The_Best_Science_Fiction_of_the_Year_9", 36.51483716701108
"http://en.wikipedia.org/wiki/Jupiter_Award", 36.443449342783126
"http://en.wikipedia.org/wiki/Nottinghamshire_Miners%27_Association", 36.39372626234195
"http://en.wikipedia.org/wiki/1975_New_Zealand_rugby_league_season", 36.342189215581556
"http://en.wikipedia.org/wiki/2012%E2%80%9313_Heineken_Cup_pool_stage", 36.342189215581556
"http://en.wikipedia.org/wiki/List_of_fictional_alien_species:_T", 36.342189215581556
"http://en.wikipedia.org/wiki/Ontario_Association_of_Art_Galleries", 36.342189215581556
"http://en.wikipedia.org/wiki/Pol_an_Ionain", 36.342189215581556
"http://en.wikipedia.org/wiki/List_of_people_from_Sheffield", 36.342189215581556
"http://en.wikipedia.org/wiki/Fairfield_University_%E2%80%93_Fellows_and_Scholars", 36.342189215581556
"http://en.wikipedia.org/wiki/Deaths_in_July_2008", 36.342189215581556
"http://en.wikipedia.org/wiki/List_of_Canadian_artists", 36.342189215581556
"http://en.wikipedia.org/wiki/Norwood_Tunnel", 36.342189215581556
"http://en.wikipedia.org/wiki/ConQuesT", 36.342189215581556
"http://en.wikipedia.org/wiki/Kirby_Award", 36.30677372311975
"http://en.wikipedia.org/wiki/Sonsh%C5%8D-ji", 36.087748355852696
"http://en.wikipedia.org/wiki/40th_World_Science_Fiction_Convention", 36.07450433496901
"http://en.wikipedia.org/wiki/Ensh%C5%8D-ji_(Kench%C5%8D)", 35.87657610295731
"http://en.wikipedia.org/wiki/J%C5%8Dsh%C5%8D-ji", 35.87657610295731
"http://en.wikipedia.org/wiki/Tales_in_Space", 35.845727794499005
"http://en.wikipedia.org/wiki/The_Year%27s_Best_Science_Fiction:_Seventh_Annual_Collection", 35.82158344780371
"http://en.wikipedia.org/wiki/List_of_Harvey_Award_winners", 35.81925275497143
"http://en.wikipedia.org/wiki/The_Road_to_Science_Fiction", 35.81925275497143
"http://en.wikipedia.org/wiki/List_of_Ace_SF_numeric-series_single_titles", 35.81925275497143
"http://en.wikipedia.org/wiki/Millennium_(disambiguation)", 35.81925275497143
"http://en.wikipedia.org/wiki/1980_New_Zealand_rugby_league_season", 35.81925275497143
"http://en.wikipedia.org/wiki/Demon_(disambiguation)", 35.81925275497143
"http://en.wikipedia.org/wiki/The_1979_Annual_World%27s_Best_SF", 35.78810105803187
"http://en.wikipedia.org/wiki/Horrors_of_the_Black_Museum", 35.65370164061463
"http://en.wikipedia.org/wiki/The_Best_Science_Fiction_of_the_Year_7", 35.63483225498992
"http://en.wikipedia.org/wiki/Ensh%C5%8D-ji_(Antei)", 35.6130970701346
"http://en.wikipedia.org/wiki/Future_on_Ice", 35.6034497458156
"http://en.wikipedia.org/wiki/The_Best_Science_Fiction_of_the_Year_8", 35.51424026022887
"http://en.wikipedia.org/wiki/Paul_Temple%27s_Triumph", 35.494260376644554
"http://en.wikipedia.org/wiki/The_1977_Annual_World%27s_Best_SF", 35.35533905932738
"http://en.wikipedia.org/wiki/List_of_Privy_Counsellors_(1952%E2%80%93present)", 35.2885678211503
"http://en.wikipedia.org/wiki/Supplier_evaluation", 35.2885678211503
"http://en.wikipedia.org/wiki/Philip_K._Dick_Award", 35.2885678211503
"http://en.wikipedia.org/wiki/2011_National_Football_League_(Ireland)", 35.2885678211503
"http://en.wikipedia.org/wiki/List_of_Canadian_painters", 35.2885678211503
"http://en.wikipedia.org/wiki/1873_in_art", 35.2885678211503
"http://en.wikipedia.org/wiki/Secret_Mission", 35.2885678211503
"http://en.wikipedia.org/wiki/List_of_MPs_elected_in_the_United_Kingdom_general_election,_February_1974", 35.2885678211503
"http://en.wikipedia.org/wiki/List_of_past_Minicons", 35.2885678211503
"http://en.wikipedia.org/wiki/Shane_Varley", 35.259654610379314
"http://en.wikipedia.org/wiki/List_of_1976_British_incumbents", 35.20893951097651
"http://en.wikipedia.org/wiki/The_1982_Annual_World%27s_Best_SF", 35.17987723651459
"http://en.wikipedia.org/wiki/List_of_1977_British_incumbents", 35.04383220252312
"http://en.wikipedia.org/wiki/Rokush%C5%8D-ji", 35.020209798623746
"http://en.wikipedia.org/wiki/The_Best_Science_Fiction_of_the_Year_5", 34.921514788478916
"http://en.wikipedia.org/wiki/Borderlands_Books", 34.906838799266595
"http://en.wikipedia.org/wiki/Terry_Carr%27s_Best_Science_Fiction_and_Fantasy_of_the_Year_16", 34.85617981116172
"http://en.wikipedia.org/wiki/Identity_Unknown_(1960_film)", 34.81553119113956
"http://en.wikipedia.org/wiki/Toronto_Northeast_(provincial_electoral_district)", 34.749779421045545
"http://en.wikipedia.org/wiki/Japanese_Historical_Text_Initiative", 34.749779421045545
"http://en.wikipedia.org/wiki/Cobalt_blue", 34.749779421045545
"http://en.wikipedia.org/wiki/2010%E2%80%9311_Munster_Rugby_season", 34.749779421045545
"http://en.wikipedia.org/wiki/List_of_fictional_living_planets", 34.749779421045545
"http://en.wikipedia.org/wiki/1979_New_Zealand_rugby_league_season", 34.749779421045545
"http://en.wikipedia.org/wiki/1978_New_Zealand_rugby_league_season", 34.749779421045545
"http://en.wikipedia.org/wiki/Shooting_at_the_1908_Summer_Olympics_%E2%80%93_Men%27s_military_rifle,_team", 34.749779421045545
"http://en.wikipedia.org/wiki/Brook_Green", 34.749779421045545
"http://en.wikipedia.org/wiki/List_of_people_from_Eugene,_Oregon", 34.749779421045545
"http://en.wikipedia.org/wiki/Gibbon_Falls", 34.749779421045545
"http://en.wikipedia.org/wiki/Australian_National_Science_Fiction_Convention", 34.749779421045545
"http://en.wikipedia.org/wiki/ArmadilloCon", 34.749779421045545
"http://en.wikipedia.org/wiki/Great_Day_(1945_film)", 34.74041668898256
"http://en.wikipedia.org/wiki/The_1985_Annual_World%27s_Best_SF", 34.727944810393964
"http://en.wikipedia.org/wiki/TusCon", 34.688895947762425
"http://en.wikipedia.org/wiki/Lascars_(film)", 34.606427010299136
"http://en.wikipedia.org/wiki/The_Persistence_of_Vision", 34.47914135838055
"http://en.wikipedia.org/wiki/Bachelor_of_Hearts", 34.29971702850177
"http://en.wikipedia.org/wiki/The_1980_Annual_World%27s_Best_SF", 34.29971702850177
"http://en.wikipedia.org/wiki/Ad_Astra_(convention)", 34.20250459768578
"http://en.wikipedia.org/wiki/1969_in_Canada", 34.20250459768578
"http://en.wikipedia.org/wiki/ConClave_(convention)", 34.20250459768578
"http://en.wikipedia.org/wiki/Wizard", 34.20250459768578
"http://en.wikipedia.org/wiki/Big_Dipper_(album)", 34.20250459768578
"http://en.wikipedia.org/wiki/Bedelia_(film)", 34.199278402838466
"http://en.wikipedia.org/wiki/The_Best_Science_Fiction_of_the_Year_10", 34.14556021668426
"http://en.wikipedia.org/wiki/Glowing_Eyes_(film)", 34.12306495090726
"http://en.wikipedia.org/wiki/Lampbrush_chromosome", 34.01506715249038
"http://en.wikipedia.org/wiki/The_Best_Science_Fiction_of_the_Year_11", 33.96831102433787
"http://en.wikipedia.org/wiki/List_of_1978_British_incumbents", 33.87537429470791
"http://en.wikipedia.org/wiki/Asimov%27s_Science_Fiction:_30th_Anniversary_Anthology", 33.806170189140666
"http://en.wikipedia.org/wiki/Point_Chevalier_Pirates", 33.78952919862257
"http://en.wikipedia.org/wiki/The_Twenty_Questions_Murder_Mystery", 33.75263702778072
"http://en.wikipedia.org/wiki/Durham_County_Council_election,_2008", 33.64632924552266
"http://en.wikipedia.org/wiki/List_of_MPs_elected_in_the_United_Kingdom_general_election,_1983", 33.64632924552266
"http://en.wikipedia.org/wiki/Toronto_municipal_election,_1923", 33.64632924552266
"http://en.wikipedia.org/wiki/List_of_England_national_rugby_union_players", 33.64632924552266
"http://en.wikipedia.org/wiki/National_Assembly_for_Wales_election,_2003", 33.64632924552266
"http://en.wikipedia.org/wiki/The_New_Hugo_Winners", 33.64632924552266
"http://en.wikipedia.org/wiki/Hell_Drivers_(film)", 33.59173513322437
"http://en.wikipedia.org/wiki/The_Year%27s_Best_Science_Fiction:_Twenty-First_Annual_Collection", 33.54101966249684
"http://en.wikipedia.org/wiki/Prix_Tour-Apollo_Award", 33.52007615769955
"http://en.wikipedia.org/wiki/1983_New_Zealand_rugby_league_season", 33.46640106136302
"http://en.wikipedia.org/wiki/The_Best_Science_Fiction_of_the_Year_6", 33.41414153272432
"http://en.wikipedia.org/wiki/Locus_Award_for_Best_Science_Fiction_Novel", 33.33333333333333
"http://en.wikipedia.org/wiki/Mammoth_(disambiguation)", 33.24112476572668
"http://en.wikipedia.org/wiki/Terry_Carr%27s_Best_Science_Fiction_of_the_Year", 33.1861655799986
"http://en.wikipedia.org/wiki/The_Upturned_Glass", 33.11758133602735
"http://en.wikipedia.org/wiki/Park_Circus_(film_distributor)", 33.11758133602735
"http://en.wikipedia.org/wiki/Locus_Award", 33.080804443687725
"http://en.wikipedia.org/wiki/2010_National_Football_League_(Ireland)", 33.080804443687725
"http://en.wikipedia.org/wiki/1984_Birthday_Honours", 33.080804443687725
"http://en.wikipedia.org/wiki/St_John_the_Baptist%27s_Church,_Mongewell", 33.07189138830738
"http://en.wikipedia.org/wiki/1778_in_art", 32.98281535567592
"http://en.wikipedia.org/wiki/Firehole_Falls", 32.9292779969071
"http://en.wikipedia.org/wiki/Leeds_City_Council_election,_2010", 32.50544221488005
"http://en.wikipedia.org/wiki/Haxtur_Award", 32.50544221488005
"http://en.wikipedia.org/wiki/The_Superclass_List", 32.50544221488005
"http://en.wikipedia.org/wiki/Free_Radicals_(band)", 32.50544221488005
"http://en.wikipedia.org/wiki/List_of_life_peerages_(1979%E2%80%931997)", 32.50544221488005
"http://en.wikipedia.org/wiki/List_of_MPs_elected_in_the_United_Kingdom_general_election,_1924", 32.50544221488005
"http://en.wikipedia.org/wiki/Jack_the_Ripper_(1973_TV_series)", 32.27486121839514
"http://en.wikipedia.org/wiki/Lord_of_the_Fantastic", 32.260253903223585
"http://en.wikipedia.org/wiki/Robert_A._Heinlein_Award", 32.00150598865885
"http://en.wikipedia.org/wiki/Electoral_district_of_Mindarie", 31.994093943165424
"http://en.wikipedia.org/wiki/University_of_North_Dakota_Writers_Conference", 31.91971059593589
"http://en.wikipedia.org/wiki/List_of_MPs_elected_in_the_United_Kingdom_general_election,_1964", 31.91971059593589
"http://en.wikipedia.org/wiki/Index_of_electrical_engineering_articles", 31.91971059593589
"http://en.wikipedia.org/wiki/Genie_Award_for_Best_Screenplay", 31.91971059593589
"http://en.wikipedia.org/wiki/List_of_electrical_engineers", 31.91971059593589
"http://en.wikipedia.org/wiki/1781_in_art", 31.91971059593589
"http://en.wikipedia.org/wiki/Candidates_of_the_South_Australian_state_election,_2006", 31.91971059593589
"http://en.wikipedia.org/wiki/British_National_Road_Race_Championships", 31.91971059593589
"http://en.wikipedia.org/wiki/List_of_Labour_Party_(UK)_MPs", 31.91971059593589
"http://en.wikipedia.org/wiki/1981_New_Zealand_rugby_league_season", 31.91971059593589
"http://en.wikipedia.org/wiki/Grebe_Lake", 31.86887195995491
"http://en.wikipedia.org/wiki/Meet_Sexton_Blake", 31.851102863530308
"http://en.wikipedia.org/wiki/The_Mammoth_Book_of_Mindblowing_SF", 31.767504024184927
"http://en.wikipedia.org/wiki/Darling", 31.70213124741207
"http://en.wikipedia.org/wiki/List_of_municipal_roads_in_Markham,_Ontario", 31.372790256907923
"http://en.wikipedia.org/wiki/List_of_Olympic_medalists_in_shooting", 31.32302787841077
"http://en.wikipedia.org/wiki/List_of_MPs_elected_in_the_United_Kingdom_general_election,_1970", 31.32302787841077
"http://en.wikipedia.org/wiki/Hold_the_Dream", 31.32302787841077
"http://en.wikipedia.org/wiki/The_Hugo_Winners", 31.32302787841077
"http://en.wikipedia.org/wiki/List_of_MPs_elected_in_the_United_Kingdom_general_election,_1923", 31.32302787841077
"http://en.wikipedia.org/wiki/List_of_Olympic_medalists_in_rowing_(men)", 31.32302787841077
"http://en.wikipedia.org/wiki/List_of_dams_and_reservoirs_in_Australia", 31.32302787841077
"http://en.wikipedia.org/wiki/Future_Life", 31.32302787841077
"http://en.wikipedia.org/wiki/List_of_townships_in_Ontario", 31.32302787841077
"http://en.wikipedia.org/wiki/Ed_Dieckmann", 31.32302787841077
"http://en.wikipedia.org/wiki/Locus_Award_for_Best_Novelette", 31.25
"http://en.wikipedia.org/wiki/Locus_Award_for_Best_Novella", 31.234752377721215
"http://en.wikipedia.org/wiki/Timegates", 31.147219036879413
"http://en.wikipedia.org/wiki/Year%27s_Best_SF_9", 30.89571903266623
"http://en.wikipedia.org/wiki/List_of_1979_British_incumbents", 30.860669992418384
"http://en.wikipedia.org/wiki/Shooting_at_the_1908_Summer_Olympics", 30.71475584169756
"http://en.wikipedia.org/wiki/List_of_MPs_elected_in_the_United_Kingdom_general_election,_1966", 30.71475584169756
"http://en.wikipedia.org/wiki/11th_Genie_Awards", 30.71475584169756
"http://en.wikipedia.org/wiki/Banks_(surname)", 30.71475584169756
"http://en.wikipedia.org/wiki/Locus_Award_for_Best_Short_Story", 30.276503540974915
"http://en.wikipedia.org/wiki/She_Shall_Have_Murder", 30.15113445777636
"http://en.wikipedia.org/wiki/List_of_British_painters", 30.094191754531153
"http://en.wikipedia.org/wiki/Gaia", 30.094191754531153
"http://en.wikipedia.org/wiki/I%27ll_Play_for_You", 29.602173227548928
"http://en.wikipedia.org/wiki/List_of_state_visits_made_by_Queen_Elizabeth_II", 29.460558859293336
"http://en.wikipedia.org/wiki/Tor_Double_Novels", 29.460558859293336
"http://en.wikipedia.org/wiki/Toronto_municipal_election,_1922", 29.460558859293336
"http://en.wikipedia.org/wiki/Candidates_of_the_Western_Australian_state_election,_2008", 29.460558859293336
"http://en.wikipedia.org/wiki/Crocats", 29.460558859293336
"http://en.wikipedia.org/wiki/1980_New_Zealand_rugby_league_tour_of_Great_Britain_and_France", 29.255014200233358
"http://en.wikipedia.org/wiki/The_Surgeon%27s_Knife", 28.977485337560772
"http://en.wikipedia.org/wiki/Eglinton_(electoral_district)", 28.812994971805395
"http://en.wikipedia.org/wiki/Titan", 28.812994971805395
"http://en.wikipedia.org/wiki/2010_Ireland_rugby_union_tour_of_New_Zealand_and_Australia", 27.4721127897378
"http://en.wikipedia.org/wiki/The_Year%27s_Best_Science_Fiction:_Second_Annual_Collection", 27.4721127897378
"http://en.wikipedia.org/wiki/Electoral_results_for_the_district_of_Mindarie", 26.822089039291008
"http://en.wikipedia.org/wiki/List_of_Dames_Commander_of_the_Order_of_the_British_Empire", 26.77650335789704
"http://en.wikipedia.org/wiki/2011_Down_football_season", 26.77650335789704
"http://en.wikipedia.org/wiki/Protected_areas_of_Western_Australia", 26.77650335789704
"http://en.wikipedia.org/wiki/Hayakawa_Award", 26.77650335789704
"http://en.wikipedia.org/wiki/Sedgefield_Council_election,_2007", 26.062334565784166
"http://en.wikipedia.org/wiki/List_of_authors_by_name:_V", 25.81988897471611
"http://en.wikipedia.org/wiki/Shooting_at_the_1912_Summer_Olympics_%E2%80%93_Men%27s_300_metre_military_rifle,_three_positions", 25.32803652007522
"http://en.wikipedia.org/wiki/Sheffield_Council_election,_1976", 25.32803652007522
"http://en.wikipedia.org/wiki/Former_presidents_of_Oxford_University_Conservative_Association", 25.32803652007522
"http://en.wikipedia.org/wiki/Texas_Senate,_District_28", 25.32803652007522
"http://en.wikipedia.org/wiki/The_World_Treasury_of_Science_Fiction", 24.71208252860862
"http://en.wikipedia.org/wiki/Great_Britain_at_the_1972_Winter_Olympics", 24.57180467335805
"http://en.wikipedia.org/wiki/List_of_astrologers", 24.57180467335805
"http://en.wikipedia.org/wiki/List_of_astronomical_instrument_makers", 23.791547571544324
"http://en.wikipedia.org/wiki/List_of_Ireland_national_rugby_union_players", 22.98481861560915
"http://en.wikipedia.org/wiki/Shooting_at_the_1912_Summer_Olympics_%E2%80%93_Men%27s_600_metre_free_rifle", 22.98481861560915
"http://en.wikipedia.org/wiki/List_of_horror_films_of_1967", 22.14872542011953
