"http://en.wikipedia.org/wiki/Stefano_Veltroni", 83.66600265340756
"http://en.wikipedia.org/wiki/Giorgio_Vasari", 75.56707294623234
"http://en.wikipedia.org/wiki/List_of_Italians", 75.38607370920452
"http://en.wikipedia.org/wiki/Francesco_Curia", 75.0
"http://en.wikipedia.org/wiki/Lazzaro_Vasari", 72.37468644557458
"http://en.wikipedia.org/wiki/Culture_of_Italy", 71.86052063706126
"http://en.wikipedia.org/wiki/Leonardo_da_Vinci", 71.47929502650638
"http://en.wikipedia.org/wiki/Renaissance_architecture", 70.90361347894466
"http://en.wikipedia.org/wiki/Mino_del_Reame", 70.71067811865476
"http://en.wikipedia.org/wiki/Lorenzo_Sabatini", 70.71067811865474
"http://en.wikipedia.org/wiki/Florence", 70.51721488848248
"http://en.wikipedia.org/wiki/Guglielmo_da_Marsiglia", 70.26171689305275
"http://en.wikipedia.org/wiki/Donato_da_Formello", 70.21094974994094
"http://en.wikipedia.org/wiki/Chimenti_Camicia", 69.95439243733446
"http://en.wikipedia.org/wiki/Renaissance", 69.73799522600342
"http://en.wikipedia.org/wiki/Early_Netherlandish_painting", 69.54182607446035
"http://en.wikipedia.org/wiki/Italian_Renaissance_painting", 69.34510198564068
"http://en.wikipedia.org/wiki/Royal_Entry", 69.34510198564068
"http://en.wikipedia.org/wiki/Domenico_Puligo", 69.3195124419871
"http://en.wikipedia.org/wiki/Stefano_di_Francesco", 69.22186552431731
"http://en.wikipedia.org/wiki/Guillaume_de_Marcillat", 69.15640748081248
"http://en.wikipedia.org/wiki/Benedetto_Ghirlandaio", 69.15640748081246
"http://en.wikipedia.org/wiki/Vasari_(surname)", 68.9202437604511
"http://en.wikipedia.org/wiki/Raphael", 68.7515523918126
"http://en.wikipedia.org/wiki/Titian", 68.35298930947339
"http://en.wikipedia.org/wiki/Sistine_Chapel_ceiling", 68.35298930947339
"http://en.wikipedia.org/wiki/St._Peter%27s_Basilica", 68.35298930947339
"http://en.wikipedia.org/wiki/Old_master_print", 68.35298930947339
"http://en.wikipedia.org/wiki/Francesco_di_Pesello", 68.13851438692468
"http://en.wikipedia.org/wiki/Michelangelo", 67.14310628286032
"http://en.wikipedia.org/wiki/Thematic_development_of_Italian_Renaissance_painting", 66.52991438591155
"http://en.wikipedia.org/wiki/Medieval_art", 66.52991438591155
"http://en.wikipedia.org/wiki/Leonardo_da_Vinci%27s_personal_life", 66.52991438591155
"http://en.wikipedia.org/wiki/Parri_Spinelli", 66.44986392449887
"http://en.wikipedia.org/wiki/Gothic_architecture", 66.32425728061443
"http://en.wikipedia.org/wiki/Pace_di_Bartolo", 66.20847108818944
"http://en.wikipedia.org/wiki/Valerio_Belli", 66.14378277661477
"http://en.wikipedia.org/wiki/Girolamo_dai_Libri", 66.14378277661476
"http://en.wikipedia.org/wiki/Matteo_dal_Nasaro_Veronese", 66.05782590758163
"http://en.wikipedia.org/wiki/Fra_Angelico", 65.91101800975287
"http://en.wikipedia.org/wiki/Leon_Battista_Alberti", 65.70342373659368
"http://en.wikipedia.org/wiki/Niccol%C3%B2_Soggi", 65.65321642986127
"http://en.wikipedia.org/wiki/Las_Meninas", 65.49517147346663
"http://en.wikipedia.org/wiki/Simone_Mosca", 65.09445549041195
"http://en.wikipedia.org/wiki/Giotto", 65.07666768969987
"http://en.wikipedia.org/wiki/Zoroastrianism", 64.65545505873777
"http://en.wikipedia.org/wiki/Marco_Marchetti", 64.64599351554541
"http://en.wikipedia.org/wiki/Bartolommeo_Genga", 64.63137929731515
"http://en.wikipedia.org/wiki/Head_of_a_Faun", 64.61236167757218
"http://en.wikipedia.org/wiki/Art_collections_of_Holkham_Hall", 64.44381634013364
"http://en.wikipedia.org/wiki/Bartolomeo_Carducci", 64.35381994422819
"http://en.wikipedia.org/wiki/St._Bartholomew%27s_Day_massacre", 64.23148028894624
"http://en.wikipedia.org/wiki/Simone_Ghini", 64.22616289332565
"http://en.wikipedia.org/wiki/Vincenzo_Tamagni", 64.07232755171874
"http://en.wikipedia.org/wiki/Jacopo_Torni", 63.86663736585051
"http://en.wikipedia.org/wiki/Italian_art", 63.80468831807049
"http://en.wikipedia.org/wiki/Andrea_Mantegna", 63.80468831807049
"http://en.wikipedia.org/wiki/Luzio_Luzi", 63.764677258918724
"http://en.wikipedia.org/wiki/Bastiano_Mainardi", 63.764677258918724
"http://en.wikipedia.org/wiki/Pellegrino_Aretusi", 63.644582734058396
"http://en.wikipedia.org/wiki/Mannerism", 63.59021817067886
"http://en.wikipedia.org/wiki/QI_(F_series)", 63.59021817067886
"http://en.wikipedia.org/wiki/Martino_Longhi_the_Elder", 63.400377310685265
"http://en.wikipedia.org/wiki/Albrecht_D%C3%BCrer", 63.15909307654256
"http://en.wikipedia.org/wiki/Florence_Cathedral", 63.15909307654256
"http://en.wikipedia.org/wiki/Paolo_Romano", 63.02858668672516
"http://en.wikipedia.org/wiki/Pontormo", 62.94242316498294
"http://en.wikipedia.org/wiki/Madonna_of_the_Stairs", 62.82808624375432
"http://en.wikipedia.org/wiki/List_of_major_paintings_by_Masaccio", 62.725004818718
"http://en.wikipedia.org/wiki/Lives_of_the_Most_Excellent_Painters,_Sculptors,_and_Architects", 62.725004818718
"http://en.wikipedia.org/wiki/Camillo_Boccaccino", 62.67831705280087
"http://en.wikipedia.org/wiki/Davide_Ghirlandaio", 62.60126930757012
"http://en.wikipedia.org/wiki/Gaspar_Becerra", 62.52818913170463
"http://en.wikipedia.org/wiki/Palazzo_Pitti", 62.50683022787678
"http://en.wikipedia.org/wiki/Dello_di_Niccol%C3%B2_Delli", 62.44997998398398
"http://en.wikipedia.org/wiki/Andrea_di_Mariotto_del_Minga", 62.436408326758865
"http://en.wikipedia.org/wiki/Bartolomeo_della_Gatta", 62.41877839323593
"http://en.wikipedia.org/wiki/Giorgione", 62.28789144581014
"http://en.wikipedia.org/wiki/Pisa", 62.28789144581014
"http://en.wikipedia.org/wiki/The_Louvre", 62.28789144581014
"http://en.wikipedia.org/wiki/Villa_di_Castello", 62.068180385713276
"http://en.wikipedia.org/wiki/Baccio_D%27Agnolo", 62.01736729460423
"http://en.wikipedia.org/wiki/Andrea_Tafi_(artist)", 61.8852747755276
"http://en.wikipedia.org/wiki/Benvenuto_Cellini", 61.847688817140586
"http://en.wikipedia.org/wiki/Francesco_d%27Angelo", 61.79143806533246
"http://en.wikipedia.org/wiki/Palazzo_Vecchio", 61.62640836240803
"http://en.wikipedia.org/wiki/Mona_Lisa", 61.181446525128045
"http://en.wikipedia.org/wiki/Cristoforo_Coriolano", 61.01970382851057
"http://en.wikipedia.org/wiki/Francesco_Menzocchi", 61.01970382851057
"http://en.wikipedia.org/wiki/Renaissance_art", 60.95774761698072
"http://en.wikipedia.org/wiki/Basilica_of_San_Francesco_d%27Assisi", 60.95774761698072
"http://en.wikipedia.org/wiki/Sistine_Chapel", 60.95774761698072
"http://en.wikipedia.org/wiki/Francesco_Morandini", 60.92076990801715
"http://en.wikipedia.org/wiki/Last_Supper_(Perugino)", 60.85806194501846
"http://en.wikipedia.org/wiki/Sala_del_Concistoro", 60.8276253029822
"http://en.wikipedia.org/wiki/Florence_Baptistery", 60.733224763418704
"http://en.wikipedia.org/wiki/Bernardo_Rossellino", 60.733224763418704
"http://en.wikipedia.org/wiki/Restoration_of_the_Sistine_Chapel_frescoes", 60.733224763418704
"http://en.wikipedia.org/wiki/Art_history", 60.733224763418704
"http://en.wikipedia.org/wiki/Arezzo", 60.733224763418704
"http://en.wikipedia.org/wiki/Nanni_di_Baccio_Bigio", 60.57280535191877
"http://en.wikipedia.org/wiki/Viterbo", 60.507868792350884
"http://en.wikipedia.org/wiki/Museum_of_Grenoble", 60.507868792350884
"http://en.wikipedia.org/wiki/Gherardo_Starnina", 60.46415449251419
"http://en.wikipedia.org/wiki/Lorenzo_di_Bicci", 60.30226891555272
"http://en.wikipedia.org/wiki/Giovanni_Battista_Naldini", 60.30226891555272
"http://en.wikipedia.org/wiki/Alfonso_Parigi_the_Elder", 60.30226891555272
"http://en.wikipedia.org/wiki/Marco_Basaiti", 60.302268915552716
"http://en.wikipedia.org/wiki/Orvieto_Cathedral", 60.281670360241044
"http://en.wikipedia.org/wiki/Pierino_da_Vinci", 60.214043163966714
"http://en.wikipedia.org/wiki/Perspective_(graphical)", 60.054619947587554
"http://en.wikipedia.org/wiki/%E2%82%AC2_commemorative_coins", 59.82670785424846
"http://en.wikipedia.org/wiki/Andrea_di_Aloigi", 59.67081414398551
"http://en.wikipedia.org/wiki/List_of_Roman_Catholic_Church_artists", 59.597924194606065
"http://en.wikipedia.org/wiki/Lost_artworks", 59.597924194606065
"http://en.wikipedia.org/wiki/Maso_da_San_Friano", 59.441848333756695
"http://en.wikipedia.org/wiki/Byzantine_art", 59.36825889256334
"http://en.wikipedia.org/wiki/Grotesque", 58.90624207324091
"http://en.wikipedia.org/wiki/Hierarchy_of_genres", 58.90624207324091
"http://en.wikipedia.org/wiki/Gothic_art", 58.90624207324091
"http://en.wikipedia.org/wiki/Taddeo_Gaddi", 58.85620007766133
"http://en.wikipedia.org/wiki/Fra_Carnevale", 58.76425282492702
"http://en.wikipedia.org/wiki/Andrea_Pisano", 58.75182252276259
"http://en.wikipedia.org/wiki/Schilder-boeck", 58.67386940384682
"http://en.wikipedia.org/wiki/Bartolomeo_Bellano", 58.65884600854131
"http://en.wikipedia.org/wiki/Antonio_Veneziano_(painter)", 58.60984988734226
"http://en.wikipedia.org/wiki/Simone_del_Pollaiolo", 58.470534620468605
"http://en.wikipedia.org/wiki/Giovanni_Battista_Belluzzi", 58.452259722500614
"http://en.wikipedia.org/wiki/Lorenzo_Lotto", 58.44057277652305
"http://en.wikipedia.org/wiki/History_painting", 58.44057277652305
"http://en.wikipedia.org/wiki/Pisanello", 58.44057277652305
"http://en.wikipedia.org/wiki/Nunziata_d%27Antonio", 58.44057277652305
"http://en.wikipedia.org/wiki/Brancacci_Chapel", 58.20634108133325
"http://en.wikipedia.org/wiki/Filippo_Brunelleschi", 58.20634108133325
"http://en.wikipedia.org/wiki/Rimini", 58.20634108133325
"http://en.wikipedia.org/wiki/Stanis%C5%82aw_Mas%C5%82owski", 58.20634108133325
"http://en.wikipedia.org/wiki/Luca_Signorelli", 58.20634108133325
"http://en.wikipedia.org/wiki/Belvedere_(fort)", 58.15799980377996
"http://en.wikipedia.org/wiki/Portrait_of_Cosimo_I_de%27_Medici", 58.028845747399714
"http://en.wikipedia.org/wiki/Iconography", 57.971162983891546
"http://en.wikipedia.org/wiki/Academic_art", 57.971162983891546
"http://en.wikipedia.org/wiki/Palazzo_di_Parte_Guelfa", 57.8908572345526
"http://en.wikipedia.org/wiki/Palazzo_Pretorio_(Cividale_del_Friuli)", 57.73502691896258
"http://en.wikipedia.org/wiki/Hendrick_van_den_Broeck", 57.73502691896258
"http://en.wikipedia.org/wiki/Santa_Trinita_Maest%C3%A0", 57.73502691896258
"http://en.wikipedia.org/wiki/Art_patronage_of_Julius_II", 57.735026918962575
"http://en.wikipedia.org/wiki/Bernardo_Buontalenti", 57.58755534498965
"http://en.wikipedia.org/wiki/Girolamo_Marchesi", 57.52237416355278
"http://en.wikipedia.org/wiki/Guild_of_Saint_Luke", 57.497921083824835
"http://en.wikipedia.org/wiki/The_Last_Supper_(Leonardo_da_Vinci)", 57.497921083824835
"http://en.wikipedia.org/wiki/Lorenzo_de%27_Medici", 57.497921083824835
"http://en.wikipedia.org/wiki/Giovanni_Cristoforo_Romano", 57.489866461514
"http://en.wikipedia.org/wiki/Stefano_Fiorentino", 57.45407621558637
"http://en.wikipedia.org/wiki/Santa_Caterina_(Livorno)", 57.416925176321456
"http://en.wikipedia.org/wiki/List_of_works_by_Leonardo_da_Vinci", 57.25983343138682
"http://en.wikipedia.org/wiki/Saint_Paul_(Masaccio)", 57.22181649673349
"http://en.wikipedia.org/wiki/Loggia_del_Pesce", 57.207755354735546
"http://en.wikipedia.org/wiki/Jan_van_Calcar", 57.14285714285714
"http://en.wikipedia.org/wiki/St._Quentin_(Pontormo)", 57.12405705774795
"http://en.wikipedia.org/wiki/Pietro_Perugino", 57.020751663044386
"http://en.wikipedia.org/wiki/Sir_John_Soane%27s_Museum", 57.020751663044386
"http://en.wikipedia.org/wiki/Maarten_van_Heemskerck", 57.020751663044386
"http://en.wikipedia.org/wiki/Lorenzo_Sabbatini", 56.86416212459071
"http://en.wikipedia.org/wiki/Sofonisba_Anguissola", 56.78066322126746
"http://en.wikipedia.org/wiki/David_(Donatello)", 56.78066322126746
"http://en.wikipedia.org/wiki/Stradanus", 56.73086289311754
"http://en.wikipedia.org/wiki/Dominicus_Lampsonius", 56.71308728156005
"http://en.wikipedia.org/wiki/Battista_del_Moro", 56.66150647299695
"http://en.wikipedia.org/wiki/Marcantonio_della_Torre", 56.635211395485406
"http://en.wikipedia.org/wiki/Andrea_del_Sarto", 56.53955528190339
"http://en.wikipedia.org/wiki/Avignon_Papacy", 56.53955528190339
"http://en.wikipedia.org/wiki/Masaccio", 56.53955528190339
"http://en.wikipedia.org/wiki/Lorenzo_Ghiberti", 56.29741474618374
"http://en.wikipedia.org/wiki/Lisa_del_Giocondo", 56.29741474618374
"http://en.wikipedia.org/wiki/Style_(visual_arts)", 56.29741474618374
"http://en.wikipedia.org/wiki/Ganymede_Abducted_by_the_Eagle", 56.297414746183726
"http://en.wikipedia.org/wiki/Perseus_Freeing_Andromeda", 56.12135332663137
"http://en.wikipedia.org/wiki/Johan_Gregor_van_der_Schardt", 56.10836076867821
"http://en.wikipedia.org/wiki/Bernadetto_de%27_Medici", 56.06119105813882
"http://en.wikipedia.org/wiki/Starchitect", 56.05422823242008
"http://en.wikipedia.org/wiki/Ezekiel%27s_Vision_(Raphael)", 55.98507263734642
"http://en.wikipedia.org/wiki/David_(Michelangelo)", 55.80998206737443
"http://en.wikipedia.org/wiki/Portrait_of_Andrea_Odoni", 55.72782125753528
"http://en.wikipedia.org/wiki/Oxford_World%27s_Classics", 55.677643628300224
"http://en.wikipedia.org/wiki/Speculation_about_Mona_Lisa", 55.564662277287994
"http://en.wikipedia.org/wiki/Saint_Roch", 55.564662277287994
"http://en.wikipedia.org/wiki/Giovanni_Carlo_Aliberti", 55.56301217669585
"http://en.wikipedia.org/wiki/Paolo_Uccello", 55.31825457855197
"http://en.wikipedia.org/wiki/Domenico_Ghirlandaio", 55.31825457855197
"http://en.wikipedia.org/wiki/Brown", 55.31825457855197
"http://en.wikipedia.org/wiki/Sandro_Botticelli", 55.31825457855197
"http://en.wikipedia.org/wiki/Transfiguration_(Raphael)", 55.31825457855197
"http://en.wikipedia.org/wiki/Adoration_of_the_Child_(Correggio)", 55.31456853792962
"http://en.wikipedia.org/wiki/King_of_the_Gypsies", 55.070744368002714
"http://en.wikipedia.org/wiki/Magnificence_(History_of_ideas)", 55.070744368002714
"http://en.wikipedia.org/wiki/Triumphs_of_Caesar", 55.070744368002714
"http://en.wikipedia.org/wiki/The_Battle_of_Anghiari_(painting)", 55.070744368002714
"http://en.wikipedia.org/wiki/Basilica_of_Santa_Maria_Novella", 55.070744368002714
"http://en.wikipedia.org/wiki/Andrea_Ferrucci", 55.032457955023496
"http://en.wikipedia.org/wiki/Karel_van_Mander", 54.82211671282236
"http://en.wikipedia.org/wiki/Old_Master", 54.82211671282236
"http://en.wikipedia.org/wiki/Leaning_Tower_of_Pisa", 54.57235634002559
"http://en.wikipedia.org/wiki/Jan_van_Eyck", 54.57235634002559
"http://en.wikipedia.org/wiki/Piero_della_Francesca", 54.57235634002559
"http://en.wikipedia.org/wiki/Michele_Tosini", 54.486236794258424
"http://en.wikipedia.org/wiki/Agostino_da_Siena", 54.36887751983939
"http://en.wikipedia.org/wiki/Philipp_Fehl", 54.32144762551112
"http://en.wikipedia.org/wiki/Benozzo_Gozzoli", 54.32144762551112
"http://en.wikipedia.org/wiki/Moses_(Michelangelo)", 54.32144762551112
"http://en.wikipedia.org/wiki/Basilica_of_San_Domenico", 54.32144762551112
"http://en.wikipedia.org/wiki/Silvio_Passerini", 54.31566598027891
"http://en.wikipedia.org/wiki/Francesco_del_Giocondo", 54.160256030906396
"http://en.wikipedia.org/wiki/Gaddo_Gaddi", 54.100178080045936
"http://en.wikipedia.org/wiki/Pietro_Lorenzetti", 54.06937458265596
"http://en.wikipedia.org/wiki/Cortona", 54.06937458265596
"http://en.wikipedia.org/wiki/Madonna_with_Child_and_Saints_(Pontormo)", 54.00617248673216
"http://en.wikipedia.org/wiki/Basilica_of_Our_Lady_of_Humility", 53.968707222086586
"http://en.wikipedia.org/wiki/Nanni_di_Banco", 53.948565886351695
"http://en.wikipedia.org/wiki/Antonio_Begarelli", 53.94490624751247
"http://en.wikipedia.org/wiki/Cosimo_Bartoli", 53.93598899705937
"http://en.wikipedia.org/wiki/Portrait_of_Perugino_(Raphael)", 53.88159060803248
"http://en.wikipedia.org/wiki/Francesco_Albertini", 53.81962211069427
"http://en.wikipedia.org/wiki/Dulwich_Picture_Gallery", 53.816120850428995
"http://en.wikipedia.org/wiki/Pope_Gregory_XIII", 53.816120850428995
"http://en.wikipedia.org/wiki/Fra_Diamante", 53.74838498865701
"http://en.wikipedia.org/wiki/Rinaldo_Mantovano", 53.73732906238789
"http://en.wikipedia.org/wiki/Chimera_of_Arezzo", 53.692484417121946
"http://en.wikipedia.org/wiki/Paolo_Farinati", 53.68515688594935
"http://en.wikipedia.org/wiki/Agnolo_Gaddi", 53.644178078582016
"http://en.wikipedia.org/wiki/Portrait_of_Lucrezia_Panciatichi", 53.568322891344145
"http://en.wikipedia.org/wiki/Collegiate_Church_of_San_Gimignano", 53.56166968099849
"http://en.wikipedia.org/wiki/Royal_Collection", 53.56166968099849
"http://en.wikipedia.org/wiki/Maso_Finiguerra", 53.56166968099849
"http://en.wikipedia.org/wiki/Guglielmo_Della_Porta", 53.31139899831832
"http://en.wikipedia.org/wiki/Doni_Tondo", 53.30600392680742
"http://en.wikipedia.org/wiki/Il_Sodoma", 53.30600392680742
"http://en.wikipedia.org/wiki/Biography", 53.30600392680742
"http://en.wikipedia.org/wiki/Margaritone_d%27Arezzo", 53.229064742237696
"http://en.wikipedia.org/wiki/Girolamo_Genga", 53.19951765989315
"http://en.wikipedia.org/wiki/Niccol%C3%B2_di_Piero_Lamberti", 53.175052486072374
"http://en.wikipedia.org/wiki/Madonna_of_Humility_(Fra_Angelico)", 53.175052486072374
"http://en.wikipedia.org/wiki/Periodization", 53.04910602708799
"http://en.wikipedia.org/wiki/Uffizi", 53.04910602708799
"http://en.wikipedia.org/wiki/Bartolommeo_Bandinelli", 53.04910602708799
"http://en.wikipedia.org/wiki/Maturino_da_Firenze", 53.00494136893097
"http://en.wikipedia.org/wiki/Fiorenzo_di_Lorenzo", 52.89946984105814
"http://en.wikipedia.org/wiki/Holy_Trinity_(Masaccio)", 52.79095799378564
"http://en.wikipedia.org/wiki/List_of_Google_Doodles_in_2011", 52.79095799378564
"http://en.wikipedia.org/wiki/The_Deposition_(Raphael)", 52.79095799378564
"http://en.wikipedia.org/wiki/Giovanni_Antonio_Sogliani", 52.77986629117476
"http://en.wikipedia.org/wiki/Christ_Carrying_the_Cross_(Titian)", 52.68140465549273
"http://en.wikipedia.org/wiki/Piet%C3%A0_(Perugino)", 52.62348115842175
"http://en.wikipedia.org/wiki/Gaspard_II_de_Coligny", 52.53154139686037
"http://en.wikipedia.org/wiki/Pierre-Jean_Mariette", 52.53154139686037
"http://en.wikipedia.org/wiki/Antonio_da_Correggio", 52.53154139686037
"http://en.wikipedia.org/wiki/Basilica_of_San_Lorenzo,_Florence", 52.53154139686037
"http://en.wikipedia.org/wiki/The_Baptism_of_Christ_(Verrocchio)", 52.522573143889026
"http://en.wikipedia.org/wiki/Andrea_Sansovino", 52.45891711135605
"http://en.wikipedia.org/wiki/Camaldoli", 52.4564376635413
"http://en.wikipedia.org/wiki/Madonna_and_Child_with_Saints_(Signorelli,_Arezzo)", 52.37712126356705
"http://en.wikipedia.org/wiki/Giovanni_Antonio_Lappoli", 52.363493808864284
"http://en.wikipedia.org/wiki/Palazzo_Bartolini_Salimbeni", 52.314836378059695
"http://en.wikipedia.org/wiki/Jacob_de_Backer", 52.27387626276517
"http://en.wikipedia.org/wiki/Jacopo_della_Quercia", 52.270837348931664
"http://en.wikipedia.org/wiki/Cultural_depictions_of_Philip_II_of_Spain", 52.270837348931664
"http://en.wikipedia.org/wiki/Sectarian_violence", 52.270837348931664
"http://en.wikipedia.org/wiki/Alfonso_Lombardi", 52.26814290642626
"http://en.wikipedia.org/wiki/Alemanno_Adimari", 52.22329678670935
"http://en.wikipedia.org/wiki/Sala_Regia_(Vatican)", 52.16817983543006
"http://en.wikipedia.org/wiki/The_Circumcision_(Signorelli)", 52.16405309573011
"http://en.wikipedia.org/wiki/Cosimo_Rosselli", 52.15925838520059
"http://en.wikipedia.org/wiki/Magdalene_Penitent", 52.12860351426869
"http://en.wikipedia.org/wiki/Cesare_Cesariano", 52.128603514268676
"http://en.wikipedia.org/wiki/Giovanni_da_Maiano", 52.12257673772803
"http://en.wikipedia.org/wiki/Francesco_Camilliani", 52.04962388541867
"http://en.wikipedia.org/wiki/List_of_In_Our_Time_programmes", 52.00882648923051
"http://en.wikipedia.org/wiki/Donatello", 52.00882648923051
"http://en.wikipedia.org/wiki/Palazzo_Trinci", 52.00882648923051
"http://en.wikipedia.org/wiki/Carlo_Cesare_Malvasia", 52.00078492343228
"http://en.wikipedia.org/wiki/Lives", 51.92907868894986
"http://en.wikipedia.org/wiki/Lorenzo_Monaco", 51.919670394880626
"http://en.wikipedia.org/wiki/Piero_del_Pollaiolo", 51.861885546264055
"http://en.wikipedia.org/wiki/Agony_in_the_Garden_(Perugino)", 51.8238775634773
"http://en.wikipedia.org/wiki/Pistoia", 51.7454889668201
"http://en.wikipedia.org/wiki/Barbara_Longhi", 51.7454889668201
"http://en.wikipedia.org/wiki/Portrait_of_a_Young_Girl_(Christus,_Berlin)", 51.7454889668201
"http://en.wikipedia.org/wiki/Filarete", 51.7454889668201
"http://en.wikipedia.org/wiki/Carafa_Chapel", 51.7454889668201
"http://en.wikipedia.org/wiki/National_Museum_of_Western_Art", 51.7454889668201
"http://en.wikipedia.org/wiki/Altarpiece_of_the_Halberd", 51.673562564069705
"http://en.wikipedia.org/wiki/Battle_of_Cascina_(Michelangelo)", 51.60733070906276
"http://en.wikipedia.org/wiki/Fondation_Calvet", 51.22610150282087
"http://en.wikipedia.org/wiki/San_Luca_Altarpiece", 51.21475197315839
"http://en.wikipedia.org/wiki/Pietro_Torrigiano", 51.21475197315839
"http://en.wikipedia.org/wiki/Desiderio_da_Settignano", 51.21475197315839
"http://en.wikipedia.org/wiki/History_of_the_concept_of_creativity", 51.21475197315839
"http://en.wikipedia.org/wiki/Luca_Pacioli", 51.21475197315839
"http://en.wikipedia.org/wiki/Beauty", 51.21475197315839
"http://en.wikipedia.org/wiki/Portrait_of_Lorenzo_Cybo", 51.19267188936727
"http://en.wikipedia.org/wiki/Michelozzo", 51.15845482420281
"http://en.wikipedia.org/wiki/Amico_Aspertini", 51.15488666693088
"http://en.wikipedia.org/wiki/Arnolfo_di_Cambio", 51.058827748495986
"http://en.wikipedia.org/wiki/Sant%27Anna_dei_Lombardi", 50.94731018709964
"http://en.wikipedia.org/wiki/Nicola_Pisano", 50.94731018709964
"http://en.wikipedia.org/wiki/Cimabue", 50.94731018709964
"http://en.wikipedia.org/wiki/Filippo_Baldinucci", 50.94731018709964
"http://en.wikipedia.org/wiki/Pope_Julius_III", 50.94731018709964
"http://en.wikipedia.org/wiki/The_School_of_Athens", 50.94731018709964
"http://en.wikipedia.org/wiki/Portrait_of_a_Condottiero_(Bellini)", 50.937163197361066
"http://en.wikipedia.org/wiki/Palazzo_di_San_Clemente", 50.891335780798265
"http://en.wikipedia.org/wiki/Casa_degli_Omenoni", 50.88502445991073
"http://en.wikipedia.org/wiki/Gaddi_Torso", 50.84831689248405
"http://en.wikipedia.org/wiki/Giovanni_Bernardi", 50.78007830046404
"http://en.wikipedia.org/wiki/1562_in_art", 50.722929075326306
"http://en.wikipedia.org/wiki/Cristofano_Gherardi", 50.6935144001147
"http://en.wikipedia.org/wiki/Friedrich_Sustris", 50.68340299791975
"http://en.wikipedia.org/wiki/Giulio_Romano", 50.67845706934023
"http://en.wikipedia.org/wiki/Giulio_Clovio", 50.67845706934023
"http://en.wikipedia.org/wiki/Giulio_Campagnola", 50.67845706934023
"http://en.wikipedia.org/wiki/Apparition_of_Christ_to_the_Virgin", 50.460839234958186
"http://en.wikipedia.org/wiki/Barna_da_Siena", 50.444453185091184
"http://en.wikipedia.org/wiki/Antonello_da_Messina", 50.40817003777638
"http://en.wikipedia.org/wiki/Niccol%C3%B2_Tribolo", 50.40817003777638
"http://en.wikipedia.org/wiki/Santi_Apostoli,_Rome", 50.40817003777638
"http://en.wikipedia.org/wiki/Bartolomeo_Coriolano", 50.40032664621348
"http://en.wikipedia.org/wiki/Martyrdom_of_Four_Saints", 50.34130089044647
"http://en.wikipedia.org/wiki/Coronation_of_the_Virgin_(Fra_Angelico,_Uffizi)", 50.25707110324167
"http://en.wikipedia.org/wiki/1570s_in_architecture", 50.224720233392276
"http://en.wikipedia.org/wiki/Guido_Tarlati", 50.13947028486566
"http://en.wikipedia.org/wiki/Stories_of_St._Stephen_and_St._John_the_Baptist", 50.13642590159167
"http://en.wikipedia.org/wiki/Federico_Barocci", 50.13642590159167
"http://en.wikipedia.org/wiki/Portrait_of_Pope_Julius_II_(Raphael)", 50.13642590159167
"http://en.wikipedia.org/wiki/Badia_Polyptych", 50.130719177322824
"http://en.wikipedia.org/wiki/1560s_in_architecture", 50.0
"http://en.wikipedia.org/wiki/Saint_Mark_(Donatello)", 50.0
"http://en.wikipedia.org/wiki/Diana_Scultori", 49.999999999999986
"http://en.wikipedia.org/wiki/Francesco_Pesellino", 49.916874422979134
"http://en.wikipedia.org/wiki/Basilica_of_Santa_Croce,_Florence", 49.863200838034935
"http://en.wikipedia.org/wiki/Leone_Leoni", 49.863200838034935
"http://en.wikipedia.org/wiki/Modello", 49.863200838034935
"http://en.wikipedia.org/wiki/Joachim_von_Sandrart", 49.863200838034935
"http://en.wikipedia.org/wiki/Crucifixion_(Masaccio)", 49.682536472887
"http://en.wikipedia.org/wiki/Jacopo_Zucchi", 49.682536472887
"http://en.wikipedia.org/wiki/Carlo_Ridolfi", 49.59513503716709
"http://en.wikipedia.org/wiki/Polidoro_da_Caravaggio", 49.58847036804647
"http://en.wikipedia.org/wiki/Self-portrait_in_a_Convex_Mirror", 49.58847036804647
"http://en.wikipedia.org/wiki/Perino_del_Vaga", 49.58847036804647
"http://en.wikipedia.org/wiki/Italian_Wars", 49.58847036804647
"http://en.wikipedia.org/wiki/Accademia_di_Belle_Arti_di_Firenze", 49.581582602145055
"http://en.wikipedia.org/wiki/The_Genius_of_Victory", 49.5773381487193
"http://en.wikipedia.org/wiki/Adoration_of_the_Shepherds_(Lorenzo_di_Credi)", 49.537740461807
"http://en.wikipedia.org/wiki/Madonna_of_St._Jerome_(Correggio)", 49.513764785419085
"http://en.wikipedia.org/wiki/Properzia_de%27_Rossi", 49.503463367480606
"http://en.wikipedia.org/wiki/Piet%C3%A0_(Michelangelo)", 49.3122093306621
"http://en.wikipedia.org/wiki/List_of_years_in_literature", 49.3122093306621
"http://en.wikipedia.org/wiki/Giovanni_Battista_Moroni", 49.3122093306621
"http://en.wikipedia.org/wiki/Fountain_of_Neptune,_Bologna", 49.30066485916346
"http://en.wikipedia.org/wiki/Ponte_Vecchio", 49.03439185611925
"http://en.wikipedia.org/wiki/Michele_Sanmicheli", 49.03439185611925
"http://en.wikipedia.org/wiki/Mino_da_Fiesole", 49.03439185611925
"http://en.wikipedia.org/wiki/Mariotto_Albertinelli", 48.93691864505254
"http://en.wikipedia.org/wiki/Agostino_Vespucci", 48.932261312789315
"http://en.wikipedia.org/wiki/Distemper_(paint)", 48.90096469218258
"http://en.wikipedia.org/wiki/Isleworth_Mona_Lisa", 48.75499133758377
"http://en.wikipedia.org/wiki/Defenestration", 48.75499133758377
"http://en.wikipedia.org/wiki/Portrait_of_Pier_Maria_Rossi_di_San_Secondo", 48.609352992117024
"http://en.wikipedia.org/wiki/San_Giovanni_a_Carbonara", 48.560051509652325
"http://en.wikipedia.org/wiki/Annunciation_Triptych_(Lorenzo_Monaco)", 48.541959571905004
"http://en.wikipedia.org/wiki/Federico_Zuccari", 48.48907584384833
"http://en.wikipedia.org/wiki/Cronus", 48.47398040141003
"http://en.wikipedia.org/wiki/Giambologna", 48.47398040141003
"http://en.wikipedia.org/wiki/Piero_di_Cosimo", 48.47398040141003
"http://en.wikipedia.org/wiki/Bonanno_Pisano", 48.461168459755996
"http://en.wikipedia.org/wiki/1580s_in_architecture", 48.41229182759271
"http://en.wikipedia.org/wiki/Last_Supper_(Rosselli)", 48.40100559551777
"http://en.wikipedia.org/wiki/Madonna_of_Humility_(Gentile_da_Fabriano)", 48.38867031273072
"http://en.wikipedia.org/wiki/Francesco_de%27_Rossi", 48.28341685877545
"http://en.wikipedia.org/wiki/Cupid_Making_His_Arch", 48.23944470199915
"http://en.wikipedia.org/wiki/Jacopo_Sansovino", 48.22428221704121
"http://en.wikipedia.org/wiki/Medusa_(Leonardo_da_Vinci_painting)", 48.1913308758401
"http://en.wikipedia.org/wiki/Tommaso_dei_Cavalieri", 48.1913308758401
"http://en.wikipedia.org/wiki/Pulpit_(Siena_Cathedral)", 48.1913308758401
"http://en.wikipedia.org/wiki/Siege_of_Florence_(1529%E2%80%9330)", 48.1913308758401
"http://en.wikipedia.org/wiki/Separation_of_Light_from_Darkness", 48.1913308758401
"http://en.wikipedia.org/wiki/Sistine_Madonna", 48.1913308758401
"http://en.wikipedia.org/wiki/Order_of_the_Golden_Spur", 48.1913308758401
"http://en.wikipedia.org/wiki/Dana%C3%AB_(Titian_series)", 48.1913308758401
"http://en.wikipedia.org/wiki/Andrea_Schiavone", 48.18120558297158
"http://en.wikipedia.org/wiki/Palazzo_della_Carovana", 48.14437448655852
"http://en.wikipedia.org/wiki/Deposition_of_Christ_(Fra_Angelico)", 48.10456929208346
"http://en.wikipedia.org/wiki/San_Domenico,_Perugia", 48.081472075938436
"http://en.wikipedia.org/wiki/Cartouche_(design)", 48.03844614152614
"http://en.wikipedia.org/wiki/Vecchietta", 48.01446887717166
"http://en.wikipedia.org/wiki/Galatea_(Raphael)", 48.00362305167138
"http://en.wikipedia.org/wiki/Liberale_da_Verona", 47.938884488093095
"http://en.wikipedia.org/wiki/Ostilio_Ricci", 47.93012932694108
"http://en.wikipedia.org/wiki/Andrea_della_Valle", 47.90701375804084
"http://en.wikipedia.org/wiki/Gian_Pietro_Bellori", 47.90701375804084
"http://en.wikipedia.org/wiki/San_Jacopo_sopr%27Arno", 47.90701375804084
"http://en.wikipedia.org/wiki/Giacomo_Barozzi_da_Vignola", 47.90701375804084
"http://en.wikipedia.org/wiki/Fitzwilliam_Museum", 47.90701375804084
"http://en.wikipedia.org/wiki/Battle_of_Marciano", 47.90701375804084
"http://en.wikipedia.org/wiki/Giovanni_Mincio_da_Morrovalle", 47.776654295295465
"http://en.wikipedia.org/wiki/Giovanni_Antonio_Boltraffio", 47.75669329409193
"http://en.wikipedia.org/wiki/Diocesan_Museum_(Cortona)", 47.74717526842808
"http://en.wikipedia.org/wiki/Adoration_of_the_Magi_(Lorenzo_Monaco)", 47.733437050543806
"http://en.wikipedia.org/wiki/Gian_Paolo_Lomazzo", 47.7283173597423
"http://en.wikipedia.org/wiki/Pistoia_Cathedral", 47.6209991793697
"http://en.wikipedia.org/wiki/High_Renaissance", 47.6209991793697
"http://en.wikipedia.org/wiki/Het_Gulden_Cabinet", 47.6209991793697
"http://en.wikipedia.org/wiki/Giovanni_Battista_Montano", 47.6209991793697
"http://en.wikipedia.org/wiki/Citt%C3%A0_di_Castello", 47.6209991793697
"http://en.wikipedia.org/wiki/Donato_Bramante", 47.6209991793697
"http://en.wikipedia.org/wiki/Michiel_Coxie", 47.61993272323109
"http://en.wikipedia.org/wiki/Saint_Luke_painting_the_Virgin", 47.50730937913075
"http://en.wikipedia.org/wiki/Girolamo_da_Treviso", 47.40998230350175
"http://en.wikipedia.org/wiki/1511_in_art", 47.3959577558488
"http://en.wikipedia.org/wiki/Pagno_di_Lapo_Portigiani", 47.3732458508201
"http://en.wikipedia.org/wiki/Primavera_(painting)", 47.3332563687514
"http://en.wikipedia.org/wiki/Margarita_Luti", 47.3332563687514
"http://en.wikipedia.org/wiki/Timeline_of_Niccol%C3%B2_Machiavelli", 47.3332563687514
"http://en.wikipedia.org/wiki/Foiano_della_Chiana", 47.3332563687514
"http://en.wikipedia.org/wiki/Parmigianino", 47.3332563687514
"http://en.wikipedia.org/wiki/Antonio_del_Massaro", 47.3332563687514
"http://en.wikipedia.org/wiki/Paolo_Dagomari_di_Prato", 47.322111527088886
"http://en.wikipedia.org/wiki/Antonio_Rossellino", 47.28939542678912
"http://en.wikipedia.org/wiki/Cassone", 47.275332045976214
"http://en.wikipedia.org/wiki/Vasari_Corridor", 47.14045207910317
"http://en.wikipedia.org/wiki/Madonna_of_humility", 47.1046174467263
"http://en.wikipedia.org/wiki/Laurentian_Library", 47.0437536140385
"http://en.wikipedia.org/wiki/Eleanor_de%27_Medici", 47.0437536140385
"http://en.wikipedia.org/wiki/1581_in_art", 47.036043419179855
"http://en.wikipedia.org/wiki/Chazen_Museum_of_Art", 47.00321611955288
"http://en.wikipedia.org/wiki/1510s_in_architecture", 46.94027940381773
"http://en.wikipedia.org/wiki/Simone_Martini", 46.869193629455694
"http://en.wikipedia.org/wiki/Andrew_Graham-Dixon", 46.75245822121844
"http://en.wikipedia.org/wiki/Sleeping_Ariadne", 46.75245822121844
"http://en.wikipedia.org/wiki/Andrea_del_Castagno", 46.75245822121844
"http://en.wikipedia.org/wiki/Veit_Stoss", 46.75245822121844
"http://en.wikipedia.org/wiki/Self-Portrait_(Titian,_Madrid)", 46.748587824405554
"http://en.wikipedia.org/wiki/Peter_Candid", 46.73230195461178
"http://en.wikipedia.org/wiki/Orfeo_Boselli", 46.73230195461178
"http://en.wikipedia.org/wiki/Girolamo_Macchietti", 46.60612778960492
"http://en.wikipedia.org/wiki/Giovanni_Pisano", 46.57267529901027
"http://en.wikipedia.org/wiki/Santa_Maria_Maggiore,_Florence", 46.54746681256314
"http://en.wikipedia.org/wiki/Santi_Buglioni", 46.48111258522642
"http://en.wikipedia.org/wiki/Marcantonio_Michiel", 46.460631811998034
"http://en.wikipedia.org/wiki/Taddeo_di_Bartolo", 46.459336471318565
"http://en.wikipedia.org/wiki/Cornelis_de_Bie", 46.459336471318565
"http://en.wikipedia.org/wiki/Portrait_of_a_Lady_in_Yellow", 46.459336471318565
"http://en.wikipedia.org/wiki/Bollingen_Foundation", 46.459336471318565
"http://en.wikipedia.org/wiki/List_of_anonymous_masters", 46.459336471318565
"http://en.wikipedia.org/wiki/Uranus_(mythology)", 46.459336471318565
"http://en.wikipedia.org/wiki/Lamentation_of_Christ_(Rogier_van_der_Weyden)", 46.38312648270658
"http://en.wikipedia.org/wiki/Hugo_van_der_Goes", 46.29100498862757
"http://en.wikipedia.org/wiki/Circumcision_of_Jesus_(Parmigianino)", 46.25260514378692
"http://en.wikipedia.org/wiki/Francesco_Granacci", 46.22081388685877
"http://en.wikipedia.org/wiki/Stigmata_of_St._Francis_(Giotto)", 46.216039749172445
"http://en.wikipedia.org/wiki/Alfonso_II_of_Naples", 46.16435357484826
"http://en.wikipedia.org/wiki/Sala_dei_Cento_Giorni", 46.16435357484826
"http://en.wikipedia.org/wiki/Egg_of_Columbus", 46.16435357484826
"http://en.wikipedia.org/wiki/Ambrogio_Lorenzetti", 46.16435357484826
"http://en.wikipedia.org/wiki/Boboli_Gardens", 46.16435357484826
"http://en.wikipedia.org/wiki/Willem_Danielsz_van_Tetrode", 46.10584022652674
"http://en.wikipedia.org/wiki/Bacchus_(Michelangelo)", 46.03482701187488
"http://en.wikipedia.org/wiki/Arezzo_Cathedral", 45.979277503366056
"http://en.wikipedia.org/wiki/Vision_of_Saint_Jerome", 45.94264515239209
"http://en.wikipedia.org/wiki/Giovanni_Francesco_Rustici", 45.938977028114266
"http://en.wikipedia.org/wiki/Assumption_of_the_Virgin_(Correggio)", 45.93152121746253
"http://en.wikipedia.org/wiki/Bardi_Altarpiece", 45.91125283909057
"http://en.wikipedia.org/wiki/Jacopo_Ligozzi", 45.88314677411235
"http://en.wikipedia.org/wiki/Palazzo_della_Cancelleria", 45.86747362360414
"http://en.wikipedia.org/wiki/Sienna", 45.86747362360414
"http://en.wikipedia.org/wiki/Andromeda_(mythology)", 45.86747362360414
"http://en.wikipedia.org/wiki/Umber", 45.86747362360414
"http://en.wikipedia.org/wiki/Testament_and_Death_of_Moses", 45.83221264543455
"http://en.wikipedia.org/wiki/Museo_di_Capodimonte", 45.56865953964892
"http://en.wikipedia.org/wiki/Studiolo_of_Francesco_I", 45.56865953964892
"http://en.wikipedia.org/wiki/Medici_Chapel", 45.56865953964892
"http://en.wikipedia.org/wiki/Hercules_and_Cacus", 45.551377080067404
"http://en.wikipedia.org/wiki/Antonio_Tempesta", 45.508306023843204
"http://en.wikipedia.org/wiki/Monte_Morello", 45.45454545454545
"http://en.wikipedia.org/wiki/Ginevra_de%27_Benci", 45.448583811729534
"http://en.wikipedia.org/wiki/Luca_della_Robbia", 45.338235029118145
"http://en.wikipedia.org/wiki/1567_in_art", 45.30982379628431
"http://en.wikipedia.org/wiki/Villa_Giulia", 45.267873021259255
"http://en.wikipedia.org/wiki/Cennino_Cennini", 45.267873021259255
"http://en.wikipedia.org/wiki/The_Fortune_Teller_(Caravaggio)", 45.267873021259255
"http://en.wikipedia.org/wiki/The_Marriage_of_the_Virgin_(Raphael)", 45.267873021259255
"http://en.wikipedia.org/wiki/Lucas_van_Leyden", 44.96507448561903
"http://en.wikipedia.org/wiki/Pope_Pius_IV", 44.96507448561903
"http://en.wikipedia.org/wiki/The_Virgin_and_Child_with_St_Anne_and_St_John_the_Baptist", 44.96507448561903
"http://en.wikipedia.org/wiki/Lira_da_braccio", 44.96507448561903
"http://en.wikipedia.org/wiki/Italian_War_of_1551%E2%80%9359", 44.96507448561903
"http://en.wikipedia.org/wiki/Giuliano_da_Maiano", 44.721359549995796
"http://en.wikipedia.org/wiki/De_viris_illustribus", 44.66022300801557
"http://en.wikipedia.org/wiki/Buonamico_Buffalmacco", 44.66022300801557
"http://en.wikipedia.org/wiki/The_Torment_of_Saint_Anthony_(Michelangelo)", 44.63721768891425
"http://en.wikipedia.org/wiki/San_Pietro_Polyptych", 44.635604227465755
"http://en.wikipedia.org/wiki/Prestezza", 44.617717789469474
"http://en.wikipedia.org/wiki/List_of_Desert_Island_Discs_episodes_(1981%E2%80%931990)", 44.35327625727437
"http://en.wikipedia.org/wiki/San_Pancrazio,_Florence", 44.17261042993862
"http://en.wikipedia.org/wiki/Mariotto_di_Nardo", 44.058784261350596
"http://en.wikipedia.org/wiki/Bartolomeo_Bulgarini", 44.04419042714389
"http://en.wikipedia.org/wiki/Medici_porcelain", 44.04419042714389
"http://en.wikipedia.org/wiki/Antonio_Maria_Ciocchi_del_Monte", 44.04419042714389
"http://en.wikipedia.org/wiki/Piazza_della_Rotonda", 44.04419042714389
"http://en.wikipedia.org/wiki/List_of_squares_in_Florence", 44.04419042714389
"http://en.wikipedia.org/wiki/Annunciation_(church_of_San_Salvador)", 44.03593416857259
"http://en.wikipedia.org/wiki/Rucellai_Madonna", 43.92976851069794
"http://en.wikipedia.org/wiki/The_Ecstasy_of_St._Cecilia_(Raphael)", 43.73292016331551
"http://en.wikipedia.org/wiki/War_of_the_Eight_Saints", 43.73292016331551
"http://en.wikipedia.org/wiki/Monte_San_Savino", 43.68882801067177
"http://en.wikipedia.org/wiki/Tuscan_order", 43.578776856227464
"http://en.wikipedia.org/wiki/Prospero_Spani", 43.5285750066007
"http://en.wikipedia.org/wiki/Saint_Barbara_Tondo", 43.43722427630693
"http://en.wikipedia.org/wiki/Crucifix_(Michelangelo)", 43.41941848573452
"http://en.wikipedia.org/wiki/Castel_Sant%27Angelo", 43.41941848573452
"http://en.wikipedia.org/wiki/1568_in_literature", 43.30127018922194
"http://en.wikipedia.org/wiki/Andr%C3%A9_Chastel", 43.13310928137536
"http://en.wikipedia.org/wiki/Madonna_del_Parto", 43.123649228781844
"http://en.wikipedia.org/wiki/Bonfire_of_the_Vanities", 43.103636705825174
"http://en.wikipedia.org/wiki/Gravina_in_Puglia", 43.103636705825174
"http://en.wikipedia.org/wiki/Mary_Solari", 42.835293687811934
"http://en.wikipedia.org/wiki/San_Pietro,_Perugia", 42.81744192888376
"http://en.wikipedia.org/wiki/Artists_in_biographies_by_Giovanni_Baglione", 42.78552433821718
"http://en.wikipedia.org/wiki/Louis_A._Waldman", 42.78552433821718
"http://en.wikipedia.org/wiki/Fucecchio", 42.76994613841507
"http://en.wikipedia.org/wiki/1568_in_art", 42.68144124038678
"http://en.wikipedia.org/wiki/List_of_Penguin_Classics", 42.465029006520055
"http://en.wikipedia.org/wiki/June_27", 42.465029006520055
"http://en.wikipedia.org/wiki/New_exit_for_the_Uffizi_Gallery", 42.142096342647754
"http://en.wikipedia.org/wiki/Joanna_of_Austria,_Grand_Duchess_of_Tuscany", 42.142096342647754
"http://en.wikipedia.org/wiki/Armando_Pizzinato", 42.142096342647754
"http://en.wikipedia.org/wiki/1560_in_art", 41.87546420482606
"http://en.wikipedia.org/wiki/Antonio_del_Pollaiolo", 41.81666987914534
"http://en.wikipedia.org/wiki/July_30", 41.48869093391398
"http://en.wikipedia.org/wiki/1550_in_art", 41.4578098794425
"http://en.wikipedia.org/wiki/1574_in_art", 41.181384541422815
"http://en.wikipedia.org/wiki/1574_in_literature", 41.181384541422815
"http://en.wikipedia.org/wiki/Accademia_delle_Arti_del_Disegno", 41.15809848666786
"http://en.wikipedia.org/wiki/Architecture_of_Florence", 41.15809848666786
"http://en.wikipedia.org/wiki/Annunziata_Polyptych", 40.961596025952026
"http://en.wikipedia.org/wiki/Edwin_Blashfield", 40.75956149218419
"http://en.wikipedia.org/wiki/An_Old_Man_and_his_Grandson", 40.75956149218419
"http://en.wikipedia.org/wiki/Martyrdom_of_Saint_Sebastian_(Piero_del_Pollaiolo)", 40.536310738187694
"http://en.wikipedia.org/wiki/Carino_of_Balsamo", 40.40610178208842
"http://en.wikipedia.org/wiki/1565_in_art", 40.29803498846593
"http://en.wikipedia.org/wiki/List_of_works_in_the_Galleria_Nazionale_di_Capodimonte", 40.14999200402781
"http://en.wikipedia.org/wiki/Teutsche_Academie", 40.14999200402781
"http://en.wikipedia.org/wiki/Mus%C3%A9e_des_beaux-arts_de_Marseille", 39.80828373029805
"http://en.wikipedia.org/wiki/List_of_pseudonyms", 39.80828373029805
"http://en.wikipedia.org/wiki/1550_in_literature", 39.73597071195132
"http://en.wikipedia.org/wiki/Index_of_philosophy_articles_(D%E2%80%93H)", 39.46361677774007
"http://en.wikipedia.org/wiki/List_of_architects", 39.11591293589788
"http://en.wikipedia.org/wiki/San_Giovanni_Elemosinario", 38.982147749158905
"http://en.wikipedia.org/wiki/La_reine_Fiammette", 38.490017945975055
"http://en.wikipedia.org/wiki/1529", 38.41106397986879
"http://en.wikipedia.org/wiki/Santo_Stefano_dei_Cavalieri_(Pisa)", 38.05374399049309
"http://en.wikipedia.org/wiki/1511", 36.96106354772864
"http://en.wikipedia.org/wiki/Beatrice_of_Bar", 36.73817158669907
"http://en.wikipedia.org/wiki/List_of_Renaissance_structures", 34.49218188129704
"http://en.wikipedia.org/wiki/Albin_Schram", 34.276280252940836
"http://en.wikipedia.org/wiki/1574", 34.08039154438659
"http://en.wikipedia.org/wiki/Mus%C3%A9e_des_Beaux-Arts_de_Bordeaux", 33.55335772422093
"http://en.wikipedia.org/wiki/Giorgio_(name)", 32.64312746186865
"http://en.wikipedia.org/wiki/Vittorio_Sgarbi", 31.79510908533943
"http://en.wikipedia.org/wiki/Cardinals_created_by_Clement_VII", 30.57522187384028
"http://en.wikipedia.org/wiki/L%C3%A1szl%C3%B3_Kutas", 29.568850838182907
"http://en.wikipedia.org/wiki/List_of_Italian_painters", 28.14870737309187
"http://en.wikipedia.org/wiki/Archdiocese_of_Esztergom", 28.14870737309187
"http://en.wikipedia.org/wiki/Index_of_modern_philosophy_articles", 27.16072381275556
"http://en.wikipedia.org/wiki/List_of_Italian_architects", 27.06444302831893
"http://en.wikipedia.org/wiki/List_of_Partito_d%27Azione_politicians", 27.050089040022975
"http://en.wikipedia.org/wiki/List_of_Mannerist_painters", 26.568446566202862
"http://en.wikipedia.org/wiki/1998%E2%80%9399_U.C._Sampdoria_season", 25.78254999787771
"http://en.wikipedia.org/wiki/List_of_U.S._Citt%C3%A0_di_Palermo_seasons", 24.517195928059625
